email,password_hash,full_name,role,is_active,institution_id,created_at,updated_at,batch,branch
aarav.acharya@dgvaishnav.edu.in,"$argon2id$v=19$m=19456,t=2,p=1$eArnrLW1/rRzVwcR87bxEw$2A/rMWXO2MalZdh5hd4gbWYexoYip6qPZDyC0jg96MM",Aarav Acharya,faculty,t,1,2026-09-07 02:00:06.879652+00,2026-09-07 02:00:06.879652+00,,B.Sc. Biochem
aanya.adiga@dgvaishnav.edu.in,"$argon2id$v=19$m=19456,t=2,p=1$eArnrLW1/rRzVwcR87bxEw$2A/rMWXO2MalZdh5hd4gbWYexoYip6qPZDyC0jg96MM",Aanya Adiga,faculty,t,1,2026-09-07 02:00:06.879652+00,2026-09-07 02:00:06.879652+00,,M.Sc. Maths
aarush.agarwal@dgvaishnav.edu.in,"$argon2id$v=19$m=19456,t=2,p=1$eArnrLW1/rRzVwcR87bxEw$2A/rMWXO2MalZdh5hd4gbWYexoYip6qPZDyC0jg96MM",Aarush Agarwal,faculty,t,1,2026-09-07 02:00:06.879652+00,2026-09-07 02:00:06.879652+00,,B.E. CSE
aayush.agnihotri@dgvaishnav.edu.in,"$argon2id$v=19$m=19456,t=2,p=1$eArnrLW1/rRzVwcR87bxEw$2A/rMWXO2MalZdh5hd4gbWYexoYip6qPZDyC0jg96MM",Aayush Agnihotri,faculty,t,1,2026-09-07 02:00:06.879652+00,2026-09-07 02:00:06.879652+00,,M.Tech. DS
advait.ahluwalia@dgvaishnav.edu.in,"$argon2id$v=19$m=19456,t=2,p=1$eArnrLW1/rRzVwcR87bxEw$2A/rMWXO2MalZdh5hd4gbWYexoYip6qPZDyC0jg96MM",Advait Ahluwalia,faculty,t,1,2026-09-07 02:00:06.879652+00,2026-09-07 02:00:06.879652+00,,BBA
aditi.ahuja@dgvaishnav.edu.in,"$argon2id$v=19$m=19456,t=2,p=1$eArnrLW1/rRzVwcR87bxEw$2A/rMWXO2MalZdh5hd4gbWYexoYip6qPZDyC0jg96MM",Aditi Ahuja,student,t,1,2026-09-07 02:00:06.879652+00,2026-09-07 02:00:06.879652+00,2026,B.Sc. Biochem
agastya.aiyer@dgvaishnav.edu.in,"$argon2id$v=19$m=19456,t=2,p=1$eArnrLW1/rRzVwcR87bxEw$2A/rMWXO2MalZdh5hd4gbWYexoYip6qPZDyC0jg96MM",Agastya Aiyer,student,t,1,2026-09-07 02:00:06.879652+00,2026-09-07 02:00:06.879652+00,2026,B.Sc. Biochem
aahana.akula@dgvaishnav.edu.in,"$argon2id$v=19$m=19456,t=2,p=1$eArnrLW1/rRzVwcR87bxEw$2A/rMWXO2MalZdh5hd4gbWYexoYip6qPZDyC0jg96MM",Aahana Akula,student,t,1,2026-09-07 02:00:06.879652+00,2026-09-07 02:00:06.879652+00,2026,B.Sc. Biochem
akash.alam@dgvaishnav.edu.in,"$argon2id$v=19$m=19456,t=2,p=1$eArnrLW1/rRzVwcR87bxEw$2A/rMWXO2MalZdh5hd4gbWYexoYip6qPZDyC0jg96MM",Akash Alam,student,t,1,2026-09-07 02:00:06.879652+00,2026-09-07 02:00:06.879652+00,2026,B.Sc. Biochem
akshara.alva@dgvaishnav.edu.in,"$argon2id$v=19$m=19456,t=2,p=1$eArnrLW1/rRzVwcR87bxEw$2A/rMWXO2MalZdh5hd4gbWYexoYip6qPZDyC0jg96MM",Akshara Alva,student,t,1,2026-09-07 02:00:06.879652+00,2026-09-07 02:00:06.879652+00,2026,B.Sc. Biochem
alok.ambani@dgvaishnav.edu.in,"$argon2id$v=19$m=19456,t=2,p=1$eArnrLW1/rRzVwcR87bxEw$2A/rMWXO2MalZdh5hd4gbWYexoYip6qPZDyC0jg96MM",Alok Ambani,student,t,1,2026-09-07 02:00:06.879652+00,2026-09-07 02:00:06.879652+00,2026,B.Sc. Biochem
amara.ambekar@dgvaishnav.edu.in,"$argon2id$v=19$m=19456,t=2,p=1$eArnrLW1/rRzVwcR87bxEw$2A/rMWXO2MalZdh5hd4gbWYexoYip6qPZDyC0jg96MM",Amara Ambekar,student,t,1,2026-09-07 02:00:06.879652+00,2026-09-07 02:00:06.879652+00,2026,B.Sc. Biochem
amit.amin@dgvaishnav.edu.in,"$argon2id$v=19$m=19456,t=2,p=1$eArnrLW1/rRzVwcR87bxEw$2A/rMWXO2MalZdh5hd4gbWYexoYip6qPZDyC0jg96MM",Amit Amin,student,t,1,2026-09-07 02:00:06.879652+00,2026-09-07 02:00:06.879652+00,2026,B.Sc. Biochem
amrita.anand@dgvaishnav.edu.in,"$argon2id$v=19$m=19456,t=2,p=1$eArnrLW1/rRzVwcR87bxEw$2A/rMWXO2MalZdh5hd4gbWYexoYip6qPZDyC0jg96MM",Amrita Anand,student,t,1,2026-09-07 02:00:06.879652+00,2026-09-07 02:00:06.879652+00,2026,B.Sc. Biochem
anand.ananthan@dgvaishnav.edu.in,"$argon2id$v=19$m=19456,t=2,p=1$eArnrLW1/rRzVwcR87bxEw$2A/rMWXO2MalZdh5hd4gbWYexoYip6qPZDyC0jg96MM",Anand Ananthan,student,t,1,2026-09-07 02:00:06.879652+00,2026-09-07 02:00:06.879652+00,2026,B.Sc. Biochem
ananya.anantharaman@dgvaishnav.edu.in,"$argon2id$v=19$m=19456,t=2,p=1$eArnrLW1/rRzVwcR87bxEw$2A/rMWXO2MalZdh5hd4gbWYexoYip6qPZDyC0jg96MM",Ananya Anantharaman,student,t,1,2026-09-07 02:00:06.879652+00,2026-09-07 02:00:06.879652+00,2027,B.Sc. Biochem
aniket.ande@dgvaishnav.edu.in,"$argon2id$v=19$m=19456,t=2,p=1$eArnrLW1/rRzVwcR87bxEw$2A/rMWXO2MalZdh5hd4gbWYexoYip6qPZDyC0jg96MM",Aniket Ande,student,t,1,2026-09-07 02:00:06.879652+00,2026-09-07 02:00:06.879652+00,2027,B.Sc. Biochem
anika.anthony@dgvaishnav.edu.in,"$argon2id$v=19$m=19456,t=2,p=1$eArnrLW1/rRzVwcR87bxEw$2A/rMWXO2MalZdh5hd4gbWYexoYip6qPZDyC0jg96MM",Anika Anthony,student,t,1,2026-09-07 02:00:06.879652+00,2026-09-07 02:00:06.879652+00,2027,B.Sc. Biochem
aniruddh.apte@dgvaishnav.edu.in,"$argon2id$v=19$m=19456,t=2,p=1$eArnrLW1/rRzVwcR87bxEw$2A/rMWXO2MalZdh5hd4gbWYexoYip6qPZDyC0jg96MM",Aniruddh Apte,student,t,1,2026-09-07 02:00:06.879652+00,2026-09-07 02:00:06.879652+00,2027,B.Sc. Biochem
anita.arcot@dgvaishnav.edu.in,"$argon2id$v=19$m=19456,t=2,p=1$eArnrLW1/rRzVwcR87bxEw$2A/rMWXO2MalZdh5hd4gbWYexoYip6qPZDyC0jg96MM",Anita Arcot,student,t,1,2026-09-07 02:00:06.879652+00,2026-09-07 02:00:06.879652+00,2027,B.Sc. Biochem
ankush.arora@dgvaishnav.edu.in,"$argon2id$v=19$m=19456,t=2,p=1$eArnrLW1/rRzVwcR87bxEw$2A/rMWXO2MalZdh5hd4gbWYexoYip6qPZDyC0jg96MM",Ankush Arora,student,t,1,2026-09-07 02:00:06.879652+00,2026-09-07 02:00:06.879652+00,2027,B.Sc. Biochem
anoushka.arumugam@dgvaishnav.edu.in,"$argon2id$v=19$m=19456,t=2,p=1$eArnrLW1/rRzVwcR87bxEw$2A/rMWXO2MalZdh5hd4gbWYexoYip6qPZDyC0jg96MM",Anoushka Arumugam,student,t,1,2026-09-07 02:00:06.879652+00,2026-09-07 02:00:06.879652+00,2027,B.Sc. Biochem
ansh.arya@dgvaishnav.edu.in,"$argon2id$v=19$m=19456,t=2,p=1$eArnrLW1/rRzVwcR87bxEw$2A/rMWXO2MalZdh5hd4gbWYexoYip6qPZDyC0jg96MM",Ansh Arya,student,t,1,2026-09-07 02:00:06.879652+00,2026-09-07 02:00:06.879652+00,2027,B.Sc. Biochem
anushka.asrani@dgvaishnav.edu.in,"$argon2id$v=19$m=19456,t=2,p=1$eArnrLW1/rRzVwcR87bxEw$2A/rMWXO2MalZdh5hd4gbWYexoYip6qPZDyC0jg96MM",Anushka Asrani,student,t,1,2026-09-07 02:00:06.879652+00,2026-09-07 02:00:06.879652+00,2027,B.Sc. Biochem
apparao.athawale@dgvaishnav.edu.in,"$argon2id$v=19$m=19456,t=2,p=1$eArnrLW1/rRzVwcR87bxEw$2A/rMWXO2MalZdh5hd4gbWYexoYip6qPZDyC0jg96MM",Apparao Athawale,student,t,1,2026-09-07 02:00:06.879652+00,2026-09-07 02:00:06.879652+00,2027,B.Sc. Biochem
apoorva.avasthi@dgvaishnav.edu.in,"$argon2id$v=19$m=19456,t=2,p=1$eArnrLW1/rRzVwcR87bxEw$2A/rMWXO2MalZdh5hd4gbWYexoYip6qPZDyC0jg96MM",Apoorva Avasthi,student,t,1,2026-09-07 02:00:06.879652+00,2026-09-07 02:00:06.879652+00,2028,B.Sc. Biochem
arindam.ayyangar@dgvaishnav.edu.in,"$argon2id$v=19$m=19456,t=2,p=1$eArnrLW1/rRzVwcR87bxEw$2A/rMWXO2MalZdh5hd4gbWYexoYip6qPZDyC0jg96MM",Arindam Ayyangar,student,t,1,2026-09-07 02:00:06.879652+00,2026-09-07 02:00:06.879652+00,2028,B.Sc. Biochem
archana.ayyar@dgvaishnav.edu.in,"$argon2id$v=19$m=19456,t=2,p=1$eArnrLW1/rRzVwcR87bxEw$2A/rMWXO2MalZdh5hd4gbWYexoYip6qPZDyC0jg96MM",Archana Ayyar,student,t,1,2026-09-07 02:00:06.879652+00,2026-09-07 02:00:06.879652+00,2028,B.Sc. Biochem
arjun.babbar@dgvaishnav.edu.in,"$argon2id$v=19$m=19456,t=2,p=1$eArnrLW1/rRzVwcR87bxEw$2A/rMWXO2MalZdh5hd4gbWYexoYip6qPZDyC0jg96MM",Arjun Babbar,student,t,1,2026-09-07 02:00:06.879652+00,2026-09-07 02:00:06.879652+00,2028,B.Sc. Biochem
arpita.bachchan@dgvaishnav.edu.in,"$argon2id$v=19$m=19456,t=2,p=1$eArnrLW1/rRzVwcR87bxEw$2A/rMWXO2MalZdh5hd4gbWYexoYip6qPZDyC0jg96MM",Arpita Bachchan,student,t,1,2026-09-07 02:00:06.879652+00,2026-09-07 02:00:06.879652+00,2028,B.Sc. Biochem
arnav.badami@dgvaishnav.edu.in,"$argon2id$v=19$m=19456,t=2,p=1$eArnrLW1/rRzVwcR87bxEw$2A/rMWXO2MalZdh5hd4gbWYexoYip6qPZDyC0jg96MM",Arnav Badami,student,t,1,2026-09-07 02:00:06.879652+00,2026-09-07 02:00:06.879652+00,2028,B.Sc. Biochem
arya.bagchi@dgvaishnav.edu.in,"$argon2id$v=19$m=19456,t=2,p=1$eArnrLW1/rRzVwcR87bxEw$2A/rMWXO2MalZdh5hd4gbWYexoYip6qPZDyC0jg96MM",Arya Bagchi,student,t,1,2026-09-07 02:00:06.879652+00,2026-09-07 02:00:06.879652+00,2028,B.Sc. Biochem
aryaman.bahadur@dgvaishnav.edu.in,"$argon2id$v=19$m=19456,t=2,p=1$eArnrLW1/rRzVwcR87bxEw$2A/rMWXO2MalZdh5hd4gbWYexoYip6qPZDyC0jg96MM",Aryaman Bahadur,student,t,1,2026-09-07 02:00:06.879652+00,2026-09-07 02:00:06.879652+00,2028,B.Sc. Biochem
ashwini.bahl@dgvaishnav.edu.in,"$argon2id$v=19$m=19456,t=2,p=1$eArnrLW1/rRzVwcR87bxEw$2A/rMWXO2MalZdh5hd4gbWYexoYip6qPZDyC0jg96MM",Ashwini Bahl,student,t,1,2026-09-07 02:00:06.879652+00,2026-09-07 02:00:06.879652+00,2028,B.Sc. Biochem
ashok.bajaj@dgvaishnav.edu.in,"$argon2id$v=19$m=19456,t=2,p=1$eArnrLW1/rRzVwcR87bxEw$2A/rMWXO2MalZdh5hd4gbWYexoYip6qPZDyC0jg96MM",Ashok Bajaj,student,t,1,2026-09-07 02:00:06.879652+00,2026-09-07 02:00:06.879652+00,2028,B.Sc. Biochem
avani.bajpai@dgvaishnav.edu.in,"$argon2id$v=19$m=19456,t=2,p=1$eArnrLW1/rRzVwcR87bxEw$2A/rMWXO2MalZdh5hd4gbWYexoYip6qPZDyC0jg96MM",Avani Bajpai,student,t,1,2026-09-07 02:00:06.879652+00,2026-09-07 02:00:06.879652+00,2026,M.Sc. Maths
avinash.bakshi@dgvaishnav.edu.in,"$argon2id$v=19$m=19456,t=2,p=1$eArnrLW1/rRzVwcR87bxEw$2A/rMWXO2MalZdh5hd4gbWYexoYip6qPZDyC0jg96MM",Avinash Bakshi,student,t,1,2026-09-07 02:00:06.879652+00,2026-09-07 02:00:06.879652+00,2026,M.Sc. Maths
avantika.balakrishnan@dgvaishnav.edu.in,"$argon2id$v=19$m=19456,t=2,p=1$eArnrLW1/rRzVwcR87bxEw$2A/rMWXO2MalZdh5hd4gbWYexoYip6qPZDyC0jg96MM",Avantika Balakrishnan,student,t,1,2026-09-07 02:00:06.879652+00,2026-09-07 02:00:06.879652+00,2026,M.Sc. Maths
ayush.balamurugan@dgvaishnav.edu.in,"$argon2id$v=19$m=19456,t=2,p=1$eArnrLW1/rRzVwcR87bxEw$2A/rMWXO2MalZdh5hd4gbWYexoYip6qPZDyC0jg96MM",Ayush Balamurugan,student,t,1,2026-09-07 02:00:06.879652+00,2026-09-07 02:00:06.879652+00,2026,M.Sc. Maths
bala.balasubramanian@dgvaishnav.edu.in,"$argon2id$v=19$m=19456,t=2,p=1$eArnrLW1/rRzVwcR87bxEw$2A/rMWXO2MalZdh5hd4gbWYexoYip6qPZDyC0jg96MM",Bala Balasubramanian,student,t,1,2026-09-07 02:00:06.879652+00,2026-09-07 02:00:06.879652+00,2026,M.Sc. Maths
balaji.baliga@dgvaishnav.edu.in,"$argon2id$v=19$m=19456,t=2,p=1$eArnrLW1/rRzVwcR87bxEw$2A/rMWXO2MalZdh5hd4gbWYexoYip6qPZDyC0jg96MM",Balaji Baliga,student,t,1,2026-09-07 02:00:06.879652+00,2026-09-07 02:00:06.879652+00,2026,M.Sc. Maths
bhavana.bandopadhyay@dgvaishnav.edu.in,"$argon2id$v=19$m=19456,t=2,p=1$eArnrLW1/rRzVwcR87bxEw$2A/rMWXO2MalZdh5hd4gbWYexoYip6qPZDyC0jg96MM",Bhavana Bandopadhyay,student,t,1,2026-09-07 02:00:06.879652+00,2026-09-07 02:00:06.879652+00,2026,M.Sc. Maths
bharat.banerjee@dgvaishnav.edu.in,"$argon2id$v=19$m=19456,t=2,p=1$eArnrLW1/rRzVwcR87bxEw$2A/rMWXO2MalZdh5hd4gbWYexoYip6qPZDyC0jg96MM",Bharat Banerjee,student,t,1,2026-09-07 02:00:06.879652+00,2026-09-07 02:00:06.879652+00,2026,M.Sc. Maths
bhumika.bangera@dgvaishnav.edu.in,"$argon2id$v=19$m=19456,t=2,p=1$eArnrLW1/rRzVwcR87bxEw$2A/rMWXO2MalZdh5hd4gbWYexoYip6qPZDyC0jg96MM",Bhumika Bangera,student,t,1,2026-09-07 02:00:06.879652+00,2026-09-07 02:00:06.879652+00,2026,M.Sc. Maths
bhavesh.bansal@dgvaishnav.edu.in,"$argon2id$v=19$m=19456,t=2,p=1$eArnrLW1/rRzVwcR87bxEw$2A/rMWXO2MalZdh5hd4gbWYexoYip6qPZDyC0jg96MM",Bhavesh Bansal,student,t,1,2026-09-07 02:00:06.879652+00,2026-09-07 02:00:06.879652+00,2026,M.Sc. Maths
brinda.bapat@dgvaishnav.edu.in,"$argon2id$v=19$m=19456,t=2,p=1$eArnrLW1/rRzVwcR87bxEw$2A/rMWXO2MalZdh5hd4gbWYexoYip6qPZDyC0jg96MM",Brinda Bapat,student,t,1,2026-09-07 02:00:06.879652+00,2026-09-07 02:00:06.879652+00,2027,M.Sc. Maths
bhuvan.baradkar@dgvaishnav.edu.in,"$argon2id$v=19$m=19456,t=2,p=1$eArnrLW1/rRzVwcR87bxEw$2A/rMWXO2MalZdh5hd4gbWYexoYip6qPZDyC0jg96MM",Bhuvan Baradkar,student,t,1,2026-09-07 02:00:06.879652+00,2026-09-07 02:00:06.879652+00,2027,M.Sc. Maths
chaitali.baral@dgvaishnav.edu.in,"$argon2id$v=19$m=19456,t=2,p=1$eArnrLW1/rRzVwcR87bxEw$2A/rMWXO2MalZdh5hd4gbWYexoYip6qPZDyC0jg96MM",Chaitali Baral,student,t,1,2026-09-07 02:00:06.879652+00,2026-09-07 02:00:06.879652+00,2027,M.Sc. Maths
chetan.bardhan@dgvaishnav.edu.in,"$argon2id$v=19$m=19456,t=2,p=1$eArnrLW1/rRzVwcR87bxEw$2A/rMWXO2MalZdh5hd4gbWYexoYip6qPZDyC0jg96MM",Chetan Bardhan,student,t,1,2026-09-07 02:00:06.879652+00,2026-09-07 02:00:06.879652+00,2027,M.Sc. Maths
charu.barman@dgvaishnav.edu.in,"$argon2id$v=19$m=19456,t=2,p=1$eArnrLW1/rRzVwcR87bxEw$2A/rMWXO2MalZdh5hd4gbWYexoYip6qPZDyC0jg96MM",Charu Barman,student,t,1,2026-09-07 02:00:06.879652+00,2026-09-07 02:00:06.879652+00,2027,M.Sc. Maths
chaitanya.barot@dgvaishnav.edu.in,"$argon2id$v=19$m=19456,t=2,p=1$eArnrLW1/rRzVwcR87bxEw$2A/rMWXO2MalZdh5hd4gbWYexoYip6qPZDyC0jg96MM",Chaitanya Barot,student,t,1,2026-09-07 02:00:06.879652+00,2026-09-07 02:00:06.879652+00,2027,M.Sc. Maths
chhavi.basak@dgvaishnav.edu.in,"$argon2id$v=19$m=19456,t=2,p=1$eArnrLW1/rRzVwcR87bxEw$2A/rMWXO2MalZdh5hd4gbWYexoYip6qPZDyC0jg96MM",Chhavi Basak,student,t,1,2026-09-07 02:00:06.879652+00,2026-09-07 02:00:06.879652+00,2027,M.Sc. Maths
chirag.basu@dgvaishnav.edu.in,"$argon2id$v=19$m=19456,t=2,p=1$eArnrLW1/rRzVwcR87bxEw$2A/rMWXO2MalZdh5hd4gbWYexoYip6qPZDyC0jg96MM",Chirag Basu,student,t,1,2026-09-07 02:00:06.879652+00,2026-09-07 02:00:06.879652+00,2027,M.Sc. Maths
damini.batra@dgvaishnav.edu.in,"$argon2id$v=19$m=19456,t=2,p=1$eArnrLW1/rRzVwcR87bxEw$2A/rMWXO2MalZdh5hd4gbWYexoYip6qPZDyC0jg96MM",Damini Batra,student,t,1,2026-09-07 02:00:06.879652+00,2026-09-07 02:00:06.879652+00,2027,M.Sc. Maths
darshan.bawa@dgvaishnav.edu.in,"$argon2id$v=19$m=19456,t=2,p=1$eArnrLW1/rRzVwcR87bxEw$2A/rMWXO2MalZdh5hd4gbWYexoYip6qPZDyC0jg96MM",Darshan Bawa,student,t,1,2026-09-07 02:00:06.879652+00,2026-09-07 02:00:06.879652+00,2027,M.Sc. Maths
deepa.bedi@dgvaishnav.edu.in,"$argon2id$v=19$m=19456,t=2,p=1$eArnrLW1/rRzVwcR87bxEw$2A/rMWXO2MalZdh5hd4gbWYexoYip6qPZDyC0jg96MM",Deepa Bedi,student,t,1,2026-09-07 02:00:06.879652+00,2026-09-07 02:00:06.879652+00,2028,M.Sc. Maths
debashis.behl@dgvaishnav.edu.in,"$argon2id$v=19$m=19456,t=2,p=1$eArnrLW1/rRzVwcR87bxEw$2A/rMWXO2MalZdh5hd4gbWYexoYip6qPZDyC0jg96MM",Debashis Behl,student,t,1,2026-09-07 02:00:06.879652+00,2026-09-07 02:00:06.879652+00,2028,M.Sc. Maths
deepika.behera@dgvaishnav.edu.in,"$argon2id$v=19$m=19456,t=2,p=1$eArnrLW1/rRzVwcR87bxEw$2A/rMWXO2MalZdh5hd4gbWYexoYip6qPZDyC0jg96MM",Deepika Behera,student,t,1,2026-09-07 02:00:06.879652+00,2026-09-07 02:00:06.879652+00,2028,M.Sc. Maths
deepak.belavadi@dgvaishnav.edu.in,"$argon2id$v=19$m=19456,t=2,p=1$eArnrLW1/rRzVwcR87bxEw$2A/rMWXO2MalZdh5hd4gbWYexoYip6qPZDyC0jg96MM",Deepak Belavadi,student,t,1,2026-09-07 02:00:06.879652+00,2026-09-07 02:00:06.879652+00,2028,M.Sc. Maths
deepti.bendre@dgvaishnav.edu.in,"$argon2id$v=19$m=19456,t=2,p=1$eArnrLW1/rRzVwcR87bxEw$2A/rMWXO2MalZdh5hd4gbWYexoYip6qPZDyC0jg96MM",Deepti Bendre,student,t,1,2026-09-07 02:00:06.879652+00,2026-09-07 02:00:06.879652+00,2028,M.Sc. Maths
dev.benegal@dgvaishnav.edu.in,"$argon2id$v=19$m=19456,t=2,p=1$eArnrLW1/rRzVwcR87bxEw$2A/rMWXO2MalZdh5hd4gbWYexoYip6qPZDyC0jg96MM",Dev Benegal,student,t,1,2026-09-07 02:00:06.879652+00,2026-09-07 02:00:06.879652+00,2028,M.Sc. Maths
devangi.bhaduri@dgvaishnav.edu.in,"$argon2id$v=19$m=19456,t=2,p=1$eArnrLW1/rRzVwcR87bxEw$2A/rMWXO2MalZdh5hd4gbWYexoYip6qPZDyC0jg96MM",Devangi Bhaduri,student,t,1,2026-09-07 02:00:06.879652+00,2026-09-07 02:00:06.879652+00,2028,M.Sc. Maths
devendra.bhagat@dgvaishnav.edu.in,"$argon2id$v=19$m=19456,t=2,p=1$eArnrLW1/rRzVwcR87bxEw$2A/rMWXO2MalZdh5hd4gbWYexoYip6qPZDyC0jg96MM",Devendra Bhagat,student,t,1,2026-09-07 02:00:06.879652+00,2026-09-07 02:00:06.879652+00,2028,M.Sc. Maths
devina.bhagwat@dgvaishnav.edu.in,"$argon2id$v=19$m=19456,t=2,p=1$eArnrLW1/rRzVwcR87bxEw$2A/rMWXO2MalZdh5hd4gbWYexoYip6qPZDyC0jg96MM",Devina Bhagwat,student,t,1,2026-09-07 02:00:06.879652+00,2026-09-07 02:00:06.879652+00,2028,M.Sc. Maths
dhanush.bhalerao@dgvaishnav.edu.in,"$argon2id$v=19$m=19456,t=2,p=1$eArnrLW1/rRzVwcR87bxEw$2A/rMWXO2MalZdh5hd4gbWYexoYip6qPZDyC0jg96MM",Dhanush Bhalerao,student,t,1,2026-09-07 02:00:06.879652+00,2026-09-07 02:00:06.879652+00,2028,M.Sc. Maths
dhriti.bhalla@dgvaishnav.edu.in,"$argon2id$v=19$m=19456,t=2,p=1$eArnrLW1/rRzVwcR87bxEw$2A/rMWXO2MalZdh5hd4gbWYexoYip6qPZDyC0jg96MM",Dhriti Bhalla,student,t,1,2026-09-07 02:00:06.879652+00,2026-09-07 02:00:06.879652+00,2026,B.E. CSE
dhruv.bhandari@dgvaishnav.edu.in,"$argon2id$v=19$m=19456,t=2,p=1$eArnrLW1/rRzVwcR87bxEw$2A/rMWXO2MalZdh5hd4gbWYexoYip6qPZDyC0jg96MM",Dhruv Bhandari,student,t,1,2026-09-07 02:00:06.879652+00,2026-09-07 02:00:06.879652+00,2026,B.E. CSE
disha.bhanot@dgvaishnav.edu.in,"$argon2id$v=19$m=19456,t=2,p=1$eArnrLW1/rRzVwcR87bxEw$2A/rMWXO2MalZdh5hd4gbWYexoYip6qPZDyC0jg96MM",Disha Bhanot,student,t,1,2026-09-07 02:00:06.879652+00,2026-09-07 02:00:06.879652+00,2026,B.E. CSE
dilip.bharadwaj@dgvaishnav.edu.in,"$argon2id$v=19$m=19456,t=2,p=1$eArnrLW1/rRzVwcR87bxEw$2A/rMWXO2MalZdh5hd4gbWYexoYip6qPZDyC0jg96MM",Dilip Bharadwaj,student,t,1,2026-09-07 02:00:06.879652+00,2026-09-07 02:00:06.879652+00,2026,B.E. CSE
divya.bhargava@dgvaishnav.edu.in,"$argon2id$v=19$m=19456,t=2,p=1$eArnrLW1/rRzVwcR87bxEw$2A/rMWXO2MalZdh5hd4gbWYexoYip6qPZDyC0jg96MM",Divya Bhargava,student,t,1,2026-09-07 02:00:06.879652+00,2026-09-07 02:00:06.879652+00,2026,B.E. CSE
divyansh.bhasin@dgvaishnav.edu.in,"$argon2id$v=19$m=19456,t=2,p=1$eArnrLW1/rRzVwcR87bxEw$2A/rMWXO2MalZdh5hd4gbWYexoYip6qPZDyC0jg96MM",Divyansh Bhasin,student,t,1,2026-09-07 02:00:06.879652+00,2026-09-07 02:00:06.879652+00,2026,B.E. CSE
diya.bhatia@dgvaishnav.edu.in,"$argon2id$v=19$m=19456,t=2,p=1$eArnrLW1/rRzVwcR87bxEw$2A/rMWXO2MalZdh5hd4gbWYexoYip6qPZDyC0jg96MM",Diya Bhatia,student,t,1,2026-09-07 02:00:06.879652+00,2026-09-07 02:00:06.879652+00,2026,B.E. CSE
eeshan.bhatnagar@dgvaishnav.edu.in,"$argon2id$v=19$m=19456,t=2,p=1$eArnrLW1/rRzVwcR87bxEw$2A/rMWXO2MalZdh5hd4gbWYexoYip6qPZDyC0jg96MM",Eeshan Bhatnagar,student,t,1,2026-09-07 02:00:06.879652+00,2026-09-07 02:00:06.879652+00,2026,B.E. CSE
ekta.bhatt@dgvaishnav.edu.in,"$argon2id$v=19$m=19456,t=2,p=1$eArnrLW1/rRzVwcR87bxEw$2A/rMWXO2MalZdh5hd4gbWYexoYip6qPZDyC0jg96MM",Ekta Bhatt,student,t,1,2026-09-07 02:00:06.879652+00,2026-09-07 02:00:06.879652+00,2026,B.E. CSE
gajendra.bhattacharya@dgvaishnav.edu.in,"$argon2id$v=19$m=19456,t=2,p=1$eArnrLW1/rRzVwcR87bxEw$2A/rMWXO2MalZdh5hd4gbWYexoYip6qPZDyC0jg96MM",Gajendra Bhattacharya,student,t,1,2026-09-07 02:00:06.879652+00,2026-09-07 02:00:06.879652+00,2026,B.E. CSE
garima.bhavsar@dgvaishnav.edu.in,"$argon2id$v=19$m=19456,t=2,p=1$eArnrLW1/rRzVwcR87bxEw$2A/rMWXO2MalZdh5hd4gbWYexoYip6qPZDyC0jg96MM",Garima Bhavsar,student,t,1,2026-09-07 02:00:06.879652+00,2026-09-07 02:00:06.879652+00,2027,B.E. CSE
ganesh.bhende@dgvaishnav.edu.in,"$argon2id$v=19$m=19456,t=2,p=1$eArnrLW1/rRzVwcR87bxEw$2A/rMWXO2MalZdh5hd4gbWYexoYip6qPZDyC0jg96MM",Ganesh Bhende,student,t,1,2026-09-07 02:00:06.879652+00,2026-09-07 02:00:06.879652+00,2027,B.E. CSE
gauri.bhonsle@dgvaishnav.edu.in,"$argon2id$v=19$m=19456,t=2,p=1$eArnrLW1/rRzVwcR87bxEw$2A/rMWXO2MalZdh5hd4gbWYexoYip6qPZDyC0jg96MM",Gauri Bhonsle,student,t,1,2026-09-07 02:00:06.879652+00,2026-09-07 02:00:06.879652+00,2027,B.E. CSE
gautam.bhojwani@dgvaishnav.edu.in,"$argon2id$v=19$m=19456,t=2,p=1$eArnrLW1/rRzVwcR87bxEw$2A/rMWXO2MalZdh5hd4gbWYexoYip6qPZDyC0jg96MM",Gautam Bhojwani,student,t,1,2026-09-07 02:00:06.879652+00,2026-09-07 02:00:06.879652+00,2027,B.E. CSE
gayatri.bhuchar@dgvaishnav.edu.in,"$argon2id$v=19$m=19456,t=2,p=1$eArnrLW1/rRzVwcR87bxEw$2A/rMWXO2MalZdh5hd4gbWYexoYip6qPZDyC0jg96MM",Gayatri Bhuchar,student,t,1,2026-09-07 02:00:06.879652+00,2026-09-07 02:00:06.879652+00,2027,B.E. CSE
girish.bindra@dgvaishnav.edu.in,"$argon2id$v=19$m=19456,t=2,p=1$eArnrLW1/rRzVwcR87bxEw$2A/rMWXO2MalZdh5hd4gbWYexoYip6qPZDyC0jg96MM",Girish Bindra,student,t,1,2026-09-07 02:00:06.879652+00,2026-09-07 02:00:06.879652+00,2027,B.E. CSE
geeta.birje@dgvaishnav.edu.in,"$argon2id$v=19$m=19456,t=2,p=1$eArnrLW1/rRzVwcR87bxEw$2A/rMWXO2MalZdh5hd4gbWYexoYip6qPZDyC0jg96MM",Geeta Birje,student,t,1,2026-09-07 02:00:06.879652+00,2026-09-07 02:00:06.879652+00,2027,B.E. CSE
gopal.bisht@dgvaishnav.edu.in,"$argon2id$v=19$m=19456,t=2,p=1$eArnrLW1/rRzVwcR87bxEw$2A/rMWXO2MalZdh5hd4gbWYexoYip6qPZDyC0jg96MM",Gopal Bisht,student,t,1,2026-09-07 02:00:06.879652+00,2026-09-07 02:00:06.879652+00,2027,B.E. CSE
gitanjali.biswas@dgvaishnav.edu.in,"$argon2id$v=19$m=19456,t=2,p=1$eArnrLW1/rRzVwcR87bxEw$2A/rMWXO2MalZdh5hd4gbWYexoYip6qPZDyC0jg96MM",Gitanjali Biswas,student,t,1,2026-09-07 02:00:06.879652+00,2026-09-07 02:00:06.879652+00,2027,B.E. CSE
govind.bodas@dgvaishnav.edu.in,"$argon2id$v=19$m=19456,t=2,p=1$eArnrLW1/rRzVwcR87bxEw$2A/rMWXO2MalZdh5hd4gbWYexoYip6qPZDyC0jg96MM",Govind Bodas,student,t,1,2026-09-07 02:00:06.879652+00,2026-09-07 02:00:06.879652+00,2027,B.E. CSE
gunjan.bohra@dgvaishnav.edu.in,"$argon2id$v=19$m=19456,t=2,p=1$eArnrLW1/rRzVwcR87bxEw$2A/rMWXO2MalZdh5hd4gbWYexoYip6qPZDyC0jg96MM",Gunjan Bohra,student,t,1,2026-09-07 02:00:06.879652+00,2026-09-07 02:00:06.879652+00,2028,B.E. CSE
gulshan.bora@dgvaishnav.edu.in,"$argon2id$v=19$m=19456,t=2,p=1$eArnrLW1/rRzVwcR87bxEw$2A/rMWXO2MalZdh5hd4gbWYexoYip6qPZDyC0jg96MM",Gulshan Bora,student,t,1,2026-09-07 02:00:06.879652+00,2026-09-07 02:00:06.879652+00,2028,B.E. CSE
harini.bordoloi@dgvaishnav.edu.in,"$argon2id$v=19$m=19456,t=2,p=1$eArnrLW1/rRzVwcR87bxEw$2A/rMWXO2MalZdh5hd4gbWYexoYip6qPZDyC0jg96MM",Harini Bordoloi,student,t,1,2026-09-07 02:00:06.879652+00,2026-09-07 02:00:06.879652+00,2028,B.E. CSE
hardik.borkar@dgvaishnav.edu.in,"$argon2id$v=19$m=19456,t=2,p=1$eArnrLW1/rRzVwcR87bxEw$2A/rMWXO2MalZdh5hd4gbWYexoYip6qPZDyC0jg96MM",Hardik Borkar,student,t,1,2026-09-07 02:00:06.879652+00,2026-09-07 02:00:06.879652+00,2028,B.E. CSE
harshita.bose@dgvaishnav.edu.in,"$argon2id$v=19$m=19456,t=2,p=1$eArnrLW1/rRzVwcR87bxEw$2A/rMWXO2MalZdh5hd4gbWYexoYip6qPZDyC0jg96MM",Harshita Bose,student,t,1,2026-09-07 02:00:06.879652+00,2026-09-07 02:00:06.879652+00,2028,B.E. CSE
harish.brahma@dgvaishnav.edu.in,"$argon2id$v=19$m=19456,t=2,p=1$eArnrLW1/rRzVwcR87bxEw$2A/rMWXO2MalZdh5hd4gbWYexoYip6qPZDyC0jg96MM",Harish Brahma,student,t,1,2026-09-07 02:00:06.879652+00,2026-09-07 02:00:06.879652+00,2028,B.E. CSE
hema.brahmbhatt@dgvaishnav.edu.in,"$argon2id$v=19$m=19456,t=2,p=1$eArnrLW1/rRzVwcR87bxEw$2A/rMWXO2MalZdh5hd4gbWYexoYip6qPZDyC0jg96MM",Hema Brahmbhatt,student,t,1,2026-09-07 02:00:06.879652+00,2026-09-07 02:00:06.879652+00,2028,B.E. CSE
harshit.buch@dgvaishnav.edu.in,"$argon2id$v=19$m=19456,t=2,p=1$eArnrLW1/rRzVwcR87bxEw$2A/rMWXO2MalZdh5hd4gbWYexoYip6qPZDyC0jg96MM",Harshit Buch,student,t,1,2026-09-07 02:00:06.879652+00,2026-09-07 02:00:06.879652+00,2028,B.E. CSE
hemlata.budhiraja@dgvaishnav.edu.in,"$argon2id$v=19$m=19456,t=2,p=1$eArnrLW1/rRzVwcR87bxEw$2A/rMWXO2MalZdh5hd4gbWYexoYip6qPZDyC0jg96MM",Hemlata Budhiraja,student,t,1,2026-09-07 02:00:06.879652+00,2026-09-07 02:00:06.879652+00,2028,B.E. CSE
hemant.burman@dgvaishnav.edu.in,"$argon2id$v=19$m=19456,t=2,p=1$eArnrLW1/rRzVwcR87bxEw$2A/rMWXO2MalZdh5hd4gbWYexoYip6qPZDyC0jg96MM",Hemant Burman,student,t,1,2026-09-07 02:00:06.879652+00,2026-09-07 02:00:06.879652+00,2028,B.E. CSE
himani.chand@dgvaishnav.edu.in,"$argon2id$v=19$m=19456,t=2,p=1$eArnrLW1/rRzVwcR87bxEw$2A/rMWXO2MalZdh5hd4gbWYexoYip6qPZDyC0jg96MM",Himani Chand,student,t,1,2026-09-07 02:00:06.879652+00,2026-09-07 02:00:06.879652+00,2026,M.Tech. DS
himanshu.chanda@dgvaishnav.edu.in,"$argon2id$v=19$m=19456,t=2,p=1$eArnrLW1/rRzVwcR87bxEw$2A/rMWXO2MalZdh5hd4gbWYexoYip6qPZDyC0jg96MM",Himanshu Chanda,student,t,1,2026-09-07 02:00:06.879652+00,2026-09-07 02:00:06.879652+00,2026,M.Tech. DS
isha.chandavarkar@dgvaishnav.edu.in,"$argon2id$v=19$m=19456,t=2,p=1$eArnrLW1/rRzVwcR87bxEw$2A/rMWXO2MalZdh5hd4gbWYexoYip6qPZDyC0jg96MM",Isha Chandavarkar,student,t,1,2026-09-07 02:00:06.879652+00,2026-09-07 02:00:06.879652+00,2026,M.Tech. DS
hitesh.chandel@dgvaishnav.edu.in,"$argon2id$v=19$m=19456,t=2,p=1$eArnrLW1/rRzVwcR87bxEw$2A/rMWXO2MalZdh5hd4gbWYexoYip6qPZDyC0jg96MM",Hitesh Chandel,student,t,1,2026-09-07 02:00:06.879652+00,2026-09-07 02:00:06.879652+00,2026,M.Tech. DS
ishani.chandiramani@dgvaishnav.edu.in,"$argon2id$v=19$m=19456,t=2,p=1$eArnrLW1/rRzVwcR87bxEw$2A/rMWXO2MalZdh5hd4gbWYexoYip6qPZDyC0jg96MM",Ishani Chandiramani,student,t,1,2026-09-07 02:00:06.879652+00,2026-09-07 02:00:06.879652+00,2026,M.Tech. DS
hrithik.chandna@dgvaishnav.edu.in,"$argon2id$v=19$m=19456,t=2,p=1$eArnrLW1/rRzVwcR87bxEw$2A/rMWXO2MalZdh5hd4gbWYexoYip6qPZDyC0jg96MM",Hrithik Chandna,student,t,1,2026-09-07 02:00:06.879652+00,2026-09-07 02:00:06.879652+00,2026,M.Tech. DS
ishita.chandra@dgvaishnav.edu.in,"$argon2id$v=19$m=19456,t=2,p=1$eArnrLW1/rRzVwcR87bxEw$2A/rMWXO2MalZdh5hd4gbWYexoYip6qPZDyC0jg96MM",Ishita Chandra,student,t,1,2026-09-07 02:00:06.879652+00,2026-09-07 02:00:06.879652+00,2026,M.Tech. DS
inderjit.chandran@dgvaishnav.edu.in,"$argon2id$v=19$m=19456,t=2,p=1$eArnrLW1/rRzVwcR87bxEw$2A/rMWXO2MalZdh5hd4gbWYexoYip6qPZDyC0jg96MM",Inderjit Chandran,student,t,1,2026-09-07 02:00:06.879652+00,2026-09-07 02:00:06.879652+00,2026,M.Tech. DS
janhavi.chandrashekar@dgvaishnav.edu.in,"$argon2id$v=19$m=19456,t=2,p=1$eArnrLW1/rRzVwcR87bxEw$2A/rMWXO2MalZdh5hd4gbWYexoYip6qPZDyC0jg96MM",Janhavi Chandrashekar,student,t,1,2026-09-07 02:00:06.879652+00,2026-09-07 02:00:06.879652+00,2026,M.Tech. DS
jagdish.charan@dgvaishnav.edu.in,"$argon2id$v=19$m=19456,t=2,p=1$eArnrLW1/rRzVwcR87bxEw$2A/rMWXO2MalZdh5hd4gbWYexoYip6qPZDyC0jg96MM",Jagdish Charan,student,t,1,2026-09-07 02:00:06.879652+00,2026-09-07 02:00:06.879652+00,2026,M.Tech. DS
jaya.chatterjee@dgvaishnav.edu.in,"$argon2id$v=19$m=19456,t=2,p=1$eArnrLW1/rRzVwcR87bxEw$2A/rMWXO2MalZdh5hd4gbWYexoYip6qPZDyC0jg96MM",Jaya Chatterjee,student,t,1,2026-09-07 02:00:06.879652+00,2026-09-07 02:00:06.879652+00,2027,M.Tech. DS
jaideep.chattopadhyay@dgvaishnav.edu.in,"$argon2id$v=19$m=19456,t=2,p=1$eArnrLW1/rRzVwcR87bxEw$2A/rMWXO2MalZdh5hd4gbWYexoYip6qPZDyC0jg96MM",Jaideep Chattopadhyay,student,t,1,2026-09-07 02:00:06.879652+00,2026-09-07 02:00:06.879652+00,2027,M.Tech. DS
jayanti.chaturvedi@dgvaishnav.edu.in,"$argon2id$v=19$m=19456,t=2,p=1$eArnrLW1/rRzVwcR87bxEw$2A/rMWXO2MalZdh5hd4gbWYexoYip6qPZDyC0jg96MM",Jayanti Chaturvedi,student,t,1,2026-09-07 02:00:06.879652+00,2026-09-07 02:00:06.879652+00,2027,M.Tech. DS
janak.chaubey@dgvaishnav.edu.in,"$argon2id$v=19$m=19456,t=2,p=1$eArnrLW1/rRzVwcR87bxEw$2A/rMWXO2MalZdh5hd4gbWYexoYip6qPZDyC0jg96MM",Janak Chaubey,student,t,1,2026-09-07 02:00:06.879652+00,2026-09-07 02:00:06.879652+00,2027,M.Tech. DS
jayshree.chaudhari@dgvaishnav.edu.in,"$argon2id$v=19$m=19456,t=2,p=1$eArnrLW1/rRzVwcR87bxEw$2A/rMWXO2MalZdh5hd4gbWYexoYip6qPZDyC0jg96MM",Jayshree Chaudhari,student,t,1,2026-09-07 02:00:06.879652+00,2026-09-07 02:00:06.879652+00,2027,M.Tech. DS
jaspreet.chaudhary@dgvaishnav.edu.in,"$argon2id$v=19$m=19456,t=2,p=1$eArnrLW1/rRzVwcR87bxEw$2A/rMWXO2MalZdh5hd4gbWYexoYip6qPZDyC0jg96MM",Jaspreet Chaudhary,student,t,1,2026-09-07 02:00:06.879652+00,2026-09-07 02:00:06.879652+00,2027,M.Tech. DS
jeevika.chauhan@dgvaishnav.edu.in,"$argon2id$v=19$m=19456,t=2,p=1$eArnrLW1/rRzVwcR87bxEw$2A/rMWXO2MalZdh5hd4gbWYexoYip6qPZDyC0jg96MM",Jeevika Chauhan,student,t,1,2026-09-07 02:00:06.879652+00,2026-09-07 02:00:06.879652+00,2027,M.Tech. DS
jayant.chavan@dgvaishnav.edu.in,"$argon2id$v=19$m=19456,t=2,p=1$eArnrLW1/rRzVwcR87bxEw$2A/rMWXO2MalZdh5hd4gbWYexoYip6qPZDyC0jg96MM",Jayant Chavan,student,t,1,2026-09-07 02:00:06.879652+00,2026-09-07 02:00:06.879652+00,2027,M.Tech. DS
juhi.chawla@dgvaishnav.edu.in,"$argon2id$v=19$m=19456,t=2,p=1$eArnrLW1/rRzVwcR87bxEw$2A/rMWXO2MalZdh5hd4gbWYexoYip6qPZDyC0jg96MM",Juhi Chawla,student,t,1,2026-09-07 02:00:06.879652+00,2026-09-07 02:00:06.879652+00,2027,M.Tech. DS
jitendra.cheema@dgvaishnav.edu.in,"$argon2id$v=19$m=19456,t=2,p=1$eArnrLW1/rRzVwcR87bxEw$2A/rMWXO2MalZdh5hd4gbWYexoYip6qPZDyC0jg96MM",Jitendra Cheema,student,t,1,2026-09-07 02:00:06.879652+00,2026-09-07 02:00:06.879652+00,2027,M.Tech. DS
jyoti.chemburkar@dgvaishnav.edu.in,"$argon2id$v=19$m=19456,t=2,p=1$eArnrLW1/rRzVwcR87bxEw$2A/rMWXO2MalZdh5hd4gbWYexoYip6qPZDyC0jg96MM",Jyoti Chemburkar,student,t,1,2026-09-07 02:00:06.879652+00,2026-09-07 02:00:06.879652+00,2028,M.Tech. DS
kailash.cherian@dgvaishnav.edu.in,"$argon2id$v=19$m=19456,t=2,p=1$eArnrLW1/rRzVwcR87bxEw$2A/rMWXO2MalZdh5hd4gbWYexoYip6qPZDyC0jg96MM",Kailash Cherian,student,t,1,2026-09-07 02:00:06.879652+00,2026-09-07 02:00:06.879652+00,2028,M.Tech. DS
kalyani.chettiar@dgvaishnav.edu.in,"$argon2id$v=19$m=19456,t=2,p=1$eArnrLW1/rRzVwcR87bxEw$2A/rMWXO2MalZdh5hd4gbWYexoYip6qPZDyC0jg96MM",Kalyani Chettiar,student,t,1,2026-09-07 02:00:06.879652+00,2026-09-07 02:00:06.879652+00,2028,M.Tech. DS
kamal.chhabra@dgvaishnav.edu.in,"$argon2id$v=19$m=19456,t=2,p=1$eArnrLW1/rRzVwcR87bxEw$2A/rMWXO2MalZdh5hd4gbWYexoYip6qPZDyC0jg96MM",Kamal Chhabra,student,t,1,2026-09-07 02:00:06.879652+00,2026-09-07 02:00:06.879652+00,2028,M.Tech. DS
kamini.chhajer@dgvaishnav.edu.in,"$argon2id$v=19$m=19456,t=2,p=1$eArnrLW1/rRzVwcR87bxEw$2A/rMWXO2MalZdh5hd4gbWYexoYip6qPZDyC0jg96MM",Kamini Chhajer,student,t,1,2026-09-07 02:00:06.879652+00,2026-09-07 02:00:06.879652+00,2028,M.Tech. DS
karan.chhibber@dgvaishnav.edu.in,"$argon2id$v=19$m=19456,t=2,p=1$eArnrLW1/rRzVwcR87bxEw$2A/rMWXO2MalZdh5hd4gbWYexoYip6qPZDyC0jg96MM",Karan Chhibber,student,t,1,2026-09-07 02:00:06.879652+00,2026-09-07 02:00:06.879652+00,2028,M.Tech. DS
kanak.chidambaram@dgvaishnav.edu.in,"$argon2id$v=19$m=19456,t=2,p=1$eArnrLW1/rRzVwcR87bxEw$2A/rMWXO2MalZdh5hd4gbWYexoYip6qPZDyC0jg96MM",Kanak Chidambaram,student,t,1,2026-09-07 02:00:06.879652+00,2026-09-07 02:00:06.879652+00,2028,M.Tech. DS
kartik.chinoy@dgvaishnav.edu.in,"$argon2id$v=19$m=19456,t=2,p=1$eArnrLW1/rRzVwcR87bxEw$2A/rMWXO2MalZdh5hd4gbWYexoYip6qPZDyC0jg96MM",Kartik Chinoy,student,t,1,2026-09-07 02:00:06.879652+00,2026-09-07 02:00:06.879652+00,2028,M.Tech. DS
kareena.chitnis@dgvaishnav.edu.in,"$argon2id$v=19$m=19456,t=2,p=1$eArnrLW1/rRzVwcR87bxEw$2A/rMWXO2MalZdh5hd4gbWYexoYip6qPZDyC0jg96MM",Kareena Chitnis,student,t,1,2026-09-07 02:00:06.879652+00,2026-09-07 02:00:06.879652+00,2028,M.Tech. DS
kaushal.chitre@dgvaishnav.edu.in,"$argon2id$v=19$m=19456,t=2,p=1$eArnrLW1/rRzVwcR87bxEw$2A/rMWXO2MalZdh5hd4gbWYexoYip6qPZDyC0jg96MM",Kaushal Chitre,student,t,1,2026-09-07 02:00:06.879652+00,2026-09-07 02:00:06.879652+00,2028,M.Tech. DS
kashish.chokshi@dgvaishnav.edu.in,"$argon2id$v=19$m=19456,t=2,p=1$eArnrLW1/rRzVwcR87bxEw$2A/rMWXO2MalZdh5hd4gbWYexoYip6qPZDyC0jg96MM",Kashish Chokshi,student,t,1,2026-09-07 02:00:06.879652+00,2026-09-07 02:00:06.879652+00,2026,BBA
kavish.chopra@dgvaishnav.edu.in,"$argon2id$v=19$m=19456,t=2,p=1$eArnrLW1/rRzVwcR87bxEw$2A/rMWXO2MalZdh5hd4gbWYexoYip6qPZDyC0jg96MM",Kavish Chopra,student,t,1,2026-09-07 02:00:06.879652+00,2026-09-07 02:00:06.879652+00,2026,BBA
kavya.choudhary@dgvaishnav.edu.in,"$argon2id$v=19$m=19456,t=2,p=1$eArnrLW1/rRzVwcR87bxEw$2A/rMWXO2MalZdh5hd4gbWYexoYip6qPZDyC0jg96MM",Kavya Choudhary,student,t,1,2026-09-07 02:00:06.879652+00,2026-09-07 02:00:06.879652+00,2026,BBA
keshav.chowdhury@dgvaishnav.edu.in,"$argon2id$v=19$m=19456,t=2,p=1$eArnrLW1/rRzVwcR87bxEw$2A/rMWXO2MalZdh5hd4gbWYexoYip6qPZDyC0jg96MM",Keshav Chowdhury,student,t,1,2026-09-07 02:00:06.879652+00,2026-09-07 02:00:06.879652+00,2026,BBA
keerthi.dalal@dgvaishnav.edu.in,"$argon2id$v=19$m=19456,t=2,p=1$eArnrLW1/rRzVwcR87bxEw$2A/rMWXO2MalZdh5hd4gbWYexoYip6qPZDyC0jg96MM",Keerthi Dalal,student,t,1,2026-09-07 02:00:06.879652+00,2026-09-07 02:00:06.879652+00,2026,BBA
kiran.dalvi@dgvaishnav.edu.in,"$argon2id$v=19$m=19456,t=2,p=1$eArnrLW1/rRzVwcR87bxEw$2A/rMWXO2MalZdh5hd4gbWYexoYip6qPZDyC0jg96MM",Kiran Dalvi,student,t,1,2026-09-07 02:00:06.879652+00,2026-09-07 02:00:06.879652+00,2026,BBA
komal.damle@dgvaishnav.edu.in,"$argon2id$v=19$m=19456,t=2,p=1$eArnrLW1/rRzVwcR87bxEw$2A/rMWXO2MalZdh5hd4gbWYexoYip6qPZDyC0jg96MM",Komal Damle,student,t,1,2026-09-07 02:00:06.879652+00,2026-09-07 02:00:06.879652+00,2026,BBA
kishore.dandekar@dgvaishnav.edu.in,"$argon2id$v=19$m=19456,t=2,p=1$eArnrLW1/rRzVwcR87bxEw$2A/rMWXO2MalZdh5hd4gbWYexoYip6qPZDyC0jg96MM",Kishore Dandekar,student,t,1,2026-09-07 02:00:06.879652+00,2026-09-07 02:00:06.879652+00,2026,BBA
krisha.dandona@dgvaishnav.edu.in,"$argon2id$v=19$m=19456,t=2,p=1$eArnrLW1/rRzVwcR87bxEw$2A/rMWXO2MalZdh5hd4gbWYexoYip6qPZDyC0jg96MM",Krisha Dandona,student,t,1,2026-09-07 02:00:06.879652+00,2026-09-07 02:00:06.879652+00,2026,BBA
krish.dani@dgvaishnav.edu.in,"$argon2id$v=19$m=19456,t=2,p=1$eArnrLW1/rRzVwcR87bxEw$2A/rMWXO2MalZdh5hd4gbWYexoYip6qPZDyC0jg96MM",Krish Dani,student,t,1,2026-09-07 02:00:06.879652+00,2026-09-07 02:00:06.879652+00,2026,BBA
kriti.daphtary@dgvaishnav.edu.in,"$argon2id$v=19$m=19456,t=2,p=1$eArnrLW1/rRzVwcR87bxEw$2A/rMWXO2MalZdh5hd4gbWYexoYip6qPZDyC0jg96MM",Kriti Daphtary,student,t,1,2026-09-07 02:00:06.879652+00,2026-09-07 02:00:06.879652+00,2027,BBA
krishna.darda@dgvaishnav.edu.in,"$argon2id$v=19$m=19456,t=2,p=1$eArnrLW1/rRzVwcR87bxEw$2A/rMWXO2MalZdh5hd4gbWYexoYip6qPZDyC0jg96MM",Krishna Darda,student,t,1,2026-09-07 02:00:06.879652+00,2026-09-07 02:00:06.879652+00,2027,BBA
krittika.dasgupta@dgvaishnav.edu.in,"$argon2id$v=19$m=19456,t=2,p=1$eArnrLW1/rRzVwcR87bxEw$2A/rMWXO2MalZdh5hd4gbWYexoYip6qPZDyC0jg96MM",Krittika Dasgupta,student,t,1,2026-09-07 02:00:06.879652+00,2026-09-07 02:00:06.879652+00,2027,BBA
kuldeep.dashora@dgvaishnav.edu.in,"$argon2id$v=19$m=19456,t=2,p=1$eArnrLW1/rRzVwcR87bxEw$2A/rMWXO2MalZdh5hd4gbWYexoYip6qPZDyC0jg96MM",Kuldeep Dashora,student,t,1,2026-09-07 02:00:06.879652+00,2026-09-07 02:00:06.879652+00,2027,BBA
kshipra.dastur@dgvaishnav.edu.in,"$argon2id$v=19$m=19456,t=2,p=1$eArnrLW1/rRzVwcR87bxEw$2A/rMWXO2MalZdh5hd4gbWYexoYip6qPZDyC0jg96MM",Kshipra Dastur,student,t,1,2026-09-07 02:00:06.879652+00,2026-09-07 02:00:06.879652+00,2027,BBA
kunal.date@dgvaishnav.edu.in,"$argon2id$v=19$m=19456,t=2,p=1$eArnrLW1/rRzVwcR87bxEw$2A/rMWXO2MalZdh5hd4gbWYexoYip6qPZDyC0jg96MM",Kunal Date,student,t,1,2026-09-07 02:00:06.879652+00,2026-09-07 02:00:06.879652+00,2027,BBA
kumud.datar@dgvaishnav.edu.in,"$argon2id$v=19$m=19456,t=2,p=1$eArnrLW1/rRzVwcR87bxEw$2A/rMWXO2MalZdh5hd4gbWYexoYip6qPZDyC0jg96MM",Kumud Datar,student,t,1,2026-09-07 02:00:06.879652+00,2026-09-07 02:00:06.879652+00,2027,BBA
lakshman.dattagupta@dgvaishnav.edu.in,"$argon2id$v=19$m=19456,t=2,p=1$eArnrLW1/rRzVwcR87bxEw$2A/rMWXO2MalZdh5hd4gbWYexoYip6qPZDyC0jg96MM",Lakshman Dattagupta,student,t,1,2026-09-07 02:00:06.879652+00,2026-09-07 02:00:06.879652+00,2027,BBA
lavanya.dave@dgvaishnav.edu.in,"$argon2id$v=19$m=19456,t=2,p=1$eArnrLW1/rRzVwcR87bxEw$2A/rMWXO2MalZdh5hd4gbWYexoYip6qPZDyC0jg96MM",Lavanya Dave,student,t,1,2026-09-07 02:00:06.879652+00,2026-09-07 02:00:06.879652+00,2027,BBA
lalit.dayal@dgvaishnav.edu.in,"$argon2id$v=19$m=19456,t=2,p=1$eArnrLW1/rRzVwcR87bxEw$2A/rMWXO2MalZdh5hd4gbWYexoYip6qPZDyC0jg96MM",Lalit Dayal,student,t,1,2026-09-07 02:00:06.879652+00,2026-09-07 02:00:06.879652+00,2027,BBA
leela.deb@dgvaishnav.edu.in,"$argon2id$v=19$m=19456,t=2,p=1$eArnrLW1/rRzVwcR87bxEw$2A/rMWXO2MalZdh5hd4gbWYexoYip6qPZDyC0jg96MM",Leela Deb,student,t,1,2026-09-07 02:00:06.879652+00,2026-09-07 02:00:06.879652+00,2028,BBA
lokesh.dehadrai@dgvaishnav.edu.in,"$argon2id$v=19$m=19456,t=2,p=1$eArnrLW1/rRzVwcR87bxEw$2A/rMWXO2MalZdh5hd4gbWYexoYip6qPZDyC0jg96MM",Lokesh Dehadrai,student,t,1,2026-09-07 02:00:06.879652+00,2026-09-07 02:00:06.879652+00,2028,BBA
lipi.dendukuri@dgvaishnav.edu.in,"$argon2id$v=19$m=19456,t=2,p=1$eArnrLW1/rRzVwcR87bxEw$2A/rMWXO2MalZdh5hd4gbWYexoYip6qPZDyC0jg96MM",Lipi Dendukuri,student,t,1,2026-09-07 02:00:06.879652+00,2026-09-07 02:00:06.879652+00,2028,BBA
madhav.deodhar@dgvaishnav.edu.in,"$argon2id$v=19$m=19456,t=2,p=1$eArnrLW1/rRzVwcR87bxEw$2A/rMWXO2MalZdh5hd4gbWYexoYip6qPZDyC0jg96MM",Madhav Deodhar,student,t,1,2026-09-07 02:00:06.879652+00,2026-09-07 02:00:06.879652+00,2028,BBA
madhu.deol@dgvaishnav.edu.in,"$argon2id$v=19$m=19456,t=2,p=1$eArnrLW1/rRzVwcR87bxEw$2A/rMWXO2MalZdh5hd4gbWYexoYip6qPZDyC0jg96MM",Madhu Deol,student,t,1,2026-09-07 02:00:06.879652+00,2026-09-07 02:00:06.879652+00,2028,BBA
mahesh.deshmukh@dgvaishnav.edu.in,"$argon2id$v=19$m=19456,t=2,p=1$eArnrLW1/rRzVwcR87bxEw$2A/rMWXO2MalZdh5hd4gbWYexoYip6qPZDyC0jg96MM",Mahesh Deshmukh,student,t,1,2026-09-07 02:00:06.879652+00,2026-09-07 02:00:06.879652+00,2028,BBA
madhuri.deshpande@dgvaishnav.edu.in,"$argon2id$v=19$m=19456,t=2,p=1$eArnrLW1/rRzVwcR87bxEw$2A/rMWXO2MalZdh5hd4gbWYexoYip6qPZDyC0jg96MM",Madhuri Deshpande,student,t,1,2026-09-07 02:00:06.879652+00,2026-09-07 02:00:06.879652+00,2028,BBA
manan.devadas@dgvaishnav.edu.in,"$argon2id$v=19$m=19456,t=2,p=1$eArnrLW1/rRzVwcR87bxEw$2A/rMWXO2MalZdh5hd4gbWYexoYip6qPZDyC0jg96MM",Manan Devadas,student,t,1,2026-09-07 02:00:06.879652+00,2026-09-07 02:00:06.879652+00,2028,BBA
maitreyi.devanathan@dgvaishnav.edu.in,"$argon2id$v=19$m=19456,t=2,p=1$eArnrLW1/rRzVwcR87bxEw$2A/rMWXO2MalZdh5hd4gbWYexoYip6qPZDyC0jg96MM",Maitreyi Devanathan,student,t,1,2026-09-07 02:00:06.879652+00,2026-09-07 02:00:06.879652+00,2028,BBA
manas.devarajan@dgvaishnav.edu.in,"$argon2id$v=19$m=19456,t=2,p=1$eArnrLW1/rRzVwcR87bxEw$2A/rMWXO2MalZdh5hd4gbWYexoYip6qPZDyC0jg96MM",Manas Devarajan,student,t,1,2026-09-07 02:00:06.879652+00,2026-09-07 02:00:06.879652+00,2028,BBA
malini.dewan@loyolacollege.edu,"$argon2id$v=19$m=19456,t=2,p=1$eArnrLW1/rRzVwcR87bxEw$2A/rMWXO2MalZdh5hd4gbWYexoYip6qPZDyC0jg96MM",Malini Dewan,faculty,t,2,2026-09-07 02:00:06.879652+00,2026-09-07 02:00:06.879652+00,,B.Sc. Biochem
manav.dey@loyolacollege.edu,"$argon2id$v=19$m=19456,t=2,p=1$eArnrLW1/rRzVwcR87bxEw$2A/rMWXO2MalZdh5hd4gbWYexoYip6qPZDyC0jg96MM",Manav Dey,faculty,t,2,2026-09-07 02:00:06.879652+00,2026-09-07 02:00:06.879652+00,,M.Sc. Maths
mallika.dhal@loyolacollege.edu,"$argon2id$v=19$m=19456,t=2,p=1$eArnrLW1/rRzVwcR87bxEw$2A/rMWXO2MalZdh5hd4gbWYexoYip6qPZDyC0jg96MM",Mallika Dhal,faculty,t,2,2026-09-07 02:00:06.879652+00,2026-09-07 02:00:06.879652+00,,B.E. CSE
manish.dhamija@loyolacollege.edu,"$argon2id$v=19$m=19456,t=2,p=1$eArnrLW1/rRzVwcR87bxEw$2A/rMWXO2MalZdh5hd4gbWYexoYip6qPZDyC0jg96MM",Manish Dhamija,faculty,t,2,2026-09-07 02:00:06.879652+00,2026-09-07 02:00:06.879652+00,,M.Tech. DS
mamta.dhanraj@loyolacollege.edu,"$argon2id$v=19$m=19456,t=2,p=1$eArnrLW1/rRzVwcR87bxEw$2A/rMWXO2MalZdh5hd4gbWYexoYip6qPZDyC0jg96MM",Mamta Dhanraj,faculty,t,2,2026-09-07 02:00:06.879652+00,2026-09-07 02:00:06.879652+00,,BBA
manoj.dhar@loyolacollege.edu,"$argon2id$v=19$m=19456,t=2,p=1$eArnrLW1/rRzVwcR87bxEw$2A/rMWXO2MalZdh5hd4gbWYexoYip6qPZDyC0jg96MM",Manoj Dhar,student,t,2,2026-09-07 02:00:06.879652+00,2026-09-07 02:00:06.879652+00,2026,B.Sc. Biochem
manasi.dharmadhikari@loyolacollege.edu,"$argon2id$v=19$m=19456,t=2,p=1$eArnrLW1/rRzVwcR87bxEw$2A/rMWXO2MalZdh5hd4gbWYexoYip6qPZDyC0jg96MM",Manasi Dharmadhikari,student,t,2,2026-09-07 02:00:06.879652+00,2026-09-07 02:00:06.879652+00,2026,B.Sc. Biochem
mayank.dhawan@loyolacollege.edu,"$argon2id$v=19$m=19456,t=2,p=1$eArnrLW1/rRzVwcR87bxEw$2A/rMWXO2MalZdh5hd4gbWYexoYip6qPZDyC0jg96MM",Mayank Dhawan,student,t,2,2026-09-07 02:00:06.879652+00,2026-09-07 02:00:06.879652+00,2026,B.Sc. Biochem
manisha.dhingra@loyolacollege.edu,"$argon2id$v=19$m=19456,t=2,p=1$eArnrLW1/rRzVwcR87bxEw$2A/rMWXO2MalZdh5hd4gbWYexoYip6qPZDyC0jg96MM",Manisha Dhingra,student,t,2,2026-09-07 02:00:06.879652+00,2026-09-07 02:00:06.879652+00,2026,B.Sc. Biochem
mehul.dhole@loyolacollege.edu,"$argon2id$v=19$m=19456,t=2,p=1$eArnrLW1/rRzVwcR87bxEw$2A/rMWXO2MalZdh5hd4gbWYexoYip6qPZDyC0jg96MM",Mehul Dhole,student,t,2,2026-09-07 02:00:06.879652+00,2026-09-07 02:00:06.879652+00,2026,B.Sc. Biochem
meena.dholakia@loyolacollege.edu,"$argon2id$v=19$m=19456,t=2,p=1$eArnrLW1/rRzVwcR87bxEw$2A/rMWXO2MalZdh5hd4gbWYexoYip6qPZDyC0jg96MM",Meena Dholakia,student,t,2,2026-09-07 02:00:06.879652+00,2026-09-07 02:00:06.879652+00,2026,B.Sc. Biochem
milind.dhumal@loyolacollege.edu,"$argon2id$v=19$m=19456,t=2,p=1$eArnrLW1/rRzVwcR87bxEw$2A/rMWXO2MalZdh5hd4gbWYexoYip6qPZDyC0jg96MM",Milind Dhumal,student,t,2,2026-09-07 02:00:06.879652+00,2026-09-07 02:00:06.879652+00,2026,B.Sc. Biochem
meenakshi.dighe@loyolacollege.edu,"$argon2id$v=19$m=19456,t=2,p=1$eArnrLW1/rRzVwcR87bxEw$2A/rMWXO2MalZdh5hd4gbWYexoYip6qPZDyC0jg96MM",Meenakshi Dighe,student,t,2,2026-09-07 02:00:06.879652+00,2026-09-07 02:00:06.879652+00,2026,B.Sc. Biochem
mitesh.dikshit@loyolacollege.edu,"$argon2id$v=19$m=19456,t=2,p=1$eArnrLW1/rRzVwcR87bxEw$2A/rMWXO2MalZdh5hd4gbWYexoYip6qPZDyC0jg96MM",Mitesh Dikshit,student,t,2,2026-09-07 02:00:06.879652+00,2026-09-07 02:00:06.879652+00,2026,B.Sc. Biochem
meera.dinshaw@loyolacollege.edu,"$argon2id$v=19$m=19456,t=2,p=1$eArnrLW1/rRzVwcR87bxEw$2A/rMWXO2MalZdh5hd4gbWYexoYip6qPZDyC0jg96MM",Meera Dinshaw,student,t,2,2026-09-07 02:00:06.879652+00,2026-09-07 02:00:06.879652+00,2026,B.Sc. Biochem
mohan.divan@loyolacollege.edu,"$argon2id$v=19$m=19456,t=2,p=1$eArnrLW1/rRzVwcR87bxEw$2A/rMWXO2MalZdh5hd4gbWYexoYip6qPZDyC0jg96MM",Mohan Divan,student,t,2,2026-09-07 02:00:06.879652+00,2026-09-07 02:00:06.879652+00,2027,B.Sc. Biochem
megha.divekar@loyolacollege.edu,"$argon2id$v=19$m=19456,t=2,p=1$eArnrLW1/rRzVwcR87bxEw$2A/rMWXO2MalZdh5hd4gbWYexoYip6qPZDyC0jg96MM",Megha Divekar,student,t,2,2026-09-07 02:00:06.879652+00,2026-09-07 02:00:06.879652+00,2027,B.Sc. Biochem
mohit.divgikar@loyolacollege.edu,"$argon2id$v=19$m=19456,t=2,p=1$eArnrLW1/rRzVwcR87bxEw$2A/rMWXO2MalZdh5hd4gbWYexoYip6qPZDyC0jg96MM",Mohit Divgikar,student,t,2,2026-09-07 02:00:06.879652+00,2026-09-07 02:00:06.879652+00,2027,B.Sc. Biochem
mona.dixit@loyolacollege.edu,"$argon2id$v=19$m=19456,t=2,p=1$eArnrLW1/rRzVwcR87bxEw$2A/rMWXO2MalZdh5hd4gbWYexoYip6qPZDyC0jg96MM",Mona Dixit,student,t,2,2026-09-07 02:00:06.879652+00,2026-09-07 02:00:06.879652+00,2027,B.Sc. Biochem
mukesh.dodia@loyolacollege.edu,"$argon2id$v=19$m=19456,t=2,p=1$eArnrLW1/rRzVwcR87bxEw$2A/rMWXO2MalZdh5hd4gbWYexoYip6qPZDyC0jg96MM",Mukesh Dodia,student,t,2,2026-09-07 02:00:06.879652+00,2026-09-07 02:00:06.879652+00,2027,B.Sc. Biochem
monika.dogra@loyolacollege.edu,"$argon2id$v=19$m=19456,t=2,p=1$eArnrLW1/rRzVwcR87bxEw$2A/rMWXO2MalZdh5hd4gbWYexoYip6qPZDyC0jg96MM",Monika Dogra,student,t,2,2026-09-07 02:00:06.879652+00,2026-09-07 02:00:06.879652+00,2027,B.Sc. Biochem
mukul.doshi@loyolacollege.edu,"$argon2id$v=19$m=19456,t=2,p=1$eArnrLW1/rRzVwcR87bxEw$2A/rMWXO2MalZdh5hd4gbWYexoYip6qPZDyC0jg96MM",Mukul Doshi,student,t,2,2026-09-07 02:00:06.879652+00,2026-09-07 02:00:06.879652+00,2027,B.Sc. Biochem
mridula.dravid@loyolacollege.edu,"$argon2id$v=19$m=19456,t=2,p=1$eArnrLW1/rRzVwcR87bxEw$2A/rMWXO2MalZdh5hd4gbWYexoYip6qPZDyC0jg96MM",Mridula Dravid,student,t,2,2026-09-07 02:00:06.879652+00,2026-09-07 02:00:06.879652+00,2027,B.Sc. Biochem
murli.dsouza@loyolacollege.edu,"$argon2id$v=19$m=19456,t=2,p=1$eArnrLW1/rRzVwcR87bxEw$2A/rMWXO2MalZdh5hd4gbWYexoYip6qPZDyC0jg96MM",Murli Dsouza,student,t,2,2026-09-07 02:00:06.879652+00,2026-09-07 02:00:06.879652+00,2027,B.Sc. Biochem
mukta.dube@loyolacollege.edu,"$argon2id$v=19$m=19456,t=2,p=1$eArnrLW1/rRzVwcR87bxEw$2A/rMWXO2MalZdh5hd4gbWYexoYip6qPZDyC0jg96MM",Mukta Dube,student,t,2,2026-09-07 02:00:06.879652+00,2026-09-07 02:00:06.879652+00,2027,B.Sc. Biochem
nakul.duggal@loyolacollege.edu,"$argon2id$v=19$m=19456,t=2,p=1$eArnrLW1/rRzVwcR87bxEw$2A/rMWXO2MalZdh5hd4gbWYexoYip6qPZDyC0jg96MM",Nakul Duggal,student,t,2,2026-09-07 02:00:06.879652+00,2026-09-07 02:00:06.879652+00,2028,B.Sc. Biochem
nalini.duraiswamy@loyolacollege.edu,"$argon2id$v=19$m=19456,t=2,p=1$eArnrLW1/rRzVwcR87bxEw$2A/rMWXO2MalZdh5hd4gbWYexoYip6qPZDyC0jg96MM",Nalini Duraiswamy,student,t,2,2026-09-07 02:00:06.879652+00,2026-09-07 02:00:06.879652+00,2028,B.Sc. Biochem
naman.dutt@loyolacollege.edu,"$argon2id$v=19$m=19456,t=2,p=1$eArnrLW1/rRzVwcR87bxEw$2A/rMWXO2MalZdh5hd4gbWYexoYip6qPZDyC0jg96MM",Naman Dutt,student,t,2,2026-09-07 02:00:06.879652+00,2026-09-07 02:00:06.879652+00,2028,B.Sc. Biochem
namrata.dwivedi@loyolacollege.edu,"$argon2id$v=19$m=19456,t=2,p=1$eArnrLW1/rRzVwcR87bxEw$2A/rMWXO2MalZdh5hd4gbWYexoYip6qPZDyC0jg96MM",Namrata Dwivedi,student,t,2,2026-09-07 02:00:06.879652+00,2026-09-07 02:00:06.879652+00,2028,B.Sc. Biochem
narasimha.engineer@loyolacollege.edu,"$argon2id$v=19$m=19456,t=2,p=1$eArnrLW1/rRzVwcR87bxEw$2A/rMWXO2MalZdh5hd4gbWYexoYip6qPZDyC0jg96MM",Narasimha Engineer,student,t,2,2026-09-07 02:00:06.879652+00,2026-09-07 02:00:06.879652+00,2028,B.Sc. Biochem
nandini.eswaran@loyolacollege.edu,"$argon2id$v=19$m=19456,t=2,p=1$eArnrLW1/rRzVwcR87bxEw$2A/rMWXO2MalZdh5hd4gbWYexoYip6qPZDyC0jg96MM",Nandini Eswaran,student,t,2,2026-09-07 02:00:06.879652+00,2026-09-07 02:00:06.879652+00,2028,B.Sc. Biochem
naresh.fadnavis@loyolacollege.edu,"$argon2id$v=19$m=19456,t=2,p=1$eArnrLW1/rRzVwcR87bxEw$2A/rMWXO2MalZdh5hd4gbWYexoYip6qPZDyC0jg96MM",Naresh Fadnavis,student,t,2,2026-09-07 02:00:06.879652+00,2026-09-07 02:00:06.879652+00,2028,B.Sc. Biochem
navya.faleiro@loyolacollege.edu,"$argon2id$v=19$m=19456,t=2,p=1$eArnrLW1/rRzVwcR87bxEw$2A/rMWXO2MalZdh5hd4gbWYexoYip6qPZDyC0jg96MM",Navya Faleiro,student,t,2,2026-09-07 02:00:06.879652+00,2026-09-07 02:00:06.879652+00,2028,B.Sc. Biochem
naveen.farooqui@loyolacollege.edu,"$argon2id$v=19$m=19456,t=2,p=1$eArnrLW1/rRzVwcR87bxEw$2A/rMWXO2MalZdh5hd4gbWYexoYip6qPZDyC0jg96MM",Naveen Farooqui,student,t,2,2026-09-07 02:00:06.879652+00,2026-09-07 02:00:06.879652+00,2028,B.Sc. Biochem
nayantara.fernandes@loyolacollege.edu,"$argon2id$v=19$m=19456,t=2,p=1$eArnrLW1/rRzVwcR87bxEw$2A/rMWXO2MalZdh5hd4gbWYexoYip6qPZDyC0jg96MM",Nayantara Fernandes,student,t,2,2026-09-07 02:00:06.879652+00,2026-09-07 02:00:06.879652+00,2028,B.Sc. Biochem
navin.firdausi@loyolacollege.edu,"$argon2id$v=19$m=19456,t=2,p=1$eArnrLW1/rRzVwcR87bxEw$2A/rMWXO2MalZdh5hd4gbWYexoYip6qPZDyC0jg96MM",Navin Firdausi,student,t,2,2026-09-07 02:00:06.879652+00,2026-09-07 02:00:06.879652+00,2026,M.Sc. Maths
neelam.gadgil@loyolacollege.edu,"$argon2id$v=19$m=19456,t=2,p=1$eArnrLW1/rRzVwcR87bxEw$2A/rMWXO2MalZdh5hd4gbWYexoYip6qPZDyC0jg96MM",Neelam Gadgil,student,t,2,2026-09-07 02:00:06.879652+00,2026-09-07 02:00:06.879652+00,2026,M.Sc. Maths
neel.gaikwad@loyolacollege.edu,"$argon2id$v=19$m=19456,t=2,p=1$eArnrLW1/rRzVwcR87bxEw$2A/rMWXO2MalZdh5hd4gbWYexoYip6qPZDyC0jg96MM",Neel Gaikwad,student,t,2,2026-09-07 02:00:06.879652+00,2026-09-07 02:00:06.879652+00,2026,M.Sc. Maths
neelu.gaitonde@loyolacollege.edu,"$argon2id$v=19$m=19456,t=2,p=1$eArnrLW1/rRzVwcR87bxEw$2A/rMWXO2MalZdh5hd4gbWYexoYip6qPZDyC0jg96MM",Neelu Gaitonde,student,t,2,2026-09-07 02:00:06.879652+00,2026-09-07 02:00:06.879652+00,2026,M.Sc. Maths
neeraj.gajjar@loyolacollege.edu,"$argon2id$v=19$m=19456,t=2,p=1$eArnrLW1/rRzVwcR87bxEw$2A/rMWXO2MalZdh5hd4gbWYexoYip6qPZDyC0jg96MM",Neeraj Gajjar,student,t,2,2026-09-07 02:00:06.879652+00,2026-09-07 02:00:06.879652+00,2026,M.Sc. Maths
neeraja.ganapathy@loyolacollege.edu,"$argon2id$v=19$m=19456,t=2,p=1$eArnrLW1/rRzVwcR87bxEw$2A/rMWXO2MalZdh5hd4gbWYexoYip6qPZDyC0jg96MM",Neeraja Ganapathy,student,t,2,2026-09-07 02:00:06.879652+00,2026-09-07 02:00:06.879652+00,2026,M.Sc. Maths
nikhil.gandhi@loyolacollege.edu,"$argon2id$v=19$m=19456,t=2,p=1$eArnrLW1/rRzVwcR87bxEw$2A/rMWXO2MalZdh5hd4gbWYexoYip6qPZDyC0jg96MM",Nikhil Gandhi,student,t,2,2026-09-07 02:00:06.879652+00,2026-09-07 02:00:06.879652+00,2026,M.Sc. Maths
neha.ganguly@loyolacollege.edu,"$argon2id$v=19$m=19456,t=2,p=1$eArnrLW1/rRzVwcR87bxEw$2A/rMWXO2MalZdh5hd4gbWYexoYip6qPZDyC0jg96MM",Neha Ganguly,student,t,2,2026-09-07 02:00:06.879652+00,2026-09-07 02:00:06.879652+00,2026,M.Sc. Maths
nilesh.gangopadhyay@loyolacollege.edu,"$argon2id$v=19$m=19456,t=2,p=1$eArnrLW1/rRzVwcR87bxEw$2A/rMWXO2MalZdh5hd4gbWYexoYip6qPZDyC0jg96MM",Nilesh Gangopadhyay,student,t,2,2026-09-07 02:00:06.879652+00,2026-09-07 02:00:06.879652+00,2026,M.Sc. Maths
netra.ganju@loyolacollege.edu,"$argon2id$v=19$m=19456,t=2,p=1$eArnrLW1/rRzVwcR87bxEw$2A/rMWXO2MalZdh5hd4gbWYexoYip6qPZDyC0jg96MM",Netra Ganju,student,t,2,2026-09-07 02:00:06.879652+00,2026-09-07 02:00:06.879652+00,2026,M.Sc. Maths
niranjan.garde@loyolacollege.edu,"$argon2id$v=19$m=19456,t=2,p=1$eArnrLW1/rRzVwcR87bxEw$2A/rMWXO2MalZdh5hd4gbWYexoYip6qPZDyC0jg96MM",Niranjan Garde,student,t,2,2026-09-07 02:00:06.879652+00,2026-09-07 02:00:06.879652+00,2027,M.Sc. Maths
nidhi.garg@loyolacollege.edu,"$argon2id$v=19$m=19456,t=2,p=1$eArnrLW1/rRzVwcR87bxEw$2A/rMWXO2MalZdh5hd4gbWYexoYip6qPZDyC0jg96MM",Nidhi Garg,student,t,2,2026-09-07 02:00:06.879652+00,2026-09-07 02:00:06.879652+00,2027,M.Sc. Maths
nirav.gargya@loyolacollege.edu,"$argon2id$v=19$m=19456,t=2,p=1$eArnrLW1/rRzVwcR87bxEw$2A/rMWXO2MalZdh5hd4gbWYexoYip6qPZDyC0jg96MM",Nirav Gargya,student,t,2,2026-09-07 02:00:06.879652+00,2026-09-07 02:00:06.879652+00,2027,M.Sc. Maths
niharika.garware@loyolacollege.edu,"$argon2id$v=19$m=19456,t=2,p=1$eArnrLW1/rRzVwcR87bxEw$2A/rMWXO2MalZdh5hd4gbWYexoYip6qPZDyC0jg96MM",Niharika Garware,student,t,2,2026-09-07 02:00:06.879652+00,2026-09-07 02:00:06.879652+00,2027,M.Sc. Maths
nirmal.gauba@loyolacollege.edu,"$argon2id$v=19$m=19456,t=2,p=1$eArnrLW1/rRzVwcR87bxEw$2A/rMWXO2MalZdh5hd4gbWYexoYip6qPZDyC0jg96MM",Nirmal Gauba,student,t,2,2026-09-07 02:00:06.879652+00,2026-09-07 02:00:06.879652+00,2027,M.Sc. Maths
nikita.gavaskar@loyolacollege.edu,"$argon2id$v=19$m=19456,t=2,p=1$eArnrLW1/rRzVwcR87bxEw$2A/rMWXO2MalZdh5hd4gbWYexoYip6qPZDyC0jg96MM",Nikita Gavaskar,student,t,2,2026-09-07 02:00:06.879652+00,2026-09-07 02:00:06.879652+00,2027,M.Sc. Maths
nishant.gautam@loyolacollege.edu,"$argon2id$v=19$m=19456,t=2,p=1$eArnrLW1/rRzVwcR87bxEw$2A/rMWXO2MalZdh5hd4gbWYexoYip6qPZDyC0jg96MM",Nishant Gautam,student,t,2,2026-09-07 02:00:06.879652+00,2026-09-07 02:00:06.879652+00,2027,M.Sc. Maths
nilima.gawas@loyolacollege.edu,"$argon2id$v=19$m=19456,t=2,p=1$eArnrLW1/rRzVwcR87bxEw$2A/rMWXO2MalZdh5hd4gbWYexoYip6qPZDyC0jg96MM",Nilima Gawas,student,t,2,2026-09-07 02:00:06.879652+00,2026-09-07 02:00:06.879652+00,2027,M.Sc. Maths
nitin.gehlot@loyolacollege.edu,"$argon2id$v=19$m=19456,t=2,p=1$eArnrLW1/rRzVwcR87bxEw$2A/rMWXO2MalZdh5hd4gbWYexoYip6qPZDyC0jg96MM",Nitin Gehlot,student,t,2,2026-09-07 02:00:06.879652+00,2026-09-07 02:00:06.879652+00,2027,M.Sc. Maths
nimisha.ghatak@loyolacollege.edu,"$argon2id$v=19$m=19456,t=2,p=1$eArnrLW1/rRzVwcR87bxEw$2A/rMWXO2MalZdh5hd4gbWYexoYip6qPZDyC0jg96MM",Nimisha Ghatak,student,t,2,2026-09-07 02:00:06.879652+00,2026-09-07 02:00:06.879652+00,2027,M.Sc. Maths
omkar.ghodke@loyolacollege.edu,"$argon2id$v=19$m=19456,t=2,p=1$eArnrLW1/rRzVwcR87bxEw$2A/rMWXO2MalZdh5hd4gbWYexoYip6qPZDyC0jg96MM",Omkar Ghodke,student,t,2,2026-09-07 02:00:06.879652+00,2026-09-07 02:00:06.879652+00,2028,M.Sc. Maths
nisha.ghorpade@loyolacollege.edu,"$argon2id$v=19$m=19456,t=2,p=1$eArnrLW1/rRzVwcR87bxEw$2A/rMWXO2MalZdh5hd4gbWYexoYip6qPZDyC0jg96MM",Nisha Ghorpade,student,t,2,2026-09-07 02:00:06.879652+00,2026-09-07 02:00:06.879652+00,2028,M.Sc. Maths
palash.ghose@loyolacollege.edu,"$argon2id$v=19$m=19456,t=2,p=1$eArnrLW1/rRzVwcR87bxEw$2A/rMWXO2MalZdh5hd4gbWYexoYip6qPZDyC0jg96MM",Palash Ghose,student,t,2,2026-09-07 02:00:06.879652+00,2026-09-07 02:00:06.879652+00,2028,M.Sc. Maths
nupur.ghoshal@loyolacollege.edu,"$argon2id$v=19$m=19456,t=2,p=1$eArnrLW1/rRzVwcR87bxEw$2A/rMWXO2MalZdh5hd4gbWYexoYip6qPZDyC0jg96MM",Nupur Ghoshal,student,t,2,2026-09-07 02:00:06.879652+00,2026-09-07 02:00:06.879652+00,2028,M.Sc. Maths
pankaj.gidwani@loyolacollege.edu,"$argon2id$v=19$m=19456,t=2,p=1$eArnrLW1/rRzVwcR87bxEw$2A/rMWXO2MalZdh5hd4gbWYexoYip6qPZDyC0jg96MM",Pankaj Gidwani,student,t,2,2026-09-07 02:00:06.879652+00,2026-09-07 02:00:06.879652+00,2028,M.Sc. Maths
padma.giri@loyolacollege.edu,"$argon2id$v=19$m=19456,t=2,p=1$eArnrLW1/rRzVwcR87bxEw$2A/rMWXO2MalZdh5hd4gbWYexoYip6qPZDyC0jg96MM",Padma Giri,student,t,2,2026-09-07 02:00:06.879652+00,2026-09-07 02:00:06.879652+00,2028,M.Sc. Maths
parag.godbole@loyolacollege.edu,"$argon2id$v=19$m=19456,t=2,p=1$eArnrLW1/rRzVwcR87bxEw$2A/rMWXO2MalZdh5hd4gbWYexoYip6qPZDyC0jg96MM",Parag Godbole,student,t,2,2026-09-07 02:00:06.879652+00,2026-09-07 02:00:06.879652+00,2028,M.Sc. Maths
pallavi.godiwala@loyolacollege.edu,"$argon2id$v=19$m=19456,t=2,p=1$eArnrLW1/rRzVwcR87bxEw$2A/rMWXO2MalZdh5hd4gbWYexoYip6qPZDyC0jg96MM",Pallavi Godiwala,student,t,2,2026-09-07 02:00:06.879652+00,2026-09-07 02:00:06.879652+00,2028,M.Sc. Maths
param.goel@loyolacollege.edu,"$argon2id$v=19$m=19456,t=2,p=1$eArnrLW1/rRzVwcR87bxEw$2A/rMWXO2MalZdh5hd4gbWYexoYip6qPZDyC0jg96MM",Param Goel,student,t,2,2026-09-07 02:00:06.879652+00,2026-09-07 02:00:06.879652+00,2028,M.Sc. Maths
pari.goenka@loyolacollege.edu,"$argon2id$v=19$m=19456,t=2,p=1$eArnrLW1/rRzVwcR87bxEw$2A/rMWXO2MalZdh5hd4gbWYexoYip6qPZDyC0jg96MM",Pari Goenka,student,t,2,2026-09-07 02:00:06.879652+00,2026-09-07 02:00:06.879652+00,2028,M.Sc. Maths
paras.gogoi@loyolacollege.edu,"$argon2id$v=19$m=19456,t=2,p=1$eArnrLW1/rRzVwcR87bxEw$2A/rMWXO2MalZdh5hd4gbWYexoYip6qPZDyC0jg96MM",Paras Gogoi,student,t,2,2026-09-07 02:00:06.879652+00,2026-09-07 02:00:06.879652+00,2026,B.E. CSE
paromita.gokhale@loyolacollege.edu,"$argon2id$v=19$m=19456,t=2,p=1$eArnrLW1/rRzVwcR87bxEw$2A/rMWXO2MalZdh5hd4gbWYexoYip6qPZDyC0jg96MM",Paromita Gokhale,student,t,2,2026-09-07 02:00:06.879652+00,2026-09-07 02:00:06.879652+00,2026,B.E. CSE
parth.golwalkar@loyolacollege.edu,"$argon2id$v=19$m=19456,t=2,p=1$eArnrLW1/rRzVwcR87bxEw$2A/rMWXO2MalZdh5hd4gbWYexoYip6qPZDyC0jg96MM",Parth Golwalkar,student,t,2,2026-09-07 02:00:06.879652+00,2026-09-07 02:00:06.879652+00,2026,B.E. CSE
parul.gonsalves@loyolacollege.edu,"$argon2id$v=19$m=19456,t=2,p=1$eArnrLW1/rRzVwcR87bxEw$2A/rMWXO2MalZdh5hd4gbWYexoYip6qPZDyC0jg96MM",Parul Gonsalves,student,t,2,2026-09-07 02:00:06.879652+00,2026-09-07 02:00:06.879652+00,2026,B.E. CSE
paresh.gopalakrishnan@loyolacollege.edu,"$argon2id$v=19$m=19456,t=2,p=1$eArnrLW1/rRzVwcR87bxEw$2A/rMWXO2MalZdh5hd4gbWYexoYip6qPZDyC0jg96MM",Paresh Gopalakrishnan,student,t,2,2026-09-07 02:00:06.879652+00,2026-09-07 02:00:06.879652+00,2026,B.E. CSE
pavithra.gopalan@loyolacollege.edu,"$argon2id$v=19$m=19456,t=2,p=1$eArnrLW1/rRzVwcR87bxEw$2A/rMWXO2MalZdh5hd4gbWYexoYip6qPZDyC0jg96MM",Pavithra Gopalan,student,t,2,2026-09-07 02:00:06.879652+00,2026-09-07 02:00:06.879652+00,2026,B.E. CSE
pawan.gopinath@loyolacollege.edu,"$argon2id$v=19$m=19456,t=2,p=1$eArnrLW1/rRzVwcR87bxEw$2A/rMWXO2MalZdh5hd4gbWYexoYip6qPZDyC0jg96MM",Pawan Gopinath,student,t,2,2026-09-07 02:00:06.879652+00,2026-09-07 02:00:06.879652+00,2026,B.E. CSE
payal.goradia@loyolacollege.edu,"$argon2id$v=19$m=19456,t=2,p=1$eArnrLW1/rRzVwcR87bxEw$2A/rMWXO2MalZdh5hd4gbWYexoYip6qPZDyC0jg96MM",Payal Goradia,student,t,2,2026-09-07 02:00:06.879652+00,2026-09-07 02:00:06.879652+00,2026,B.E. CSE
pradeep.gore@loyolacollege.edu,"$argon2id$v=19$m=19456,t=2,p=1$eArnrLW1/rRzVwcR87bxEw$2A/rMWXO2MalZdh5hd4gbWYexoYip6qPZDyC0jg96MM",Pradeep Gore,student,t,2,2026-09-07 02:00:06.879652+00,2026-09-07 02:00:06.879652+00,2026,B.E. CSE
pooja.goswami@loyolacollege.edu,"$argon2id$v=19$m=19456,t=2,p=1$eArnrLW1/rRzVwcR87bxEw$2A/rMWXO2MalZdh5hd4gbWYexoYip6qPZDyC0jg96MM",Pooja Goswami,student,t,2,2026-09-07 02:00:06.879652+00,2026-09-07 02:00:06.879652+00,2026,B.E. CSE
prafull.gour@loyolacollege.edu,"$argon2id$v=19$m=19456,t=2,p=1$eArnrLW1/rRzVwcR87bxEw$2A/rMWXO2MalZdh5hd4gbWYexoYip6qPZDyC0jg96MM",Prafull Gour,student,t,2,2026-09-07 02:00:06.879652+00,2026-09-07 02:00:06.879652+00,2027,B.E. CSE
poonam.govil@loyolacollege.edu,"$argon2id$v=19$m=19456,t=2,p=1$eArnrLW1/rRzVwcR87bxEw$2A/rMWXO2MalZdh5hd4gbWYexoYip6qPZDyC0jg96MM",Poonam Govil,student,t,2,2026-09-07 02:00:06.879652+00,2026-09-07 02:00:06.879652+00,2027,B.E. CSE
prakash.gowda@loyolacollege.edu,"$argon2id$v=19$m=19456,t=2,p=1$eArnrLW1/rRzVwcR87bxEw$2A/rMWXO2MalZdh5hd4gbWYexoYip6qPZDyC0jg96MM",Prakash Gowda,student,t,2,2026-09-07 02:00:06.879652+00,2026-09-07 02:00:06.879652+00,2027,B.E. CSE
prachi.goyal@loyolacollege.edu,"$argon2id$v=19$m=19456,t=2,p=1$eArnrLW1/rRzVwcR87bxEw$2A/rMWXO2MalZdh5hd4gbWYexoYip6qPZDyC0jg96MM",Prachi Goyal,student,t,2,2026-09-07 02:00:06.879652+00,2026-09-07 02:00:06.879652+00,2027,B.E. CSE
pramod.grewal@loyolacollege.edu,"$argon2id$v=19$m=19456,t=2,p=1$eArnrLW1/rRzVwcR87bxEw$2A/rMWXO2MalZdh5hd4gbWYexoYip6qPZDyC0jg96MM",Pramod Grewal,student,t,2,2026-09-07 02:00:06.879652+00,2026-09-07 02:00:06.879652+00,2027,B.E. CSE
pragya.grover@loyolacollege.edu,"$argon2id$v=19$m=19456,t=2,p=1$eArnrLW1/rRzVwcR87bxEw$2A/rMWXO2MalZdh5hd4gbWYexoYip6qPZDyC0jg96MM",Pragya Grover,student,t,2,2026-09-07 02:00:06.879652+00,2026-09-07 02:00:06.879652+00,2027,B.E. CSE
pranav.gudi@loyolacollege.edu,"$argon2id$v=19$m=19456,t=2,p=1$eArnrLW1/rRzVwcR87bxEw$2A/rMWXO2MalZdh5hd4gbWYexoYip6qPZDyC0jg96MM",Pranav Gudi,student,t,2,2026-09-07 02:00:06.879652+00,2026-09-07 02:00:06.879652+00,2027,B.E. CSE
pranali.guha@loyolacollege.edu,"$argon2id$v=19$m=19456,t=2,p=1$eArnrLW1/rRzVwcR87bxEw$2A/rMWXO2MalZdh5hd4gbWYexoYip6qPZDyC0jg96MM",Pranali Guha,student,t,2,2026-09-07 02:00:06.879652+00,2026-09-07 02:00:06.879652+00,2027,B.E. CSE
pranay.gujral@loyolacollege.edu,"$argon2id$v=19$m=19456,t=2,p=1$eArnrLW1/rRzVwcR87bxEw$2A/rMWXO2MalZdh5hd4gbWYexoYip6qPZDyC0jg96MM",Pranay Gujral,student,t,2,2026-09-07 02:00:06.879652+00,2026-09-07 02:00:06.879652+00,2027,B.E. CSE
pratibha.gulati@loyolacollege.edu,"$argon2id$v=19$m=19456,t=2,p=1$eArnrLW1/rRzVwcR87bxEw$2A/rMWXO2MalZdh5hd4gbWYexoYip6qPZDyC0jg96MM",Pratibha Gulati,student,t,2,2026-09-07 02:00:06.879652+00,2026-09-07 02:00:06.879652+00,2027,B.E. CSE
prasad.guleria@loyolacollege.edu,"$argon2id$v=19$m=19456,t=2,p=1$eArnrLW1/rRzVwcR87bxEw$2A/rMWXO2MalZdh5hd4gbWYexoYip6qPZDyC0jg96MM",Prasad Guleria,student,t,2,2026-09-07 02:00:06.879652+00,2026-09-07 02:00:06.879652+00,2028,B.E. CSE
prerna.gulzar@loyolacollege.edu,"$argon2id$v=19$m=19456,t=2,p=1$eArnrLW1/rRzVwcR87bxEw$2A/rMWXO2MalZdh5hd4gbWYexoYip6qPZDyC0jg96MM",Prerna Gulzar,student,t,2,2026-09-07 02:00:06.879652+00,2026-09-07 02:00:06.879652+00,2028,B.E. CSE
prashant.gundappa@loyolacollege.edu,"$argon2id$v=19$m=19456,t=2,p=1$eArnrLW1/rRzVwcR87bxEw$2A/rMWXO2MalZdh5hd4gbWYexoYip6qPZDyC0jg96MM",Prashant Gundappa,student,t,2,2026-09-07 02:00:06.879652+00,2026-09-07 02:00:06.879652+00,2028,B.E. CSE
preeti.gunjikar@loyolacollege.edu,"$argon2id$v=19$m=19456,t=2,p=1$eArnrLW1/rRzVwcR87bxEw$2A/rMWXO2MalZdh5hd4gbWYexoYip6qPZDyC0jg96MM",Preeti Gunjikar,student,t,2,2026-09-07 02:00:06.879652+00,2026-09-07 02:00:06.879652+00,2028,B.E. CSE
prateek.gupte@loyolacollege.edu,"$argon2id$v=19$m=19456,t=2,p=1$eArnrLW1/rRzVwcR87bxEw$2A/rMWXO2MalZdh5hd4gbWYexoYip6qPZDyC0jg96MM",Prateek Gupte,student,t,2,2026-09-07 02:00:06.879652+00,2026-09-07 02:00:06.879652+00,2028,B.E. CSE
priya.gurung@loyolacollege.edu,"$argon2id$v=19$m=19456,t=2,p=1$eArnrLW1/rRzVwcR87bxEw$2A/rMWXO2MalZdh5hd4gbWYexoYip6qPZDyC0jg96MM",Priya Gurung,student,t,2,2026-09-07 02:00:06.879652+00,2026-09-07 02:00:06.879652+00,2028,B.E. CSE
praveen.haksar@loyolacollege.edu,"$argon2id$v=19$m=19456,t=2,p=1$eArnrLW1/rRzVwcR87bxEw$2A/rMWXO2MalZdh5hd4gbWYexoYip6qPZDyC0jg96MM",Praveen Haksar,student,t,2,2026-09-07 02:00:06.879652+00,2026-09-07 02:00:06.879652+00,2028,B.E. CSE
priyanka.haldankar@loyolacollege.edu,"$argon2id$v=19$m=19456,t=2,p=1$eArnrLW1/rRzVwcR87bxEw$2A/rMWXO2MalZdh5hd4gbWYexoYip6qPZDyC0jg96MM",Priyanka Haldankar,student,t,2,2026-09-07 02:00:06.879652+00,2026-09-07 02:00:06.879652+00,2028,B.E. CSE
prem.halder@loyolacollege.edu,"$argon2id$v=19$m=19456,t=2,p=1$eArnrLW1/rRzVwcR87bxEw$2A/rMWXO2MalZdh5hd4gbWYexoYip6qPZDyC0jg96MM",Prem Halder,student,t,2,2026-09-07 02:00:06.879652+00,2026-09-07 02:00:06.879652+00,2028,B.E. CSE
punita.hande@loyolacollege.edu,"$argon2id$v=19$m=19456,t=2,p=1$eArnrLW1/rRzVwcR87bxEw$2A/rMWXO2MalZdh5hd4gbWYexoYip6qPZDyC0jg96MM",Punita Hande,student,t,2,2026-09-07 02:00:06.879652+00,2026-09-07 02:00:06.879652+00,2028,B.E. CSE
pritam.hanspal@loyolacollege.edu,"$argon2id$v=19$m=19456,t=2,p=1$eArnrLW1/rRzVwcR87bxEw$2A/rMWXO2MalZdh5hd4gbWYexoYip6qPZDyC0jg96MM",Pritam Hanspal,student,t,2,2026-09-07 02:00:06.879652+00,2026-09-07 02:00:06.879652+00,2026,M.Tech. DS
rachna.harlalka@loyolacollege.edu,"$argon2id$v=19$m=19456,t=2,p=1$eArnrLW1/rRzVwcR87bxEw$2A/rMWXO2MalZdh5hd4gbWYexoYip6qPZDyC0jg96MM",Rachna Harlalka,student,t,2,2026-09-07 02:00:06.879652+00,2026-09-07 02:00:06.879652+00,2026,M.Tech. DS
priyesh.harsha@loyolacollege.edu,"$argon2id$v=19$m=19456,t=2,p=1$eArnrLW1/rRzVwcR87bxEw$2A/rMWXO2MalZdh5hd4gbWYexoYip6qPZDyC0jg96MM",Priyesh Harsha,student,t,2,2026-09-07 02:00:06.879652+00,2026-09-07 02:00:06.879652+00,2026,M.Tech. DS
radha.hasan@loyolacollege.edu,"$argon2id$v=19$m=19456,t=2,p=1$eArnrLW1/rRzVwcR87bxEw$2A/rMWXO2MalZdh5hd4gbWYexoYip6qPZDyC0jg96MM",Radha Hasan,student,t,2,2026-09-07 02:00:06.879652+00,2026-09-07 02:00:06.879652+00,2026,M.Tech. DS
puneet.hashmi@loyolacollege.edu,"$argon2id$v=19$m=19456,t=2,p=1$eArnrLW1/rRzVwcR87bxEw$2A/rMWXO2MalZdh5hd4gbWYexoYip6qPZDyC0jg96MM",Puneet Hashmi,student,t,2,2026-09-07 02:00:06.879652+00,2026-09-07 02:00:06.879652+00,2026,M.Tech. DS
radhika.hazarika@loyolacollege.edu,"$argon2id$v=19$m=19456,t=2,p=1$eArnrLW1/rRzVwcR87bxEw$2A/rMWXO2MalZdh5hd4gbWYexoYip6qPZDyC0jg96MM",Radhika Hazarika,student,t,2,2026-09-07 02:00:06.879652+00,2026-09-07 02:00:06.879652+00,2026,M.Tech. DS
purav.hegde@loyolacollege.edu,"$argon2id$v=19$m=19456,t=2,p=1$eArnrLW1/rRzVwcR87bxEw$2A/rMWXO2MalZdh5hd4gbWYexoYip6qPZDyC0jg96MM",Purav Hegde,student,t,2,2026-09-07 02:00:06.879652+00,2026-09-07 02:00:06.879652+00,2026,M.Tech. DS
ragini.hingorani@loyolacollege.edu,"$argon2id$v=19$m=19456,t=2,p=1$eArnrLW1/rRzVwcR87bxEw$2A/rMWXO2MalZdh5hd4gbWYexoYip6qPZDyC0jg96MM",Ragini Hingorani,student,t,2,2026-09-07 02:00:06.879652+00,2026-09-07 02:00:06.879652+00,2026,M.Tech. DS
purushottam.hira@loyolacollege.edu,"$argon2id$v=19$m=19456,t=2,p=1$eArnrLW1/rRzVwcR87bxEw$2A/rMWXO2MalZdh5hd4gbWYexoYip6qPZDyC0jg96MM",Purushottam Hira,student,t,2,2026-09-07 02:00:06.879652+00,2026-09-07 02:00:06.879652+00,2026,M.Tech. DS
rajani.hirani@loyolacollege.edu,"$argon2id$v=19$m=19456,t=2,p=1$eArnrLW1/rRzVwcR87bxEw$2A/rMWXO2MalZdh5hd4gbWYexoYip6qPZDyC0jg96MM",Rajani Hirani,student,t,2,2026-09-07 02:00:06.879652+00,2026-09-07 02:00:06.879652+00,2026,M.Tech. DS
pushkar.holkar@loyolacollege.edu,"$argon2id$v=19$m=19456,t=2,p=1$eArnrLW1/rRzVwcR87bxEw$2A/rMWXO2MalZdh5hd4gbWYexoYip6qPZDyC0jg96MM",Pushkar Holkar,student,t,2,2026-09-07 02:00:06.879652+00,2026-09-07 02:00:06.879652+00,2027,M.Tech. DS
rajeshwari.hoon@loyolacollege.edu,"$argon2id$v=19$m=19456,t=2,p=1$eArnrLW1/rRzVwcR87bxEw$2A/rMWXO2MalZdh5hd4gbWYexoYip6qPZDyC0jg96MM",Rajeshwari Hoon,student,t,2,2026-09-07 02:00:06.879652+00,2026-09-07 02:00:06.879652+00,2027,M.Tech. DS
rahul.hooli@loyolacollege.edu,"$argon2id$v=19$m=19456,t=2,p=1$eArnrLW1/rRzVwcR87bxEw$2A/rMWXO2MalZdh5hd4gbWYexoYip6qPZDyC0jg96MM",Rahul Hooli,student,t,2,2026-09-07 02:00:06.879652+00,2026-09-07 02:00:06.879652+00,2027,M.Tech. DS
rakhi.hoskote@loyolacollege.edu,"$argon2id$v=19$m=19456,t=2,p=1$eArnrLW1/rRzVwcR87bxEw$2A/rMWXO2MalZdh5hd4gbWYexoYip6qPZDyC0jg96MM",Rakhi Hoskote,student,t,2,2026-09-07 02:00:06.879652+00,2026-09-07 02:00:06.879652+00,2027,M.Tech. DS
rajan.hukku@loyolacollege.edu,"$argon2id$v=19$m=19456,t=2,p=1$eArnrLW1/rRzVwcR87bxEw$2A/rMWXO2MalZdh5hd4gbWYexoYip6qPZDyC0jg96MM",Rajan Hukku,student,t,2,2026-09-07 02:00:06.879652+00,2026-09-07 02:00:06.879652+00,2027,M.Tech. DS
rama.husain@loyolacollege.edu,"$argon2id$v=19$m=19456,t=2,p=1$eArnrLW1/rRzVwcR87bxEw$2A/rMWXO2MalZdh5hd4gbWYexoYip6qPZDyC0jg96MM",Rama Husain,student,t,2,2026-09-07 02:00:06.879652+00,2026-09-07 02:00:06.879652+00,2027,M.Tech. DS
rajeev.inamdar@loyolacollege.edu,"$argon2id$v=19$m=19456,t=2,p=1$eArnrLW1/rRzVwcR87bxEw$2A/rMWXO2MalZdh5hd4gbWYexoYip6qPZDyC0jg96MM",Rajeev Inamdar,student,t,2,2026-09-07 02:00:06.879652+00,2026-09-07 02:00:06.879652+00,2027,M.Tech. DS
rashmi.indiresan@loyolacollege.edu,"$argon2id$v=19$m=19456,t=2,p=1$eArnrLW1/rRzVwcR87bxEw$2A/rMWXO2MalZdh5hd4gbWYexoYip6qPZDyC0jg96MM",Rashmi Indiresan,student,t,2,2026-09-07 02:00:06.879652+00,2026-09-07 02:00:06.879652+00,2027,M.Tech. DS
rajendra.ingle@loyolacollege.edu,"$argon2id$v=19$m=19456,t=2,p=1$eArnrLW1/rRzVwcR87bxEw$2A/rMWXO2MalZdh5hd4gbWYexoYip6qPZDyC0jg96MM",Rajendra Ingle,student,t,2,2026-09-07 02:00:06.879652+00,2026-09-07 02:00:06.879652+00,2027,M.Tech. DS
rati.irani@loyolacollege.edu,"$argon2id$v=19$m=19456,t=2,p=1$eArnrLW1/rRzVwcR87bxEw$2A/rMWXO2MalZdh5hd4gbWYexoYip6qPZDyC0jg96MM",Rati Irani,student,t,2,2026-09-07 02:00:06.879652+00,2026-09-07 02:00:06.879652+00,2027,M.Tech. DS
rajesh.iyengar@loyolacollege.edu,"$argon2id$v=19$m=19456,t=2,p=1$eArnrLW1/rRzVwcR87bxEw$2A/rMWXO2MalZdh5hd4gbWYexoYip6qPZDyC0jg96MM",Rajesh Iyengar,student,t,2,2026-09-07 02:00:06.879652+00,2026-09-07 02:00:06.879652+00,2028,M.Tech. DS
reena.iyer@loyolacollege.edu,"$argon2id$v=19$m=19456,t=2,p=1$eArnrLW1/rRzVwcR87bxEw$2A/rMWXO2MalZdh5hd4gbWYexoYip6qPZDyC0jg96MM",Reena Iyer,student,t,2,2026-09-07 02:00:06.879652+00,2026-09-07 02:00:06.879652+00,2028,M.Tech. DS
rajiv.jadhav@loyolacollege.edu,"$argon2id$v=19$m=19456,t=2,p=1$eArnrLW1/rRzVwcR87bxEw$2A/rMWXO2MalZdh5hd4gbWYexoYip6qPZDyC0jg96MM",Rajiv Jadhav,student,t,2,2026-09-07 02:00:06.879652+00,2026-09-07 02:00:06.879652+00,2028,M.Tech. DS
rekha.jadeja@loyolacollege.edu,"$argon2id$v=19$m=19456,t=2,p=1$eArnrLW1/rRzVwcR87bxEw$2A/rMWXO2MalZdh5hd4gbWYexoYip6qPZDyC0jg96MM",Rekha Jadeja,student,t,2,2026-09-07 02:00:06.879652+00,2026-09-07 02:00:06.879652+00,2028,M.Tech. DS
rakesh.jaffrey@loyolacollege.edu,"$argon2id$v=19$m=19456,t=2,p=1$eArnrLW1/rRzVwcR87bxEw$2A/rMWXO2MalZdh5hd4gbWYexoYip6qPZDyC0jg96MM",Rakesh Jaffrey,student,t,2,2026-09-07 02:00:06.879652+00,2026-09-07 02:00:06.879652+00,2028,M.Tech. DS
renu.jagannathan@loyolacollege.edu,"$argon2id$v=19$m=19456,t=2,p=1$eArnrLW1/rRzVwcR87bxEw$2A/rMWXO2MalZdh5hd4gbWYexoYip6qPZDyC0jg96MM",Renu Jagannathan,student,t,2,2026-09-07 02:00:06.879652+00,2026-09-07 02:00:06.879652+00,2028,M.Tech. DS
ram.jaggi@loyolacollege.edu,"$argon2id$v=19$m=19456,t=2,p=1$eArnrLW1/rRzVwcR87bxEw$2A/rMWXO2MalZdh5hd4gbWYexoYip6qPZDyC0jg96MM",Ram Jaggi,student,t,2,2026-09-07 02:00:06.879652+00,2026-09-07 02:00:06.879652+00,2028,M.Tech. DS
renuka.jagtiani@loyolacollege.edu,"$argon2id$v=19$m=19456,t=2,p=1$eArnrLW1/rRzVwcR87bxEw$2A/rMWXO2MalZdh5hd4gbWYexoYip6qPZDyC0jg96MM",Renuka Jagtiani,student,t,2,2026-09-07 02:00:06.879652+00,2026-09-07 02:00:06.879652+00,2028,M.Tech. DS
ramesh.jain@loyolacollege.edu,"$argon2id$v=19$m=19456,t=2,p=1$eArnrLW1/rRzVwcR87bxEw$2A/rMWXO2MalZdh5hd4gbWYexoYip6qPZDyC0jg96MM",Ramesh Jain,student,t,2,2026-09-07 02:00:06.879652+00,2026-09-07 02:00:06.879652+00,2028,M.Tech. DS
revathi.jaiswal@loyolacollege.edu,"$argon2id$v=19$m=19456,t=2,p=1$eArnrLW1/rRzVwcR87bxEw$2A/rMWXO2MalZdh5hd4gbWYexoYip6qPZDyC0jg96MM",Revathi Jaiswal,student,t,2,2026-09-07 02:00:06.879652+00,2026-09-07 02:00:06.879652+00,2028,M.Tech. DS
ramprasad.jaitly@loyolacollege.edu,"$argon2id$v=19$m=19456,t=2,p=1$eArnrLW1/rRzVwcR87bxEw$2A/rMWXO2MalZdh5hd4gbWYexoYip6qPZDyC0jg96MM",Ramprasad Jaitly,student,t,2,2026-09-07 02:00:06.879652+00,2026-09-07 02:00:06.879652+00,2026,BBA
richa.jalan@loyolacollege.edu,"$argon2id$v=19$m=19456,t=2,p=1$eArnrLW1/rRzVwcR87bxEw$2A/rMWXO2MalZdh5hd4gbWYexoYip6qPZDyC0jg96MM",Richa Jalan,student,t,2,2026-09-07 02:00:06.879652+00,2026-09-07 02:00:06.879652+00,2026,BBA
ranbir.jambhekar@loyolacollege.edu,"$argon2id$v=19$m=19456,t=2,p=1$eArnrLW1/rRzVwcR87bxEw$2A/rMWXO2MalZdh5hd4gbWYexoYip6qPZDyC0jg96MM",Ranbir Jambhekar,student,t,2,2026-09-07 02:00:06.879652+00,2026-09-07 02:00:06.879652+00,2026,BBA
riddhi.janakiraman@loyolacollege.edu,"$argon2id$v=19$m=19456,t=2,p=1$eArnrLW1/rRzVwcR87bxEw$2A/rMWXO2MalZdh5hd4gbWYexoYip6qPZDyC0jg96MM",Riddhi Janakiraman,student,t,2,2026-09-07 02:00:06.879652+00,2026-09-07 02:00:06.879652+00,2026,BBA
ranveer.jani@loyolacollege.edu,"$argon2id$v=19$m=19456,t=2,p=1$eArnrLW1/rRzVwcR87bxEw$2A/rMWXO2MalZdh5hd4gbWYexoYip6qPZDyC0jg96MM",Ranveer Jani,student,t,2,2026-09-07 02:00:06.879652+00,2026-09-07 02:00:06.879652+00,2026,BBA
rimjhim.jaswal@loyolacollege.edu,"$argon2id$v=19$m=19456,t=2,p=1$eArnrLW1/rRzVwcR87bxEw$2A/rMWXO2MalZdh5hd4gbWYexoYip6qPZDyC0jg96MM",Rimjhim Jaswal,student,t,2,2026-09-07 02:00:06.879652+00,2026-09-07 02:00:06.879652+00,2026,BBA
ranjan.jathar@loyolacollege.edu,"$argon2id$v=19$m=19456,t=2,p=1$eArnrLW1/rRzVwcR87bxEw$2A/rMWXO2MalZdh5hd4gbWYexoYip6qPZDyC0jg96MM",Ranjan Jathar,student,t,2,2026-09-07 02:00:06.879652+00,2026-09-07 02:00:06.879652+00,2026,BBA
rina.javeri@loyolacollege.edu,"$argon2id$v=19$m=19456,t=2,p=1$eArnrLW1/rRzVwcR87bxEw$2A/rMWXO2MalZdh5hd4gbWYexoYip6qPZDyC0jg96MM",Rina Javeri,student,t,2,2026-09-07 02:00:06.879652+00,2026-09-07 02:00:06.879652+00,2026,BBA
ranjit.jayakar@loyolacollege.edu,"$argon2id$v=19$m=19456,t=2,p=1$eArnrLW1/rRzVwcR87bxEw$2A/rMWXO2MalZdh5hd4gbWYexoYip6qPZDyC0jg96MM",Ranjit Jayakar,student,t,2,2026-09-07 02:00:06.879652+00,2026-09-07 02:00:06.879652+00,2026,BBA
rini.jayaraman@loyolacollege.edu,"$argon2id$v=19$m=19456,t=2,p=1$eArnrLW1/rRzVwcR87bxEw$2A/rMWXO2MalZdh5hd4gbWYexoYip6qPZDyC0jg96MM",Rini Jayaraman,student,t,2,2026-09-07 02:00:06.879652+00,2026-09-07 02:00:06.879652+00,2026,BBA
rashid.jayaswal@loyolacollege.edu,"$argon2id$v=19$m=19456,t=2,p=1$eArnrLW1/rRzVwcR87bxEw$2A/rMWXO2MalZdh5hd4gbWYexoYip6qPZDyC0jg96MM",Rashid Jayaswal,student,t,2,2026-09-07 02:00:06.879652+00,2026-09-07 02:00:06.879652+00,2027,BBA
rishika.jedge@loyolacollege.edu,"$argon2id$v=19$m=19456,t=2,p=1$eArnrLW1/rRzVwcR87bxEw$2A/rMWXO2MalZdh5hd4gbWYexoYip6qPZDyC0jg96MM",Rishika Jedge,student,t,2,2026-09-07 02:00:06.879652+00,2026-09-07 02:00:06.879652+00,2027,BBA
ratan.jethmalani@loyolacollege.edu,"$argon2id$v=19$m=19456,t=2,p=1$eArnrLW1/rRzVwcR87bxEw$2A/rMWXO2MalZdh5hd4gbWYexoYip6qPZDyC0jg96MM",Ratan Jethmalani,student,t,2,2026-09-07 02:00:06.879652+00,2026-09-07 02:00:06.879652+00,2027,BBA
ritu.jha@loyolacollege.edu,"$argon2id$v=19$m=19456,t=2,p=1$eArnrLW1/rRzVwcR87bxEw$2A/rMWXO2MalZdh5hd4gbWYexoYip6qPZDyC0jg96MM",Ritu Jha,student,t,2,2026-09-07 02:00:06.879652+00,2026-09-07 02:00:06.879652+00,2027,BBA
ravi.jhangiani@loyolacollege.edu,"$argon2id$v=19$m=19456,t=2,p=1$eArnrLW1/rRzVwcR87bxEw$2A/rMWXO2MalZdh5hd4gbWYexoYip6qPZDyC0jg96MM",Ravi Jhangiani,student,t,2,2026-09-07 02:00:06.879652+00,2026-09-07 02:00:06.879652+00,2027,BBA
riya.jhingan@loyolacollege.edu,"$argon2id$v=19$m=19456,t=2,p=1$eArnrLW1/rRzVwcR87bxEw$2A/rMWXO2MalZdh5hd4gbWYexoYip6qPZDyC0jg96MM",Riya Jhingan,student,t,2,2026-09-07 02:00:06.879652+00,2026-09-07 02:00:06.879652+00,2027,BBA
ravindra.jog@loyolacollege.edu,"$argon2id$v=19$m=19456,t=2,p=1$eArnrLW1/rRzVwcR87bxEw$2A/rMWXO2MalZdh5hd4gbWYexoYip6qPZDyC0jg96MM",Ravindra Jog,student,t,2,2026-09-07 02:00:06.879652+00,2026-09-07 02:00:06.879652+00,2027,BBA
rohini.joglekar@loyolacollege.edu,"$argon2id$v=19$m=19456,t=2,p=1$eArnrLW1/rRzVwcR87bxEw$2A/rMWXO2MalZdh5hd4gbWYexoYip6qPZDyC0jg96MM",Rohini Joglekar,student,t,2,2026-09-07 02:00:06.879652+00,2026-09-07 02:00:06.879652+00,2027,BBA
rohan.johar@loyolacollege.edu,"$argon2id$v=19$m=19456,t=2,p=1$eArnrLW1/rRzVwcR87bxEw$2A/rMWXO2MalZdh5hd4gbWYexoYip6qPZDyC0jg96MM",Rohan Johar,student,t,2,2026-09-07 02:00:06.879652+00,2026-09-07 02:00:06.879652+00,2027,BBA
roopa.jolly@loyolacollege.edu,"$argon2id$v=19$m=19456,t=2,p=1$eArnrLW1/rRzVwcR87bxEw$2A/rMWXO2MalZdh5hd4gbWYexoYip6qPZDyC0jg96MM",Roopa Jolly,student,t,2,2026-09-07 02:00:06.879652+00,2026-09-07 02:00:06.879652+00,2027,BBA
rohit.joseph@loyolacollege.edu,"$argon2id$v=19$m=19456,t=2,p=1$eArnrLW1/rRzVwcR87bxEw$2A/rMWXO2MalZdh5hd4gbWYexoYip6qPZDyC0jg96MM",Rohit Joseph,student,t,2,2026-09-07 02:00:06.879652+00,2026-09-07 02:00:06.879652+00,2028,BBA
roshni.joshi@loyolacollege.edu,"$argon2id$v=19$m=19456,t=2,p=1$eArnrLW1/rRzVwcR87bxEw$2A/rMWXO2MalZdh5hd4gbWYexoYip6qPZDyC0jg96MM",Roshni Joshi,student,t,2,2026-09-07 02:00:06.879652+00,2026-09-07 02:00:06.879652+00,2028,BBA
ronit.juneja@loyolacollege.edu,"$argon2id$v=19$m=19456,t=2,p=1$eArnrLW1/rRzVwcR87bxEw$2A/rMWXO2MalZdh5hd4gbWYexoYip6qPZDyC0jg96MM",Ronit Juneja,student,t,2,2026-09-07 02:00:06.879652+00,2026-09-07 02:00:06.879652+00,2028,BBA
ruchi.kadambi@loyolacollege.edu,"$argon2id$v=19$m=19456,t=2,p=1$eArnrLW1/rRzVwcR87bxEw$2A/rMWXO2MalZdh5hd4gbWYexoYip6qPZDyC0jg96MM",Ruchi Kadambi,student,t,2,2026-09-07 02:00:06.879652+00,2026-09-07 02:00:06.879652+00,2028,BBA
roshan.kadam@loyolacollege.edu,"$argon2id$v=19$m=19456,t=2,p=1$eArnrLW1/rRzVwcR87bxEw$2A/rMWXO2MalZdh5hd4gbWYexoYip6qPZDyC0jg96MM",Roshan Kadam,student,t,2,2026-09-07 02:00:06.879652+00,2026-09-07 02:00:06.879652+00,2028,BBA
rupal.kagal@loyolacollege.edu,"$argon2id$v=19$m=19456,t=2,p=1$eArnrLW1/rRzVwcR87bxEw$2A/rMWXO2MalZdh5hd4gbWYexoYip6qPZDyC0jg96MM",Rupal Kagal,student,t,2,2026-09-07 02:00:06.879652+00,2026-09-07 02:00:06.879652+00,2028,BBA
rudra.kak@loyolacollege.edu,"$argon2id$v=19$m=19456,t=2,p=1$eArnrLW1/rRzVwcR87bxEw$2A/rMWXO2MalZdh5hd4gbWYexoYip6qPZDyC0jg96MM",Rudra Kak,student,t,2,2026-09-07 02:00:06.879652+00,2026-09-07 02:00:06.879652+00,2028,BBA
sadhana.kakkar@loyolacollege.edu,"$argon2id$v=19$m=19456,t=2,p=1$eArnrLW1/rRzVwcR87bxEw$2A/rMWXO2MalZdh5hd4gbWYexoYip6qPZDyC0jg96MM",Sadhana Kakkar,student,t,2,2026-09-07 02:00:06.879652+00,2026-09-07 02:00:06.879652+00,2028,BBA
sachin.kale@loyolacollege.edu,"$argon2id$v=19$m=19456,t=2,p=1$eArnrLW1/rRzVwcR87bxEw$2A/rMWXO2MalZdh5hd4gbWYexoYip6qPZDyC0jg96MM",Sachin Kale,student,t,2,2026-09-07 02:00:06.879652+00,2026-09-07 02:00:06.879652+00,2028,BBA
saisha.kalita@loyolacollege.edu,"$argon2id$v=19$m=19456,t=2,p=1$eArnrLW1/rRzVwcR87bxEw$2A/rMWXO2MalZdh5hd4gbWYexoYip6qPZDyC0jg96MM",Saisha Kalita,student,t,2,2026-09-07 02:00:06.879652+00,2026-09-07 02:00:06.879652+00,2028,BBA
sagar.kalyani@mcc.edu.in,"$argon2id$v=19$m=19456,t=2,p=1$eArnrLW1/rRzVwcR87bxEw$2A/rMWXO2MalZdh5hd4gbWYexoYip6qPZDyC0jg96MM",Sagar Kalyani,faculty,t,3,2026-09-07 02:00:06.879652+00,2026-09-07 02:00:06.879652+00,,B.Sc. Biochem
sakshi.kamath@mcc.edu.in,"$argon2id$v=19$m=19456,t=2,p=1$eArnrLW1/rRzVwcR87bxEw$2A/rMWXO2MalZdh5hd4gbWYexoYip6qPZDyC0jg96MM",Sakshi Kamath,faculty,t,3,2026-09-07 02:00:06.879652+00,2026-09-07 02:00:06.879652+00,,M.Sc. Maths
sahil.kamble@mcc.edu.in,"$argon2id$v=19$m=19456,t=2,p=1$eArnrLW1/rRzVwcR87bxEw$2A/rMWXO2MalZdh5hd4gbWYexoYip6qPZDyC0jg96MM",Sahil Kamble,faculty,t,3,2026-09-07 02:00:06.879652+00,2026-09-07 02:00:06.879652+00,,B.E. CSE
saloni.kanda@mcc.edu.in,"$argon2id$v=19$m=19456,t=2,p=1$eArnrLW1/rRzVwcR87bxEw$2A/rMWXO2MalZdh5hd4gbWYexoYip6qPZDyC0jg96MM",Saloni Kanda,faculty,t,3,2026-09-07 02:00:06.879652+00,2026-09-07 02:00:06.879652+00,,M.Tech. DS
sameer.kane@mcc.edu.in,"$argon2id$v=19$m=19456,t=2,p=1$eArnrLW1/rRzVwcR87bxEw$2A/rMWXO2MalZdh5hd4gbWYexoYip6qPZDyC0jg96MM",Sameer Kane,faculty,t,3,2026-09-07 02:00:06.879652+00,2026-09-07 02:00:06.879652+00,,BBA
samaira.kangle@mcc.edu.in,"$argon2id$v=19$m=19456,t=2,p=1$eArnrLW1/rRzVwcR87bxEw$2A/rMWXO2MalZdh5hd4gbWYexoYip6qPZDyC0jg96MM",Samaira Kangle,student,t,3,2026-09-07 02:00:06.879652+00,2026-09-07 02:00:06.879652+00,2026,B.Sc. Biochem
samir.kant@mcc.edu.in,"$argon2id$v=19$m=19456,t=2,p=1$eArnrLW1/rRzVwcR87bxEw$2A/rMWXO2MalZdh5hd4gbWYexoYip6qPZDyC0jg96MM",Samir Kant,student,t,3,2026-09-07 02:00:06.879652+00,2026-09-07 02:00:06.879652+00,2026,B.Sc. Biochem
sampada.kanwal@mcc.edu.in,"$argon2id$v=19$m=19456,t=2,p=1$eArnrLW1/rRzVwcR87bxEw$2A/rMWXO2MalZdh5hd4gbWYexoYip6qPZDyC0jg96MM",Sampada Kanwal,student,t,3,2026-09-07 02:00:06.879652+00,2026-09-07 02:00:06.879652+00,2026,B.Sc. Biochem
samarth.kapadia@mcc.edu.in,"$argon2id$v=19$m=19456,t=2,p=1$eArnrLW1/rRzVwcR87bxEw$2A/rMWXO2MalZdh5hd4gbWYexoYip6qPZDyC0jg96MM",Samarth Kapadia,student,t,3,2026-09-07 02:00:06.879652+00,2026-09-07 02:00:06.879652+00,2026,B.Sc. Biochem
sanchita.kapoor@mcc.edu.in,"$argon2id$v=19$m=19456,t=2,p=1$eArnrLW1/rRzVwcR87bxEw$2A/rMWXO2MalZdh5hd4gbWYexoYip6qPZDyC0jg96MM",Sanchita Kapoor,student,t,3,2026-09-07 02:00:06.879652+00,2026-09-07 02:00:06.879652+00,2026,B.Sc. Biochem
sandesh.kapur@mcc.edu.in,"$argon2id$v=19$m=19456,t=2,p=1$eArnrLW1/rRzVwcR87bxEw$2A/rMWXO2MalZdh5hd4gbWYexoYip6qPZDyC0jg96MM",Sandesh Kapur,student,t,3,2026-09-07 02:00:06.879652+00,2026-09-07 02:00:06.879652+00,2026,B.Sc. Biochem
sandhya.kar@mcc.edu.in,"$argon2id$v=19$m=19456,t=2,p=1$eArnrLW1/rRzVwcR87bxEw$2A/rMWXO2MalZdh5hd4gbWYexoYip6qPZDyC0jg96MM",Sandhya Kar,student,t,3,2026-09-07 02:00:06.879652+00,2026-09-07 02:00:06.879652+00,2026,B.Sc. Biochem
sandeep.karanth@mcc.edu.in,"$argon2id$v=19$m=19456,t=2,p=1$eArnrLW1/rRzVwcR87bxEw$2A/rMWXO2MalZdh5hd4gbWYexoYip6qPZDyC0jg96MM",Sandeep Karanth,student,t,3,2026-09-07 02:00:06.879652+00,2026-09-07 02:00:06.879652+00,2026,B.Sc. Biochem
sangeeta.karlekar@mcc.edu.in,"$argon2id$v=19$m=19456,t=2,p=1$eArnrLW1/rRzVwcR87bxEw$2A/rMWXO2MalZdh5hd4gbWYexoYip6qPZDyC0jg96MM",Sangeeta Karlekar,student,t,3,2026-09-07 02:00:06.879652+00,2026-09-07 02:00:06.879652+00,2026,B.Sc. Biochem
sanjay.karmakar@mcc.edu.in,"$argon2id$v=19$m=19456,t=2,p=1$eArnrLW1/rRzVwcR87bxEw$2A/rMWXO2MalZdh5hd4gbWYexoYip6qPZDyC0jg96MM",Sanjay Karmakar,student,t,3,2026-09-07 02:00:06.879652+00,2026-09-07 02:00:06.879652+00,2026,B.Sc. Biochem
sania.karnad@mcc.edu.in,"$argon2id$v=19$m=19456,t=2,p=1$eArnrLW1/rRzVwcR87bxEw$2A/rMWXO2MalZdh5hd4gbWYexoYip6qPZDyC0jg96MM",Sania Karnad,student,t,3,2026-09-07 02:00:06.879652+00,2026-09-07 02:00:06.879652+00,2027,B.Sc. Biochem
sanjeev.karnik@mcc.edu.in,"$argon2id$v=19$m=19456,t=2,p=1$eArnrLW1/rRzVwcR87bxEw$2A/rMWXO2MalZdh5hd4gbWYexoYip6qPZDyC0jg96MM",Sanjeev Karnik,student,t,3,2026-09-07 02:00:06.879652+00,2026-09-07 02:00:06.879652+00,2027,B.Sc. Biochem
sanjana.karpe@mcc.edu.in,"$argon2id$v=19$m=19456,t=2,p=1$eArnrLW1/rRzVwcR87bxEw$2A/rMWXO2MalZdh5hd4gbWYexoYip6qPZDyC0jg96MM",Sanjana Karpe,student,t,3,2026-09-07 02:00:06.879652+00,2026-09-07 02:00:06.879652+00,2027,B.Sc. Biochem
santosh.kashyap@mcc.edu.in,"$argon2id$v=19$m=19456,t=2,p=1$eArnrLW1/rRzVwcR87bxEw$2A/rMWXO2MalZdh5hd4gbWYexoYip6qPZDyC0jg96MM",Santosh Kashyap,student,t,3,2026-09-07 02:00:06.879652+00,2026-09-07 02:00:06.879652+00,2027,B.Sc. Biochem
sanjoli.kasturirangan@mcc.edu.in,"$argon2id$v=19$m=19456,t=2,p=1$eArnrLW1/rRzVwcR87bxEw$2A/rMWXO2MalZdh5hd4gbWYexoYip6qPZDyC0jg96MM",Sanjoli Kasturirangan,student,t,3,2026-09-07 02:00:06.879652+00,2026-09-07 02:00:06.879652+00,2027,B.Sc. Biochem
sarang.kasliwal@mcc.edu.in,"$argon2id$v=19$m=19456,t=2,p=1$eArnrLW1/rRzVwcR87bxEw$2A/rMWXO2MalZdh5hd4gbWYexoYip6qPZDyC0jg96MM",Sarang Kasliwal,student,t,3,2026-09-07 02:00:06.879652+00,2026-09-07 02:00:06.879652+00,2027,B.Sc. Biochem
sapna.kataria@mcc.edu.in,"$argon2id$v=19$m=19456,t=2,p=1$eArnrLW1/rRzVwcR87bxEw$2A/rMWXO2MalZdh5hd4gbWYexoYip6qPZDyC0jg96MM",Sapna Kataria,student,t,3,2026-09-07 02:00:06.879652+00,2026-09-07 02:00:06.879652+00,2027,B.Sc. Biochem
sarvesh.katewa@mcc.edu.in,"$argon2id$v=19$m=19456,t=2,p=1$eArnrLW1/rRzVwcR87bxEw$2A/rMWXO2MalZdh5hd4gbWYexoYip6qPZDyC0jg96MM",Sarvesh Katewa,student,t,3,2026-09-07 02:00:06.879652+00,2026-09-07 02:00:06.879652+00,2027,B.Sc. Biochem
sarala.kathuria@mcc.edu.in,"$argon2id$v=19$m=19456,t=2,p=1$eArnrLW1/rRzVwcR87bxEw$2A/rMWXO2MalZdh5hd4gbWYexoYip6qPZDyC0jg96MM",Sarala Kathuria,student,t,3,2026-09-07 02:00:06.879652+00,2026-09-07 02:00:06.879652+00,2027,B.Sc. Biochem
satish.katju@mcc.edu.in,"$argon2id$v=19$m=19456,t=2,p=1$eArnrLW1/rRzVwcR87bxEw$2A/rMWXO2MalZdh5hd4gbWYexoYip6qPZDyC0jg96MM",Satish Katju,student,t,3,2026-09-07 02:00:06.879652+00,2026-09-07 02:00:06.879652+00,2027,B.Sc. Biochem
sarika.kaul@mcc.edu.in,"$argon2id$v=19$m=19456,t=2,p=1$eArnrLW1/rRzVwcR87bxEw$2A/rMWXO2MalZdh5hd4gbWYexoYip6qPZDyC0jg96MM",Sarika Kaul,student,t,3,2026-09-07 02:00:06.879652+00,2026-09-07 02:00:06.879652+00,2028,B.Sc. Biochem
satyendra.kaur@mcc.edu.in,"$argon2id$v=19$m=19456,t=2,p=1$eArnrLW1/rRzVwcR87bxEw$2A/rMWXO2MalZdh5hd4gbWYexoYip6qPZDyC0jg96MM",Satyendra Kaur,student,t,3,2026-09-07 02:00:06.879652+00,2026-09-07 02:00:06.879652+00,2028,B.Sc. Biochem
sarita.kaushik@mcc.edu.in,"$argon2id$v=19$m=19456,t=2,p=1$eArnrLW1/rRzVwcR87bxEw$2A/rMWXO2MalZdh5hd4gbWYexoYip6qPZDyC0jg96MM",Sarita Kaushik,student,t,3,2026-09-07 02:00:06.879652+00,2026-09-07 02:00:06.879652+00,2028,B.Sc. Biochem
saurabh.kazi@mcc.edu.in,"$argon2id$v=19$m=19456,t=2,p=1$eArnrLW1/rRzVwcR87bxEw$2A/rMWXO2MalZdh5hd4gbWYexoYip6qPZDyC0jg96MM",Saurabh Kazi,student,t,3,2026-09-07 02:00:06.879652+00,2026-09-07 02:00:06.879652+00,2028,B.Sc. Biochem
saroj.kelkar@mcc.edu.in,"$argon2id$v=19$m=19456,t=2,p=1$eArnrLW1/rRzVwcR87bxEw$2A/rMWXO2MalZdh5hd4gbWYexoYip6qPZDyC0jg96MM",Saroj Kelkar,student,t,3,2026-09-07 02:00:06.879652+00,2026-09-07 02:00:06.879652+00,2028,B.Sc. Biochem
shailendra.kelshikar@mcc.edu.in,"$argon2id$v=19$m=19456,t=2,p=1$eArnrLW1/rRzVwcR87bxEw$2A/rMWXO2MalZdh5hd4gbWYexoYip6qPZDyC0jg96MM",Shailendra Kelshikar,student,t,3,2026-09-07 02:00:06.879652+00,2026-09-07 02:00:06.879652+00,2028,B.Sc. Biochem
saujanya.kesavan@mcc.edu.in,"$argon2id$v=19$m=19456,t=2,p=1$eArnrLW1/rRzVwcR87bxEw$2A/rMWXO2MalZdh5hd4gbWYexoYip6qPZDyC0jg96MM",Saujanya Kesavan,student,t,3,2026-09-07 02:00:06.879652+00,2026-09-07 02:00:06.879652+00,2028,B.Sc. Biochem
shailesh.keshari@mcc.edu.in,"$argon2id$v=19$m=19456,t=2,p=1$eArnrLW1/rRzVwcR87bxEw$2A/rMWXO2MalZdh5hd4gbWYexoYip6qPZDyC0jg96MM",Shailesh Keshari,student,t,3,2026-09-07 02:00:06.879652+00,2026-09-07 02:00:06.879652+00,2028,B.Sc. Biochem
saumya.ketkar@mcc.edu.in,"$argon2id$v=19$m=19456,t=2,p=1$eArnrLW1/rRzVwcR87bxEw$2A/rMWXO2MalZdh5hd4gbWYexoYip6qPZDyC0jg96MM",Saumya Ketkar,student,t,3,2026-09-07 02:00:06.879652+00,2026-09-07 02:00:06.879652+00,2028,B.Sc. Biochem
shakti.kewalramani@mcc.edu.in,"$argon2id$v=19$m=19456,t=2,p=1$eArnrLW1/rRzVwcR87bxEw$2A/rMWXO2MalZdh5hd4gbWYexoYip6qPZDyC0jg96MM",Shakti Kewalramani,student,t,3,2026-09-07 02:00:06.879652+00,2026-09-07 02:00:06.879652+00,2028,B.Sc. Biochem
savita.khaitan@mcc.edu.in,"$argon2id$v=19$m=19456,t=2,p=1$eArnrLW1/rRzVwcR87bxEw$2A/rMWXO2MalZdh5hd4gbWYexoYip6qPZDyC0jg96MM",Savita Khaitan,student,t,3,2026-09-07 02:00:06.879652+00,2026-09-07 02:00:06.879652+00,2026,M.Sc. Maths
shankar.khan@mcc.edu.in,"$argon2id$v=19$m=19456,t=2,p=1$eArnrLW1/rRzVwcR87bxEw$2A/rMWXO2MalZdh5hd4gbWYexoYip6qPZDyC0jg96MM",Shankar Khan,student,t,3,2026-09-07 02:00:06.879652+00,2026-09-07 02:00:06.879652+00,2026,M.Sc. Maths
seema.khandekar@mcc.edu.in,"$argon2id$v=19$m=19456,t=2,p=1$eArnrLW1/rRzVwcR87bxEw$2A/rMWXO2MalZdh5hd4gbWYexoYip6qPZDyC0jg96MM",Seema Khandekar,student,t,3,2026-09-07 02:00:06.879652+00,2026-09-07 02:00:06.879652+00,2026,M.Sc. Maths
shantanu.khanna@mcc.edu.in,"$argon2id$v=19$m=19456,t=2,p=1$eArnrLW1/rRzVwcR87bxEw$2A/rMWXO2MalZdh5hd4gbWYexoYip6qPZDyC0jg96MM",Shantanu Khanna,student,t,3,2026-09-07 02:00:06.879652+00,2026-09-07 02:00:06.879652+00,2026,M.Sc. Maths
shalini.khare@mcc.edu.in,"$argon2id$v=19$m=19456,t=2,p=1$eArnrLW1/rRzVwcR87bxEw$2A/rMWXO2MalZdh5hd4gbWYexoYip6qPZDyC0jg96MM",Shalini Khare,student,t,3,2026-09-07 02:00:06.879652+00,2026-09-07 02:00:06.879652+00,2026,M.Sc. Maths
sharad.khasnobis@mcc.edu.in,"$argon2id$v=19$m=19456,t=2,p=1$eArnrLW1/rRzVwcR87bxEw$2A/rMWXO2MalZdh5hd4gbWYexoYip6qPZDyC0jg96MM",Sharad Khasnobis,student,t,3,2026-09-07 02:00:06.879652+00,2026-09-07 02:00:06.879652+00,2026,M.Sc. Maths
sharmila.khemka@mcc.edu.in,"$argon2id$v=19$m=19456,t=2,p=1$eArnrLW1/rRzVwcR87bxEw$2A/rMWXO2MalZdh5hd4gbWYexoYip6qPZDyC0jg96MM",Sharmila Khemka,student,t,3,2026-09-07 02:00:06.879652+00,2026-09-07 02:00:06.879652+00,2026,M.Sc. Maths
shashank.khilnani@mcc.edu.in,"$argon2id$v=19$m=19456,t=2,p=1$eArnrLW1/rRzVwcR87bxEw$2A/rMWXO2MalZdh5hd4gbWYexoYip6qPZDyC0jg96MM",Shashank Khilnani,student,t,3,2026-09-07 02:00:06.879652+00,2026-09-07 02:00:06.879652+00,2026,M.Sc. Maths
sharon.khopkar@mcc.edu.in,"$argon2id$v=19$m=19456,t=2,p=1$eArnrLW1/rRzVwcR87bxEw$2A/rMWXO2MalZdh5hd4gbWYexoYip6qPZDyC0jg96MM",Sharon Khopkar,student,t,3,2026-09-07 02:00:06.879652+00,2026-09-07 02:00:06.879652+00,2026,M.Sc. Maths
shashi.khorana@mcc.edu.in,"$argon2id$v=19$m=19456,t=2,p=1$eArnrLW1/rRzVwcR87bxEw$2A/rMWXO2MalZdh5hd4gbWYexoYip6qPZDyC0jg96MM",Shashi Khorana,student,t,3,2026-09-07 02:00:06.879652+00,2026-09-07 02:00:06.879652+00,2026,M.Sc. Maths
sheetal.khosla@mcc.edu.in,"$argon2id$v=19$m=19456,t=2,p=1$eArnrLW1/rRzVwcR87bxEw$2A/rMWXO2MalZdh5hd4gbWYexoYip6qPZDyC0jg96MM",Sheetal Khosla,student,t,3,2026-09-07 02:00:06.879652+00,2026-09-07 02:00:06.879652+00,2027,M.Sc. Maths
shekhar.khote@mcc.edu.in,"$argon2id$v=19$m=19456,t=2,p=1$eArnrLW1/rRzVwcR87bxEw$2A/rMWXO2MalZdh5hd4gbWYexoYip6qPZDyC0jg96MM",Shekhar Khote,student,t,3,2026-09-07 02:00:06.879652+00,2026-09-07 02:00:06.879652+00,2027,M.Sc. Maths
shefali.khurana@mcc.edu.in,"$argon2id$v=19$m=19456,t=2,p=1$eArnrLW1/rRzVwcR87bxEw$2A/rMWXO2MalZdh5hd4gbWYexoYip6qPZDyC0jg96MM",Shefali Khurana,student,t,3,2026-09-07 02:00:06.879652+00,2026-09-07 02:00:06.879652+00,2027,M.Sc. Maths
shikhar.kidwai@mcc.edu.in,"$argon2id$v=19$m=19456,t=2,p=1$eArnrLW1/rRzVwcR87bxEw$2A/rMWXO2MalZdh5hd4gbWYexoYip6qPZDyC0jg96MM",Shikhar Kidwai,student,t,3,2026-09-07 02:00:06.879652+00,2026-09-07 02:00:06.879652+00,2027,M.Sc. Maths
shikha.kini@mcc.edu.in,"$argon2id$v=19$m=19456,t=2,p=1$eArnrLW1/rRzVwcR87bxEw$2A/rMWXO2MalZdh5hd4gbWYexoYip6qPZDyC0jg96MM",Shikha Kini,student,t,3,2026-09-07 02:00:06.879652+00,2026-09-07 02:00:06.879652+00,2027,M.Sc. Maths
shirish.kirpal@mcc.edu.in,"$argon2id$v=19$m=19456,t=2,p=1$eArnrLW1/rRzVwcR87bxEw$2A/rMWXO2MalZdh5hd4gbWYexoYip6qPZDyC0jg96MM",Shirish Kirpal,student,t,3,2026-09-07 02:00:06.879652+00,2026-09-07 02:00:06.879652+00,2027,M.Sc. Maths
shipra.kirloskar@mcc.edu.in,"$argon2id$v=19$m=19456,t=2,p=1$eArnrLW1/rRzVwcR87bxEw$2A/rMWXO2MalZdh5hd4gbWYexoYip6qPZDyC0jg96MM",Shipra Kirloskar,student,t,3,2026-09-07 02:00:06.879652+00,2026-09-07 02:00:06.879652+00,2027,M.Sc. Maths
shivam.kochhar@mcc.edu.in,"$argon2id$v=19$m=19456,t=2,p=1$eArnrLW1/rRzVwcR87bxEw$2A/rMWXO2MalZdh5hd4gbWYexoYip6qPZDyC0jg96MM",Shivam Kochhar,student,t,3,2026-09-07 02:00:06.879652+00,2026-09-07 02:00:06.879652+00,2027,M.Sc. Maths
shivangi.kodandaram@mcc.edu.in,"$argon2id$v=19$m=19456,t=2,p=1$eArnrLW1/rRzVwcR87bxEw$2A/rMWXO2MalZdh5hd4gbWYexoYip6qPZDyC0jg96MM",Shivangi Kodandaram,student,t,3,2026-09-07 02:00:06.879652+00,2026-09-07 02:00:06.879652+00,2027,M.Sc. Maths
shivendra.kodkani@mcc.edu.in,"$argon2id$v=19$m=19456,t=2,p=1$eArnrLW1/rRzVwcR87bxEw$2A/rMWXO2MalZdh5hd4gbWYexoYip6qPZDyC0jg96MM",Shivendra Kodkani,student,t,3,2026-09-07 02:00:06.879652+00,2026-09-07 02:00:06.879652+00,2027,M.Sc. Maths
shivani.kohl@mcc.edu.in,"$argon2id$v=19$m=19456,t=2,p=1$eArnrLW1/rRzVwcR87bxEw$2A/rMWXO2MalZdh5hd4gbWYexoYip6qPZDyC0jg96MM",Shivani Kohl,student,t,3,2026-09-07 02:00:06.879652+00,2026-09-07 02:00:06.879652+00,2028,M.Sc. Maths
shobhit.kohli@mcc.edu.in,"$argon2id$v=19$m=19456,t=2,p=1$eArnrLW1/rRzVwcR87bxEw$2A/rMWXO2MalZdh5hd4gbWYexoYip6qPZDyC0jg96MM",Shobhit Kohli,student,t,3,2026-09-07 02:00:06.879652+00,2026-09-07 02:00:06.879652+00,2028,M.Sc. Maths
shobha.kolar@mcc.edu.in,"$argon2id$v=19$m=19456,t=2,p=1$eArnrLW1/rRzVwcR87bxEw$2A/rMWXO2MalZdh5hd4gbWYexoYip6qPZDyC0jg96MM",Shobha Kolar,student,t,3,2026-09-07 02:00:06.879652+00,2026-09-07 02:00:06.879652+00,2028,M.Sc. Maths
shreyas.kolekar@mcc.edu.in,"$argon2id$v=19$m=19456,t=2,p=1$eArnrLW1/rRzVwcR87bxEw$2A/rMWXO2MalZdh5hd4gbWYexoYip6qPZDyC0jg96MM",Shreyas Kolekar,student,t,3,2026-09-07 02:00:06.879652+00,2026-09-07 02:00:06.879652+00,2028,M.Sc. Maths
shraddha.kolhatkar@mcc.edu.in,"$argon2id$v=19$m=19456,t=2,p=1$eArnrLW1/rRzVwcR87bxEw$2A/rMWXO2MalZdh5hd4gbWYexoYip6qPZDyC0jg96MM",Shraddha Kolhatkar,student,t,3,2026-09-07 02:00:06.879652+00,2026-09-07 02:00:06.879652+00,2028,M.Sc. Maths
shrikant.kommineni@mcc.edu.in,"$argon2id$v=19$m=19456,t=2,p=1$eArnrLW1/rRzVwcR87bxEw$2A/rMWXO2MalZdh5hd4gbWYexoYip6qPZDyC0jg96MM",Shrikant Kommineni,student,t,3,2026-09-07 02:00:06.879652+00,2026-09-07 02:00:06.879652+00,2028,M.Sc. Maths
shreya.kondapalli@mcc.edu.in,"$argon2id$v=19$m=19456,t=2,p=1$eArnrLW1/rRzVwcR87bxEw$2A/rMWXO2MalZdh5hd4gbWYexoYip6qPZDyC0jg96MM",Shreya Kondapalli,student,t,3,2026-09-07 02:00:06.879652+00,2026-09-07 02:00:06.879652+00,2028,M.Sc. Maths
shrinivas.konda@mcc.edu.in,"$argon2id$v=19$m=19456,t=2,p=1$eArnrLW1/rRzVwcR87bxEw$2A/rMWXO2MalZdh5hd4gbWYexoYip6qPZDyC0jg96MM",Shrinivas Konda,student,t,3,2026-09-07 02:00:06.879652+00,2026-09-07 02:00:06.879652+00,2028,M.Sc. Maths
shruti.konidela@mcc.edu.in,"$argon2id$v=19$m=19456,t=2,p=1$eArnrLW1/rRzVwcR87bxEw$2A/rMWXO2MalZdh5hd4gbWYexoYip6qPZDyC0jg96MM",Shruti Konidela,student,t,3,2026-09-07 02:00:06.879652+00,2026-09-07 02:00:06.879652+00,2028,M.Sc. Maths
shubham.korde@mcc.edu.in,"$argon2id$v=19$m=19456,t=2,p=1$eArnrLW1/rRzVwcR87bxEw$2A/rMWXO2MalZdh5hd4gbWYexoYip6qPZDyC0jg96MM",Shubham Korde,student,t,3,2026-09-07 02:00:06.879652+00,2026-09-07 02:00:06.879652+00,2028,M.Sc. Maths
shweta.korgaonkar@mcc.edu.in,"$argon2id$v=19$m=19456,t=2,p=1$eArnrLW1/rRzVwcR87bxEw$2A/rMWXO2MalZdh5hd4gbWYexoYip6qPZDyC0jg96MM",Shweta Korgaonkar,student,t,3,2026-09-07 02:00:06.879652+00,2026-09-07 02:00:06.879652+00,2026,B.E. CSE
shyam.kothari@mcc.edu.in,"$argon2id$v=19$m=19456,t=2,p=1$eArnrLW1/rRzVwcR87bxEw$2A/rMWXO2MalZdh5hd4gbWYexoYip6qPZDyC0jg96MM",Shyam Kothari,student,t,3,2026-09-07 02:00:06.879652+00,2026-09-07 02:00:06.879652+00,2026,B.E. CSE
sia.kotnis@mcc.edu.in,"$argon2id$v=19$m=19456,t=2,p=1$eArnrLW1/rRzVwcR87bxEw$2A/rMWXO2MalZdh5hd4gbWYexoYip6qPZDyC0jg96MM",Sia Kotnis,student,t,3,2026-09-07 02:00:06.879652+00,2026-09-07 02:00:06.879652+00,2026,B.E. CSE
siddharth.koul@mcc.edu.in,"$argon2id$v=19$m=19456,t=2,p=1$eArnrLW1/rRzVwcR87bxEw$2A/rMWXO2MalZdh5hd4gbWYexoYip6qPZDyC0jg96MM",Siddharth Koul,student,t,3,2026-09-07 02:00:06.879652+00,2026-09-07 02:00:06.879652+00,2026,B.E. CSE
simran.krishnakumar@mcc.edu.in,"$argon2id$v=19$m=19456,t=2,p=1$eArnrLW1/rRzVwcR87bxEw$2A/rMWXO2MalZdh5hd4gbWYexoYip6qPZDyC0jg96MM",Simran Krishnakumar,student,t,3,2026-09-07 02:00:06.879652+00,2026-09-07 02:00:06.879652+00,2026,B.E. CSE
siddhesh.krishnamurthy@mcc.edu.in,"$argon2id$v=19$m=19456,t=2,p=1$eArnrLW1/rRzVwcR87bxEw$2A/rMWXO2MalZdh5hd4gbWYexoYip6qPZDyC0jg96MM",Siddhesh Krishnamurthy,student,t,3,2026-09-07 02:00:06.879652+00,2026-09-07 02:00:06.879652+00,2026,B.E. CSE
smita.krishnan@mcc.edu.in,"$argon2id$v=19$m=19456,t=2,p=1$eArnrLW1/rRzVwcR87bxEw$2A/rMWXO2MalZdh5hd4gbWYexoYip6qPZDyC0jg96MM",Smita Krishnan,student,t,3,2026-09-07 02:00:06.879652+00,2026-09-07 02:00:06.879652+00,2026,B.E. CSE
sohan.kulkarni@mcc.edu.in,"$argon2id$v=19$m=19456,t=2,p=1$eArnrLW1/rRzVwcR87bxEw$2A/rMWXO2MalZdh5hd4gbWYexoYip6qPZDyC0jg96MM",Sohan Kulkarni,student,t,3,2026-09-07 02:00:06.879652+00,2026-09-07 02:00:06.879652+00,2026,B.E. CSE
smriti.kulkarni-patil@mcc.edu.in,"$argon2id$v=19$m=19456,t=2,p=1$eArnrLW1/rRzVwcR87bxEw$2A/rMWXO2MalZdh5hd4gbWYexoYip6qPZDyC0jg96MM",Smriti Kulkarni-Patil,student,t,3,2026-09-07 02:00:06.879652+00,2026-09-07 02:00:06.879652+00,2026,B.E. CSE
somesh.kumar@mcc.edu.in,"$argon2id$v=19$m=19456,t=2,p=1$eArnrLW1/rRzVwcR87bxEw$2A/rMWXO2MalZdh5hd4gbWYexoYip6qPZDyC0jg96MM",Somesh Kumar,student,t,3,2026-09-07 02:00:06.879652+00,2026-09-07 02:00:06.879652+00,2026,B.E. CSE
sneha.kumaramangalam@mcc.edu.in,"$argon2id$v=19$m=19456,t=2,p=1$eArnrLW1/rRzVwcR87bxEw$2A/rMWXO2MalZdh5hd4gbWYexoYip6qPZDyC0jg96MM",Sneha Kumaramangalam,student,t,3,2026-09-07 02:00:06.879652+00,2026-09-07 02:00:06.879652+00,2027,B.E. CSE
sourav.kumbhani@mcc.edu.in,"$argon2id$v=19$m=19456,t=2,p=1$eArnrLW1/rRzVwcR87bxEw$2A/rMWXO2MalZdh5hd4gbWYexoYip6qPZDyC0jg96MM",Sourav Kumbhani,student,t,3,2026-09-07 02:00:06.879652+00,2026-09-07 02:00:06.879652+00,2027,B.E. CSE
sonal.kundra@mcc.edu.in,"$argon2id$v=19$m=19456,t=2,p=1$eArnrLW1/rRzVwcR87bxEw$2A/rMWXO2MalZdh5hd4gbWYexoYip6qPZDyC0jg96MM",Sonal Kundra,student,t,3,2026-09-07 02:00:06.879652+00,2026-09-07 02:00:06.879652+00,2027,B.E. CSE
sparsh.kunte@mcc.edu.in,"$argon2id$v=19$m=19456,t=2,p=1$eArnrLW1/rRzVwcR87bxEw$2A/rMWXO2MalZdh5hd4gbWYexoYip6qPZDyC0jg96MM",Sparsh Kunte,student,t,3,2026-09-07 02:00:06.879652+00,2026-09-07 02:00:06.879652+00,2027,B.E. CSE
sonali.kurien@mcc.edu.in,"$argon2id$v=19$m=19456,t=2,p=1$eArnrLW1/rRzVwcR87bxEw$2A/rMWXO2MalZdh5hd4gbWYexoYip6qPZDyC0jg96MM",Sonali Kurien,student,t,3,2026-09-07 02:00:06.879652+00,2026-09-07 02:00:06.879652+00,2027,B.E. CSE
subhash.kurup@mcc.edu.in,"$argon2id$v=19$m=19456,t=2,p=1$eArnrLW1/rRzVwcR87bxEw$2A/rMWXO2MalZdh5hd4gbWYexoYip6qPZDyC0jg96MM",Subhash Kurup,student,t,3,2026-09-07 02:00:06.879652+00,2026-09-07 02:00:06.879652+00,2027,B.E. CSE
sonam.kushwaha@mcc.edu.in,"$argon2id$v=19$m=19456,t=2,p=1$eArnrLW1/rRzVwcR87bxEw$2A/rMWXO2MalZdh5hd4gbWYexoYip6qPZDyC0jg96MM",Sonam Kushwaha,student,t,3,2026-09-07 02:00:06.879652+00,2026-09-07 02:00:06.879652+00,2027,B.E. CSE
sudeep.lad@mcc.edu.in,"$argon2id$v=19$m=19456,t=2,p=1$eArnrLW1/rRzVwcR87bxEw$2A/rMWXO2MalZdh5hd4gbWYexoYip6qPZDyC0jg96MM",Sudeep Lad,student,t,3,2026-09-07 02:00:06.879652+00,2026-09-07 02:00:06.879652+00,2027,B.E. CSE
sonia.lahiri@mcc.edu.in,"$argon2id$v=19$m=19456,t=2,p=1$eArnrLW1/rRzVwcR87bxEw$2A/rMWXO2MalZdh5hd4gbWYexoYip6qPZDyC0jg96MM",Sonia Lahiri,student,t,3,2026-09-07 02:00:06.879652+00,2026-09-07 02:00:06.879652+00,2027,B.E. CSE
sudhanshu.lall@mcc.edu.in,"$argon2id$v=19$m=19456,t=2,p=1$eArnrLW1/rRzVwcR87bxEw$2A/rMWXO2MalZdh5hd4gbWYexoYip6qPZDyC0jg96MM",Sudhanshu Lall,student,t,3,2026-09-07 02:00:06.879652+00,2026-09-07 02:00:06.879652+00,2027,B.E. CSE
sonika.lalwani@mcc.edu.in,"$argon2id$v=19$m=19456,t=2,p=1$eArnrLW1/rRzVwcR87bxEw$2A/rMWXO2MalZdh5hd4gbWYexoYip6qPZDyC0jg96MM",Sonika Lalwani,student,t,3,2026-09-07 02:00:06.879652+00,2026-09-07 02:00:06.879652+00,2028,B.E. CSE
sudhir.lamba@mcc.edu.in,"$argon2id$v=19$m=19456,t=2,p=1$eArnrLW1/rRzVwcR87bxEw$2A/rMWXO2MalZdh5hd4gbWYexoYip6qPZDyC0jg96MM",Sudhir Lamba,student,t,3,2026-09-07 02:00:06.879652+00,2026-09-07 02:00:06.879652+00,2028,B.E. CSE
soumya.latkar@mcc.edu.in,"$argon2id$v=19$m=19456,t=2,p=1$eArnrLW1/rRzVwcR87bxEw$2A/rMWXO2MalZdh5hd4gbWYexoYip6qPZDyC0jg96MM",Soumya Latkar,student,t,3,2026-09-07 02:00:06.879652+00,2026-09-07 02:00:06.879652+00,2028,B.E. CSE
sujay.lavakare@mcc.edu.in,"$argon2id$v=19$m=19456,t=2,p=1$eArnrLW1/rRzVwcR87bxEw$2A/rMWXO2MalZdh5hd4gbWYexoYip6qPZDyC0jg96MM",Sujay Lavakare,student,t,3,2026-09-07 02:00:06.879652+00,2026-09-07 02:00:06.879652+00,2028,B.E. CSE
spandana.lele@mcc.edu.in,"$argon2id$v=19$m=19456,t=2,p=1$eArnrLW1/rRzVwcR87bxEw$2A/rMWXO2MalZdh5hd4gbWYexoYip6qPZDyC0jg96MM",Spandana Lele,student,t,3,2026-09-07 02:00:06.879652+00,2026-09-07 02:00:06.879652+00,2028,B.E. CSE
sujit.limaye@mcc.edu.in,"$argon2id$v=19$m=19456,t=2,p=1$eArnrLW1/rRzVwcR87bxEw$2A/rMWXO2MalZdh5hd4gbWYexoYip6qPZDyC0jg96MM",Sujit Limaye,student,t,3,2026-09-07 02:00:06.879652+00,2026-09-07 02:00:06.879652+00,2028,B.E. CSE
sreela.lodha@mcc.edu.in,"$argon2id$v=19$m=19456,t=2,p=1$eArnrLW1/rRzVwcR87bxEw$2A/rMWXO2MalZdh5hd4gbWYexoYip6qPZDyC0jg96MM",Sreela Lodha,student,t,3,2026-09-07 02:00:06.879652+00,2026-09-07 02:00:06.879652+00,2028,B.E. CSE
suman.lohani@mcc.edu.in,"$argon2id$v=19$m=19456,t=2,p=1$eArnrLW1/rRzVwcR87bxEw$2A/rMWXO2MalZdh5hd4gbWYexoYip6qPZDyC0jg96MM",Suman Lohani,student,t,3,2026-09-07 02:00:06.879652+00,2026-09-07 02:00:06.879652+00,2028,B.E. CSE
srishti.lokhande@mcc.edu.in,"$argon2id$v=19$m=19456,t=2,p=1$eArnrLW1/rRzVwcR87bxEw$2A/rMWXO2MalZdh5hd4gbWYexoYip6qPZDyC0jg96MM",Srishti Lokhande,student,t,3,2026-09-07 02:00:06.879652+00,2026-09-07 02:00:06.879652+00,2028,B.E. CSE
sumit.lulla@mcc.edu.in,"$argon2id$v=19$m=19456,t=2,p=1$eArnrLW1/rRzVwcR87bxEw$2A/rMWXO2MalZdh5hd4gbWYexoYip6qPZDyC0jg96MM",Sumit Lulla,student,t,3,2026-09-07 02:00:06.879652+00,2026-09-07 02:00:06.879652+00,2028,B.E. CSE
sthiti.luthra@mcc.edu.in,"$argon2id$v=19$m=19456,t=2,p=1$eArnrLW1/rRzVwcR87bxEw$2A/rMWXO2MalZdh5hd4gbWYexoYip6qPZDyC0jg96MM",Sthiti Luthra,student,t,3,2026-09-07 02:00:06.879652+00,2026-09-07 02:00:06.879652+00,2026,M.Tech. DS
sunder.machado@mcc.edu.in,"$argon2id$v=19$m=19456,t=2,p=1$eArnrLW1/rRzVwcR87bxEw$2A/rMWXO2MalZdh5hd4gbWYexoYip6qPZDyC0jg96MM",Sunder Machado,student,t,3,2026-09-07 02:00:06.879652+00,2026-09-07 02:00:06.879652+00,2026,M.Tech. DS
subhashree.madan@mcc.edu.in,"$argon2id$v=19$m=19456,t=2,p=1$eArnrLW1/rRzVwcR87bxEw$2A/rMWXO2MalZdh5hd4gbWYexoYip6qPZDyC0jg96MM",Subhashree Madan,student,t,3,2026-09-07 02:00:06.879652+00,2026-09-07 02:00:06.879652+00,2026,M.Tech. DS
sunil.madhok@mcc.edu.in,"$argon2id$v=19$m=19456,t=2,p=1$eArnrLW1/rRzVwcR87bxEw$2A/rMWXO2MalZdh5hd4gbWYexoYip6qPZDyC0jg96MM",Sunil Madhok,student,t,3,2026-09-07 02:00:06.879652+00,2026-09-07 02:00:06.879652+00,2026,M.Tech. DS
suchitra.madhusudan@mcc.edu.in,"$argon2id$v=19$m=19456,t=2,p=1$eArnrLW1/rRzVwcR87bxEw$2A/rMWXO2MalZdh5hd4gbWYexoYip6qPZDyC0jg96MM",Suchitra Madhusudan,student,t,3,2026-09-07 02:00:06.879652+00,2026-09-07 02:00:06.879652+00,2026,M.Tech. DS
sunny.mahadevan@mcc.edu.in,"$argon2id$v=19$m=19456,t=2,p=1$eArnrLW1/rRzVwcR87bxEw$2A/rMWXO2MalZdh5hd4gbWYexoYip6qPZDyC0jg96MM",Sunny Mahadevan,student,t,3,2026-09-07 02:00:06.879652+00,2026-09-07 02:00:06.879652+00,2026,M.Tech. DS
sudha.mahajan@mcc.edu.in,"$argon2id$v=19$m=19456,t=2,p=1$eArnrLW1/rRzVwcR87bxEw$2A/rMWXO2MalZdh5hd4gbWYexoYip6qPZDyC0jg96MM",Sudha Mahajan,student,t,3,2026-09-07 02:00:06.879652+00,2026-09-07 02:00:06.879652+00,2026,M.Tech. DS
suraj.mahale@mcc.edu.in,"$argon2id$v=19$m=19456,t=2,p=1$eArnrLW1/rRzVwcR87bxEw$2A/rMWXO2MalZdh5hd4gbWYexoYip6qPZDyC0jg96MM",Suraj Mahale,student,t,3,2026-09-07 02:00:06.879652+00,2026-09-07 02:00:06.879652+00,2026,M.Tech. DS
sugandha.mahanta@mcc.edu.in,"$argon2id$v=19$m=19456,t=2,p=1$eArnrLW1/rRzVwcR87bxEw$2A/rMWXO2MalZdh5hd4gbWYexoYip6qPZDyC0jg96MM",Sugandha Mahanta,student,t,3,2026-09-07 02:00:06.879652+00,2026-09-07 02:00:06.879652+00,2026,M.Tech. DS
suresh.mahapatra@mcc.edu.in,"$argon2id$v=19$m=19456,t=2,p=1$eArnrLW1/rRzVwcR87bxEw$2A/rMWXO2MalZdh5hd4gbWYexoYip6qPZDyC0jg96MM",Suresh Mahapatra,student,t,3,2026-09-07 02:00:06.879652+00,2026-09-07 02:00:06.879652+00,2026,M.Tech. DS
suhani.mahashabde@mcc.edu.in,"$argon2id$v=19$m=19456,t=2,p=1$eArnrLW1/rRzVwcR87bxEw$2A/rMWXO2MalZdh5hd4gbWYexoYip6qPZDyC0jg96MM",Suhani Mahashabde,student,t,3,2026-09-07 02:00:06.879652+00,2026-09-07 02:00:06.879652+00,2027,M.Tech. DS
surya.maheshwari@mcc.edu.in,"$argon2id$v=19$m=19456,t=2,p=1$eArnrLW1/rRzVwcR87bxEw$2A/rMWXO2MalZdh5hd4gbWYexoYip6qPZDyC0jg96MM",Surya Maheshwari,student,t,3,2026-09-07 02:00:06.879652+00,2026-09-07 02:00:06.879652+00,2027,M.Tech. DS
sujata.maiti@mcc.edu.in,"$argon2id$v=19$m=19456,t=2,p=1$eArnrLW1/rRzVwcR87bxEw$2A/rMWXO2MalZdh5hd4gbWYexoYip6qPZDyC0jg96MM",Sujata Maiti,student,t,3,2026-09-07 02:00:06.879652+00,2026-09-07 02:00:06.879652+00,2027,M.Tech. DS
suryakant.maitra@mcc.edu.in,"$argon2id$v=19$m=19456,t=2,p=1$eArnrLW1/rRzVwcR87bxEw$2A/rMWXO2MalZdh5hd4gbWYexoYip6qPZDyC0jg96MM",Suryakant Maitra,student,t,3,2026-09-07 02:00:06.879652+00,2026-09-07 02:00:06.879652+00,2027,M.Tech. DS
sukanya.majumdar@mcc.edu.in,"$argon2id$v=19$m=19456,t=2,p=1$eArnrLW1/rRzVwcR87bxEw$2A/rMWXO2MalZdh5hd4gbWYexoYip6qPZDyC0jg96MM",Sukanya Majumdar,student,t,3,2026-09-07 02:00:06.879652+00,2026-09-07 02:00:06.879652+00,2027,M.Tech. DS
sushant.makhija@mcc.edu.in,"$argon2id$v=19$m=19456,t=2,p=1$eArnrLW1/rRzVwcR87bxEw$2A/rMWXO2MalZdh5hd4gbWYexoYip6qPZDyC0jg96MM",Sushant Makhija,student,t,3,2026-09-07 02:00:06.879652+00,2026-09-07 02:00:06.879652+00,2027,M.Tech. DS
sumati.malani@mcc.edu.in,"$argon2id$v=19$m=19456,t=2,p=1$eArnrLW1/rRzVwcR87bxEw$2A/rMWXO2MalZdh5hd4gbWYexoYip6qPZDyC0jg96MM",Sumati Malani,student,t,3,2026-09-07 02:00:06.879652+00,2026-09-07 02:00:06.879652+00,2027,M.Tech. DS
sushil.malhotra@mcc.edu.in,"$argon2id$v=19$m=19456,t=2,p=1$eArnrLW1/rRzVwcR87bxEw$2A/rMWXO2MalZdh5hd4gbWYexoYip6qPZDyC0jg96MM",Sushil Malhotra,student,t,3,2026-09-07 02:00:06.879652+00,2026-09-07 02:00:06.879652+00,2027,M.Tech. DS
sunaina.mallick@mcc.edu.in,"$argon2id$v=19$m=19456,t=2,p=1$eArnrLW1/rRzVwcR87bxEw$2A/rMWXO2MalZdh5hd4gbWYexoYip6qPZDyC0jg96MM",Sunaina Mallick,student,t,3,2026-09-07 02:00:06.879652+00,2026-09-07 02:00:06.879652+00,2027,M.Tech. DS
swami.mallya@mcc.edu.in,"$argon2id$v=19$m=19456,t=2,p=1$eArnrLW1/rRzVwcR87bxEw$2A/rMWXO2MalZdh5hd4gbWYexoYip6qPZDyC0jg96MM",Swami Mallya,student,t,3,2026-09-07 02:00:06.879652+00,2026-09-07 02:00:06.879652+00,2027,M.Tech. DS
sunita.malpani@mcc.edu.in,"$argon2id$v=19$m=19456,t=2,p=1$eArnrLW1/rRzVwcR87bxEw$2A/rMWXO2MalZdh5hd4gbWYexoYip6qPZDyC0jg96MM",Sunita Malpani,student,t,3,2026-09-07 02:00:06.879652+00,2026-09-07 02:00:06.879652+00,2028,M.Tech. DS
swapnil.mammen@mcc.edu.in,"$argon2id$v=19$m=19456,t=2,p=1$eArnrLW1/rRzVwcR87bxEw$2A/rMWXO2MalZdh5hd4gbWYexoYip6qPZDyC0jg96MM",Swapnil Mammen,student,t,3,2026-09-07 02:00:06.879652+00,2026-09-07 02:00:06.879652+00,2028,M.Tech. DS
supriya.manaktala@mcc.edu.in,"$argon2id$v=19$m=19456,t=2,p=1$eArnrLW1/rRzVwcR87bxEw$2A/rMWXO2MalZdh5hd4gbWYexoYip6qPZDyC0jg96MM",Supriya Manaktala,student,t,3,2026-09-07 02:00:06.879652+00,2026-09-07 02:00:06.879652+00,2028,M.Tech. DS
swaroop.manchanda@mcc.edu.in,"$argon2id$v=19$m=19456,t=2,p=1$eArnrLW1/rRzVwcR87bxEw$2A/rMWXO2MalZdh5hd4gbWYexoYip6qPZDyC0jg96MM",Swaroop Manchanda,student,t,3,2026-09-07 02:00:06.879652+00,2026-09-07 02:00:06.879652+00,2028,M.Tech. DS
surbhi.mandal@mcc.edu.in,"$argon2id$v=19$m=19456,t=2,p=1$eArnrLW1/rRzVwcR87bxEw$2A/rMWXO2MalZdh5hd4gbWYexoYip6qPZDyC0jg96MM",Surbhi Mandal,student,t,3,2026-09-07 02:00:06.879652+00,2026-09-07 02:00:06.879652+00,2028,M.Tech. DS
tanay.mande@mcc.edu.in,"$argon2id$v=19$m=19456,t=2,p=1$eArnrLW1/rRzVwcR87bxEw$2A/rMWXO2MalZdh5hd4gbWYexoYip6qPZDyC0jg96MM",Tanay Mande,student,t,3,2026-09-07 02:00:06.879652+00,2026-09-07 02:00:06.879652+00,2028,M.Tech. DS
surekha.mandke@mcc.edu.in,"$argon2id$v=19$m=19456,t=2,p=1$eArnrLW1/rRzVwcR87bxEw$2A/rMWXO2MalZdh5hd4gbWYexoYip6qPZDyC0jg96MM",Surekha Mandke,student,t,3,2026-09-07 02:00:06.879652+00,2026-09-07 02:00:06.879652+00,2028,M.Tech. DS
tanmay.mane@mcc.edu.in,"$argon2id$v=19$m=19456,t=2,p=1$eArnrLW1/rRzVwcR87bxEw$2A/rMWXO2MalZdh5hd4gbWYexoYip6qPZDyC0jg96MM",Tanmay Mane,student,t,3,2026-09-07 02:00:06.879652+00,2026-09-07 02:00:06.879652+00,2028,M.Tech. DS
suruchi.mangeshkar@mcc.edu.in,"$argon2id$v=19$m=19456,t=2,p=1$eArnrLW1/rRzVwcR87bxEw$2A/rMWXO2MalZdh5hd4gbWYexoYip6qPZDyC0jg96MM",Suruchi Mangeshkar,student,t,3,2026-09-07 02:00:06.879652+00,2026-09-07 02:00:06.879652+00,2028,M.Tech. DS
tapan.mani@mcc.edu.in,"$argon2id$v=19$m=19456,t=2,p=1$eArnrLW1/rRzVwcR87bxEw$2A/rMWXO2MalZdh5hd4gbWYexoYip6qPZDyC0jg96MM",Tapan Mani,student,t,3,2026-09-07 02:00:06.879652+00,2026-09-07 02:00:06.879652+00,2028,M.Tech. DS
sushma.manjrekar@mcc.edu.in,"$argon2id$v=19$m=19456,t=2,p=1$eArnrLW1/rRzVwcR87bxEw$2A/rMWXO2MalZdh5hd4gbWYexoYip6qPZDyC0jg96MM",Sushma Manjrekar,student,t,3,2026-09-07 02:00:06.879652+00,2026-09-07 02:00:06.879652+00,2026,BBA
tarun.mankad@mcc.edu.in,"$argon2id$v=19$m=19456,t=2,p=1$eArnrLW1/rRzVwcR87bxEw$2A/rMWXO2MalZdh5hd4gbWYexoYip6qPZDyC0jg96MM",Tarun Mankad,student,t,3,2026-09-07 02:00:06.879652+00,2026-09-07 02:00:06.879652+00,2026,BBA
swati.manoharan@mcc.edu.in,"$argon2id$v=19$m=19456,t=2,p=1$eArnrLW1/rRzVwcR87bxEw$2A/rMWXO2MalZdh5hd4gbWYexoYip6qPZDyC0jg96MM",Swati Manoharan,student,t,3,2026-09-07 02:00:06.879652+00,2026-09-07 02:00:06.879652+00,2026,BBA
tejas.mansukhani@mcc.edu.in,"$argon2id$v=19$m=19456,t=2,p=1$eArnrLW1/rRzVwcR87bxEw$2A/rMWXO2MalZdh5hd4gbWYexoYip6qPZDyC0jg96MM",Tejas Mansukhani,student,t,3,2026-09-07 02:00:06.879652+00,2026-09-07 02:00:06.879652+00,2026,BBA
swetha.marathe@mcc.edu.in,"$argon2id$v=19$m=19456,t=2,p=1$eArnrLW1/rRzVwcR87bxEw$2A/rMWXO2MalZdh5hd4gbWYexoYip6qPZDyC0jg96MM",Swetha Marathe,student,t,3,2026-09-07 02:00:06.879652+00,2026-09-07 02:00:06.879652+00,2026,BBA
trilok.marwah@mcc.edu.in,"$argon2id$v=19$m=19456,t=2,p=1$eArnrLW1/rRzVwcR87bxEw$2A/rMWXO2MalZdh5hd4gbWYexoYip6qPZDyC0jg96MM",Trilok Marwah,student,t,3,2026-09-07 02:00:06.879652+00,2026-09-07 02:00:06.879652+00,2026,BBA
tanvi.mashelkar@mcc.edu.in,"$argon2id$v=19$m=19456,t=2,p=1$eArnrLW1/rRzVwcR87bxEw$2A/rMWXO2MalZdh5hd4gbWYexoYip6qPZDyC0jg96MM",Tanvi Mashelkar,student,t,3,2026-09-07 02:00:06.879652+00,2026-09-07 02:00:06.879652+00,2026,BBA
tushar.masrani@mcc.edu.in,"$argon2id$v=19$m=19456,t=2,p=1$eArnrLW1/rRzVwcR87bxEw$2A/rMWXO2MalZdh5hd4gbWYexoYip6qPZDyC0jg96MM",Tushar Masrani,student,t,3,2026-09-07 02:00:06.879652+00,2026-09-07 02:00:06.879652+00,2026,BBA
tanya.mathew@mcc.edu.in,"$argon2id$v=19$m=19456,t=2,p=1$eArnrLW1/rRzVwcR87bxEw$2A/rMWXO2MalZdh5hd4gbWYexoYip6qPZDyC0jg96MM",Tanya Mathew,student,t,3,2026-09-07 02:00:06.879652+00,2026-09-07 02:00:06.879652+00,2026,BBA
uday.mathur@mcc.edu.in,"$argon2id$v=19$m=19456,t=2,p=1$eArnrLW1/rRzVwcR87bxEw$2A/rMWXO2MalZdh5hd4gbWYexoYip6qPZDyC0jg96MM",Uday Mathur,student,t,3,2026-09-07 02:00:06.879652+00,2026-09-07 02:00:06.879652+00,2026,BBA
tara.matthan@mcc.edu.in,"$argon2id$v=19$m=19456,t=2,p=1$eArnrLW1/rRzVwcR87bxEw$2A/rMWXO2MalZdh5hd4gbWYexoYip6qPZDyC0jg96MM",Tara Matthan,student,t,3,2026-09-07 02:00:06.879652+00,2026-09-07 02:00:06.879652+00,2027,BBA
udit.mavalankar@mcc.edu.in,"$argon2id$v=19$m=19456,t=2,p=1$eArnrLW1/rRzVwcR87bxEw$2A/rMWXO2MalZdh5hd4gbWYexoYip6qPZDyC0jg96MM",Udit Mavalankar,student,t,3,2026-09-07 02:00:06.879652+00,2026-09-07 02:00:06.879652+00,2027,BBA
teena.mayekar@mcc.edu.in,"$argon2id$v=19$m=19456,t=2,p=1$eArnrLW1/rRzVwcR87bxEw$2A/rMWXO2MalZdh5hd4gbWYexoYip6qPZDyC0jg96MM",Teena Mayekar,student,t,3,2026-09-07 02:00:06.879652+00,2026-09-07 02:00:06.879652+00,2027,BBA
ujjwal.mazumdar@mcc.edu.in,"$argon2id$v=19$m=19456,t=2,p=1$eArnrLW1/rRzVwcR87bxEw$2A/rMWXO2MalZdh5hd4gbWYexoYip6qPZDyC0jg96MM",Ujjwal Mazumdar,student,t,3,2026-09-07 02:00:06.879652+00,2026-09-07 02:00:06.879652+00,2027,BBA
tejaswi.medhekar@mcc.edu.in,"$argon2id$v=19$m=19456,t=2,p=1$eArnrLW1/rRzVwcR87bxEw$2A/rMWXO2MalZdh5hd4gbWYexoYip6qPZDyC0jg96MM",Tejaswi Medhekar,student,t,3,2026-09-07 02:00:06.879652+00,2026-09-07 02:00:06.879652+00,2027,BBA
umesh.mehendale@mcc.edu.in,"$argon2id$v=19$m=19456,t=2,p=1$eArnrLW1/rRzVwcR87bxEw$2A/rMWXO2MalZdh5hd4gbWYexoYip6qPZDyC0jg96MM",Umesh Mehendale,student,t,3,2026-09-07 02:00:06.879652+00,2026-09-07 02:00:06.879652+00,2027,BBA
trisha.mehra@mcc.edu.in,"$argon2id$v=19$m=19456,t=2,p=1$eArnrLW1/rRzVwcR87bxEw$2A/rMWXO2MalZdh5hd4gbWYexoYip6qPZDyC0jg96MM",Trisha Mehra,student,t,3,2026-09-07 02:00:06.879652+00,2026-09-07 02:00:06.879652+00,2027,BBA
umang.mehrotra@mcc.edu.in,"$argon2id$v=19$m=19456,t=2,p=1$eArnrLW1/rRzVwcR87bxEw$2A/rMWXO2MalZdh5hd4gbWYexoYip6qPZDyC0jg96MM",Umang Mehrotra,student,t,3,2026-09-07 02:00:06.879652+00,2026-09-07 02:00:06.879652+00,2027,BBA
trupti.mehta@mcc.edu.in,"$argon2id$v=19$m=19456,t=2,p=1$eArnrLW1/rRzVwcR87bxEw$2A/rMWXO2MalZdh5hd4gbWYexoYip6qPZDyC0jg96MM",Trupti Mehta,student,t,3,2026-09-07 02:00:06.879652+00,2026-09-07 02:00:06.879652+00,2027,BBA
upendra.menezes@mcc.edu.in,"$argon2id$v=19$m=19456,t=2,p=1$eArnrLW1/rRzVwcR87bxEw$2A/rMWXO2MalZdh5hd4gbWYexoYip6qPZDyC0jg96MM",Upendra Menezes,student,t,3,2026-09-07 02:00:06.879652+00,2026-09-07 02:00:06.879652+00,2027,BBA
tulsi.merchant@mcc.edu.in,"$argon2id$v=19$m=19456,t=2,p=1$eArnrLW1/rRzVwcR87bxEw$2A/rMWXO2MalZdh5hd4gbWYexoYip6qPZDyC0jg96MM",Tulsi Merchant,student,t,3,2026-09-07 02:00:06.879652+00,2026-09-07 02:00:06.879652+00,2028,BBA
utkarsh.mhatre@mcc.edu.in,"$argon2id$v=19$m=19456,t=2,p=1$eArnrLW1/rRzVwcR87bxEw$2A/rMWXO2MalZdh5hd4gbWYexoYip6qPZDyC0jg96MM",Utkarsh Mhatre,student,t,3,2026-09-07 02:00:06.879652+00,2026-09-07 02:00:06.879652+00,2028,BBA
uma.mirchandani@mcc.edu.in,"$argon2id$v=19$m=19456,t=2,p=1$eArnrLW1/rRzVwcR87bxEw$2A/rMWXO2MalZdh5hd4gbWYexoYip6qPZDyC0jg96MM",Uma Mirchandani,student,t,3,2026-09-07 02:00:06.879652+00,2026-09-07 02:00:06.879652+00,2028,BBA
uttam.mirdha@mcc.edu.in,"$argon2id$v=19$m=19456,t=2,p=1$eArnrLW1/rRzVwcR87bxEw$2A/rMWXO2MalZdh5hd4gbWYexoYip6qPZDyC0jg96MM",Uttam Mirdha,student,t,3,2026-09-07 02:00:06.879652+00,2026-09-07 02:00:06.879652+00,2028,BBA
upasana.mirikar@mcc.edu.in,"$argon2id$v=19$m=19456,t=2,p=1$eArnrLW1/rRzVwcR87bxEw$2A/rMWXO2MalZdh5hd4gbWYexoYip6qPZDyC0jg96MM",Upasana Mirikar,student,t,3,2026-09-07 02:00:06.879652+00,2026-09-07 02:00:06.879652+00,2028,BBA
vaibhav.mirza@mcc.edu.in,"$argon2id$v=19$m=19456,t=2,p=1$eArnrLW1/rRzVwcR87bxEw$2A/rMWXO2MalZdh5hd4gbWYexoYip6qPZDyC0jg96MM",Vaibhav Mirza,student,t,3,2026-09-07 02:00:06.879652+00,2026-09-07 02:00:06.879652+00,2028,BBA
urvashi.mishra@mcc.edu.in,"$argon2id$v=19$m=19456,t=2,p=1$eArnrLW1/rRzVwcR87bxEw$2A/rMWXO2MalZdh5hd4gbWYexoYip6qPZDyC0jg96MM",Urvashi Mishra,student,t,3,2026-09-07 02:00:06.879652+00,2026-09-07 02:00:06.879652+00,2028,BBA
valmiki.misra@mcc.edu.in,"$argon2id$v=19$m=19456,t=2,p=1$eArnrLW1/rRzVwcR87bxEw$2A/rMWXO2MalZdh5hd4gbWYexoYip6qPZDyC0jg96MM",Valmiki Misra,student,t,3,2026-09-07 02:00:06.879652+00,2026-09-07 02:00:06.879652+00,2028,BBA
usha.mistry@mcc.edu.in,"$argon2id$v=19$m=19456,t=2,p=1$eArnrLW1/rRzVwcR87bxEw$2A/rMWXO2MalZdh5hd4gbWYexoYip6qPZDyC0jg96MM",Usha Mistry,student,t,3,2026-09-07 02:00:06.879652+00,2026-09-07 02:00:06.879652+00,2028,BBA
varun.mitra@mcc.edu.in,"$argon2id$v=19$m=19456,t=2,p=1$eArnrLW1/rRzVwcR87bxEw$2A/rMWXO2MalZdh5hd4gbWYexoYip6qPZDyC0jg96MM",Varun Mitra,student,t,3,2026-09-07 02:00:06.879652+00,2026-09-07 02:00:06.879652+00,2028,BBA
uttara.mittal@presidency.edu.in,"$argon2id$v=19$m=19456,t=2,p=1$eArnrLW1/rRzVwcR87bxEw$2A/rMWXO2MalZdh5hd4gbWYexoYip6qPZDyC0jg96MM",Uttara Mittal,faculty,t,4,2026-09-07 02:00:06.879652+00,2026-09-07 02:00:06.879652+00,,B.Sc. Biochem
vasant.modak@presidency.edu.in,"$argon2id$v=19$m=19456,t=2,p=1$eArnrLW1/rRzVwcR87bxEw$2A/rMWXO2MalZdh5hd4gbWYexoYip6qPZDyC0jg96MM",Vasant Modak,faculty,t,4,2026-09-07 02:00:06.879652+00,2026-09-07 02:00:06.879652+00,,M.Sc. Maths
vaibhavi.modi@presidency.edu.in,"$argon2id$v=19$m=19456,t=2,p=1$eArnrLW1/rRzVwcR87bxEw$2A/rMWXO2MalZdh5hd4gbWYexoYip6qPZDyC0jg96MM",Vaibhavi Modi,faculty,t,4,2026-09-07 02:00:06.879652+00,2026-09-07 02:00:06.879652+00,,B.E. CSE
vasu.mody@presidency.edu.in,"$argon2id$v=19$m=19456,t=2,p=1$eArnrLW1/rRzVwcR87bxEw$2A/rMWXO2MalZdh5hd4gbWYexoYip6qPZDyC0jg96MM",Vasu Mody,faculty,t,4,2026-09-07 02:00:06.879652+00,2026-09-07 02:00:06.879652+00,,M.Tech. DS
vaishali.moghe@presidency.edu.in,"$argon2id$v=19$m=19456,t=2,p=1$eArnrLW1/rRzVwcR87bxEw$2A/rMWXO2MalZdh5hd4gbWYexoYip6qPZDyC0jg96MM",Vaishali Moghe,faculty,t,4,2026-09-07 02:00:06.879652+00,2026-09-07 02:00:06.879652+00,,BBA
ved.mohan@presidency.edu.in,"$argon2id$v=19$m=19456,t=2,p=1$eArnrLW1/rRzVwcR87bxEw$2A/rMWXO2MalZdh5hd4gbWYexoYip6qPZDyC0jg96MM",Ved Mohan,student,t,4,2026-09-07 02:00:06.879652+00,2026-09-07 02:00:06.879652+00,2026,B.Sc. Biochem
vaishnavi.mohanty@presidency.edu.in,"$argon2id$v=19$m=19456,t=2,p=1$eArnrLW1/rRzVwcR87bxEw$2A/rMWXO2MalZdh5hd4gbWYexoYip6qPZDyC0jg96MM",Vaishnavi Mohanty,student,t,4,2026-09-07 02:00:06.879652+00,2026-09-07 02:00:06.879652+00,2026,B.Sc. Biochem
vedant.mohapatra@presidency.edu.in,"$argon2id$v=19$m=19456,t=2,p=1$eArnrLW1/rRzVwcR87bxEw$2A/rMWXO2MalZdh5hd4gbWYexoYip6qPZDyC0jg96MM",Vedant Mohapatra,student,t,4,2026-09-07 02:00:06.879652+00,2026-09-07 02:00:06.879652+00,2026,B.Sc. Biochem
vandana.mohite@presidency.edu.in,"$argon2id$v=19$m=19456,t=2,p=1$eArnrLW1/rRzVwcR87bxEw$2A/rMWXO2MalZdh5hd4gbWYexoYip6qPZDyC0jg96MM",Vandana Mohite,student,t,4,2026-09-07 02:00:06.879652+00,2026-09-07 02:00:06.879652+00,2026,B.Sc. Biochem
veer.moidu@presidency.edu.in,"$argon2id$v=19$m=19456,t=2,p=1$eArnrLW1/rRzVwcR87bxEw$2A/rMWXO2MalZdh5hd4gbWYexoYip6qPZDyC0jg96MM",Veer Moidu,student,t,4,2026-09-07 02:00:06.879652+00,2026-09-07 02:00:06.879652+00,2026,B.Sc. Biochem
vanita.mokashi@presidency.edu.in,"$argon2id$v=19$m=19456,t=2,p=1$eArnrLW1/rRzVwcR87bxEw$2A/rMWXO2MalZdh5hd4gbWYexoYip6qPZDyC0jg96MM",Vanita Mokashi,student,t,4,2026-09-07 02:00:06.879652+00,2026-09-07 02:00:06.879652+00,2026,B.Sc. Biochem
venkatesh.moorthy@presidency.edu.in,"$argon2id$v=19$m=19456,t=2,p=1$eArnrLW1/rRzVwcR87bxEw$2A/rMWXO2MalZdh5hd4gbWYexoYip6qPZDyC0jg96MM",Venkatesh Moorthy,student,t,4,2026-09-07 02:00:06.879652+00,2026-09-07 02:00:06.879652+00,2026,B.Sc. Biochem
varsha.moolgaokar@presidency.edu.in,"$argon2id$v=19$m=19456,t=2,p=1$eArnrLW1/rRzVwcR87bxEw$2A/rMWXO2MalZdh5hd4gbWYexoYip6qPZDyC0jg96MM",Varsha Moolgaokar,student,t,4,2026-09-07 02:00:06.879652+00,2026-09-07 02:00:06.879652+00,2026,B.Sc. Biochem
vicky.morarka@presidency.edu.in,"$argon2id$v=19$m=19456,t=2,p=1$eArnrLW1/rRzVwcR87bxEw$2A/rMWXO2MalZdh5hd4gbWYexoYip6qPZDyC0jg96MM",Vicky Morarka,student,t,4,2026-09-07 02:00:06.879652+00,2026-09-07 02:00:06.879652+00,2026,B.Sc. Biochem
veda.morparia@presidency.edu.in,"$argon2id$v=19$m=19456,t=2,p=1$eArnrLW1/rRzVwcR87bxEw$2A/rMWXO2MalZdh5hd4gbWYexoYip6qPZDyC0jg96MM",Veda Morparia,student,t,4,2026-09-07 02:00:06.879652+00,2026-09-07 02:00:06.879652+00,2026,B.Sc. Biochem
vidur.motwani@presidency.edu.in,"$argon2id$v=19$m=19456,t=2,p=1$eArnrLW1/rRzVwcR87bxEw$2A/rMWXO2MalZdh5hd4gbWYexoYip6qPZDyC0jg96MM",Vidur Motwani,student,t,4,2026-09-07 02:00:06.879652+00,2026-09-07 02:00:06.879652+00,2027,B.Sc. Biochem
vedika.moulik@presidency.edu.in,"$argon2id$v=19$m=19456,t=2,p=1$eArnrLW1/rRzVwcR87bxEw$2A/rMWXO2MalZdh5hd4gbWYexoYip6qPZDyC0jg96MM",Vedika Moulik,student,t,4,2026-09-07 02:00:06.879652+00,2026-09-07 02:00:06.879652+00,2027,B.Sc. Biochem
vidyadhar.mudaliar@presidency.edu.in,"$argon2id$v=19$m=19456,t=2,p=1$eArnrLW1/rRzVwcR87bxEw$2A/rMWXO2MalZdh5hd4gbWYexoYip6qPZDyC0jg96MM",Vidyadhar Mudaliar,student,t,4,2026-09-07 02:00:06.879652+00,2026-09-07 02:00:06.879652+00,2027,B.Sc. Biochem
vidhi.mudholkar@presidency.edu.in,"$argon2id$v=19$m=19456,t=2,p=1$eArnrLW1/rRzVwcR87bxEw$2A/rMWXO2MalZdh5hd4gbWYexoYip6qPZDyC0jg96MM",Vidhi Mudholkar,student,t,4,2026-09-07 02:00:06.879652+00,2026-09-07 02:00:06.879652+00,2027,B.Sc. Biochem
vijay.mukherjee@presidency.edu.in,"$argon2id$v=19$m=19456,t=2,p=1$eArnrLW1/rRzVwcR87bxEw$2A/rMWXO2MalZdh5hd4gbWYexoYip6qPZDyC0jg96MM",Vijay Mukherjee,student,t,4,2026-09-07 02:00:06.879652+00,2026-09-07 02:00:06.879652+00,2027,B.Sc. Biochem
vidya.mukhopadhyay@presidency.edu.in,"$argon2id$v=19$m=19456,t=2,p=1$eArnrLW1/rRzVwcR87bxEw$2A/rMWXO2MalZdh5hd4gbWYexoYip6qPZDyC0jg96MM",Vidya Mukhopadhyay,student,t,4,2026-09-07 02:00:06.879652+00,2026-09-07 02:00:06.879652+00,2027,B.Sc. Biochem
vikas.mulchandani@presidency.edu.in,"$argon2id$v=19$m=19456,t=2,p=1$eArnrLW1/rRzVwcR87bxEw$2A/rMWXO2MalZdh5hd4gbWYexoYip6qPZDyC0jg96MM",Vikas Mulchandani,student,t,4,2026-09-07 02:00:06.879652+00,2026-09-07 02:00:06.879652+00,2027,B.Sc. Biochem
vijaya.mulgaonkar@presidency.edu.in,"$argon2id$v=19$m=19456,t=2,p=1$eArnrLW1/rRzVwcR87bxEw$2A/rMWXO2MalZdh5hd4gbWYexoYip6qPZDyC0jg96MM",Vijaya Mulgaonkar,student,t,4,2026-09-07 02:00:06.879652+00,2026-09-07 02:00:06.879652+00,2027,B.Sc. Biochem
vikram.mundkur@presidency.edu.in,"$argon2id$v=19$m=19456,t=2,p=1$eArnrLW1/rRzVwcR87bxEw$2A/rMWXO2MalZdh5hd4gbWYexoYip6qPZDyC0jg96MM",Vikram Mundkur,student,t,4,2026-09-07 02:00:06.879652+00,2026-09-07 02:00:06.879652+00,2027,B.Sc. Biochem
vinita.mungekar@presidency.edu.in,"$argon2id$v=19$m=19456,t=2,p=1$eArnrLW1/rRzVwcR87bxEw$2A/rMWXO2MalZdh5hd4gbWYexoYip6qPZDyC0jg96MM",Vinita Mungekar,student,t,4,2026-09-07 02:00:06.879652+00,2026-09-07 02:00:06.879652+00,2027,B.Sc. Biochem
vikrant.munshi@presidency.edu.in,"$argon2id$v=19$m=19456,t=2,p=1$eArnrLW1/rRzVwcR87bxEw$2A/rMWXO2MalZdh5hd4gbWYexoYip6qPZDyC0jg96MM",Vikrant Munshi,student,t,4,2026-09-07 02:00:06.879652+00,2026-09-07 02:00:06.879652+00,2028,B.Sc. Biochem
vipasha.muralidharan@presidency.edu.in,"$argon2id$v=19$m=19456,t=2,p=1$eArnrLW1/rRzVwcR87bxEw$2A/rMWXO2MalZdh5hd4gbWYexoYip6qPZDyC0jg96MM",Vipasha Muralidharan,student,t,4,2026-09-07 02:00:06.879652+00,2026-09-07 02:00:06.879652+00,2028,B.Sc. Biochem
vimal.muranjan@presidency.edu.in,"$argon2id$v=19$m=19456,t=2,p=1$eArnrLW1/rRzVwcR87bxEw$2A/rMWXO2MalZdh5hd4gbWYexoYip6qPZDyC0jg96MM",Vimal Muranjan,student,t,4,2026-09-07 02:00:06.879652+00,2026-09-07 02:00:06.879652+00,2028,B.Sc. Biochem
visakha.murthy@presidency.edu.in,"$argon2id$v=19$m=19456,t=2,p=1$eArnrLW1/rRzVwcR87bxEw$2A/rMWXO2MalZdh5hd4gbWYexoYip6qPZDyC0jg96MM",Visakha Murthy,student,t,4,2026-09-07 02:00:06.879652+00,2026-09-07 02:00:06.879652+00,2028,B.Sc. Biochem
vinay.murty@presidency.edu.in,"$argon2id$v=19$m=19456,t=2,p=1$eArnrLW1/rRzVwcR87bxEw$2A/rMWXO2MalZdh5hd4gbWYexoYip6qPZDyC0jg96MM",Vinay Murty,student,t,4,2026-09-07 02:00:06.879652+00,2026-09-07 02:00:06.879652+00,2028,B.Sc. Biochem
yamini.nadar@presidency.edu.in,"$argon2id$v=19$m=19456,t=2,p=1$eArnrLW1/rRzVwcR87bxEw$2A/rMWXO2MalZdh5hd4gbWYexoYip6qPZDyC0jg96MM",Yamini Nadar,student,t,4,2026-09-07 02:00:06.879652+00,2026-09-07 02:00:06.879652+00,2028,B.Sc. Biochem
vinod.nadella@presidency.edu.in,"$argon2id$v=19$m=19456,t=2,p=1$eArnrLW1/rRzVwcR87bxEw$2A/rMWXO2MalZdh5hd4gbWYexoYip6qPZDyC0jg96MM",Vinod Nadella,student,t,4,2026-09-07 02:00:06.879652+00,2026-09-07 02:00:06.879652+00,2028,B.Sc. Biochem
yashasvi.nadkarni@presidency.edu.in,"$argon2id$v=19$m=19456,t=2,p=1$eArnrLW1/rRzVwcR87bxEw$2A/rMWXO2MalZdh5hd4gbWYexoYip6qPZDyC0jg96MM",Yashasvi Nadkarni,student,t,4,2026-09-07 02:00:06.879652+00,2026-09-07 02:00:06.879652+00,2028,B.Sc. Biochem
vipin.nag@presidency.edu.in,"$argon2id$v=19$m=19456,t=2,p=1$eArnrLW1/rRzVwcR87bxEw$2A/rMWXO2MalZdh5hd4gbWYexoYip6qPZDyC0jg96MM",Vipin Nag,student,t,4,2026-09-07 02:00:06.879652+00,2026-09-07 02:00:06.879652+00,2028,B.Sc. Biochem
yashika.naganathan@presidency.edu.in,"$argon2id$v=19$m=19456,t=2,p=1$eArnrLW1/rRzVwcR87bxEw$2A/rMWXO2MalZdh5hd4gbWYexoYip6qPZDyC0jg96MM",Yashika Naganathan,student,t,4,2026-09-07 02:00:06.879652+00,2026-09-07 02:00:06.879652+00,2028,B.Sc. Biochem
virendra.nagarkar@presidency.edu.in,"$argon2id$v=19$m=19456,t=2,p=1$eArnrLW1/rRzVwcR87bxEw$2A/rMWXO2MalZdh5hd4gbWYexoYip6qPZDyC0jg96MM",Virendra Nagarkar,student,t,4,2026-09-07 02:00:06.879652+00,2026-09-07 02:00:06.879652+00,2026,M.Sc. Maths
yashoda.nagpal@presidency.edu.in,"$argon2id$v=19$m=19456,t=2,p=1$eArnrLW1/rRzVwcR87bxEw$2A/rMWXO2MalZdh5hd4gbWYexoYip6qPZDyC0jg96MM",Yashoda Nagpal,student,t,4,2026-09-07 02:00:06.879652+00,2026-09-07 02:00:06.879652+00,2026,M.Sc. Maths
viraj.naik@presidency.edu.in,"$argon2id$v=19$m=19456,t=2,p=1$eArnrLW1/rRzVwcR87bxEw$2A/rMWXO2MalZdh5hd4gbWYexoYip6qPZDyC0jg96MM",Viraj Naik,student,t,4,2026-09-07 02:00:06.879652+00,2026-09-07 02:00:06.879652+00,2026,M.Sc. Maths
yukti.nair@presidency.edu.in,"$argon2id$v=19$m=19456,t=2,p=1$eArnrLW1/rRzVwcR87bxEw$2A/rMWXO2MalZdh5hd4gbWYexoYip6qPZDyC0jg96MM",Yukti Nair,student,t,4,2026-09-07 02:00:06.879652+00,2026-09-07 02:00:06.879652+00,2026,M.Sc. Maths
vishal.nambiar@presidency.edu.in,"$argon2id$v=19$m=19456,t=2,p=1$eArnrLW1/rRzVwcR87bxEw$2A/rMWXO2MalZdh5hd4gbWYexoYip6qPZDyC0jg96MM",Vishal Nambiar,student,t,4,2026-09-07 02:00:06.879652+00,2026-09-07 02:00:06.879652+00,2026,M.Sc. Maths
yuvika.namboodiri@presidency.edu.in,"$argon2id$v=19$m=19456,t=2,p=1$eArnrLW1/rRzVwcR87bxEw$2A/rMWXO2MalZdh5hd4gbWYexoYip6qPZDyC0jg96MM",Yuvika Namboodiri,student,t,4,2026-09-07 02:00:06.879652+00,2026-09-07 02:00:06.879652+00,2026,M.Sc. Maths
vishesh.nanavati@presidency.edu.in,"$argon2id$v=19$m=19456,t=2,p=1$eArnrLW1/rRzVwcR87bxEw$2A/rMWXO2MalZdh5hd4gbWYexoYip6qPZDyC0jg96MM",Vishesh Nanavati,student,t,4,2026-09-07 02:00:06.879652+00,2026-09-07 02:00:06.879652+00,2026,M.Sc. Maths
zoya.nanda@presidency.edu.in,"$argon2id$v=19$m=19456,t=2,p=1$eArnrLW1/rRzVwcR87bxEw$2A/rMWXO2MalZdh5hd4gbWYexoYip6qPZDyC0jg96MM",Zoya Nanda,student,t,4,2026-09-07 02:00:06.879652+00,2026-09-07 02:00:06.879652+00,2026,M.Sc. Maths
vishnu.nandigama@presidency.edu.in,"$argon2id$v=19$m=19456,t=2,p=1$eArnrLW1/rRzVwcR87bxEw$2A/rMWXO2MalZdh5hd4gbWYexoYip6qPZDyC0jg96MM",Vishnu Nandigama,student,t,4,2026-09-07 02:00:06.879652+00,2026-09-07 02:00:06.879652+00,2026,M.Sc. Maths
zara.nandy@presidency.edu.in,"$argon2id$v=19$m=19456,t=2,p=1$eArnrLW1/rRzVwcR87bxEw$2A/rMWXO2MalZdh5hd4gbWYexoYip6qPZDyC0jg96MM",Zara Nandy,student,t,4,2026-09-07 02:00:06.879652+00,2026-09-07 02:00:06.879652+00,2026,M.Sc. Maths
abhay.nangia@presidency.edu.in,"$argon2id$v=19$m=19456,t=2,p=1$eArnrLW1/rRzVwcR87bxEw$2A/rMWXO2MalZdh5hd4gbWYexoYip6qPZDyC0jg96MM",Abhay Nangia,student,t,4,2026-09-07 02:00:06.879652+00,2026-09-07 02:00:06.879652+00,2027,M.Sc. Maths
abigail.naoroji@presidency.edu.in,"$argon2id$v=19$m=19456,t=2,p=1$eArnrLW1/rRzVwcR87bxEw$2A/rMWXO2MalZdh5hd4gbWYexoYip6qPZDyC0jg96MM",Abigail Naoroji,student,t,4,2026-09-07 02:00:06.879652+00,2026-09-07 02:00:06.879652+00,2027,M.Sc. Maths
abraham.narang@presidency.edu.in,"$argon2id$v=19$m=19456,t=2,p=1$eArnrLW1/rRzVwcR87bxEw$2A/rMWXO2MalZdh5hd4gbWYexoYip6qPZDyC0jg96MM",Abraham Narang,student,t,4,2026-09-07 02:00:06.879652+00,2026-09-07 02:00:06.879652+00,2027,M.Sc. Maths
ada.narasimhan@presidency.edu.in,"$argon2id$v=19$m=19456,t=2,p=1$eArnrLW1/rRzVwcR87bxEw$2A/rMWXO2MalZdh5hd4gbWYexoYip6qPZDyC0jg96MM",Ada Narasimhan,student,t,4,2026-09-07 02:00:06.879652+00,2026-09-07 02:00:06.879652+00,2027,M.Sc. Maths
adam.narayan@presidency.edu.in,"$argon2id$v=19$m=19456,t=2,p=1$eArnrLW1/rRzVwcR87bxEw$2A/rMWXO2MalZdh5hd4gbWYexoYip6qPZDyC0jg96MM",Adam Narayan,student,t,4,2026-09-07 02:00:06.879652+00,2026-09-07 02:00:06.879652+00,2027,M.Sc. Maths
adaline.narayanan@presidency.edu.in,"$argon2id$v=19$m=19456,t=2,p=1$eArnrLW1/rRzVwcR87bxEw$2A/rMWXO2MalZdh5hd4gbWYexoYip6qPZDyC0jg96MM",Adaline Narayanan,student,t,4,2026-09-07 02:00:06.879652+00,2026-09-07 02:00:06.879652+00,2027,M.Sc. Maths
adelaide.narendran@presidency.edu.in,"$argon2id$v=19$m=19456,t=2,p=1$eArnrLW1/rRzVwcR87bxEw$2A/rMWXO2MalZdh5hd4gbWYexoYip6qPZDyC0jg96MM",Adelaide Narendran,student,t,4,2026-09-07 02:00:06.879652+00,2026-09-07 02:00:06.879652+00,2027,M.Sc. Maths
adele.nariman@presidency.edu.in,"$argon2id$v=19$m=19456,t=2,p=1$eArnrLW1/rRzVwcR87bxEw$2A/rMWXO2MalZdh5hd4gbWYexoYip6qPZDyC0jg96MM",Adele Nariman,student,t,4,2026-09-07 02:00:06.879652+00,2026-09-07 02:00:06.879652+00,2027,M.Sc. Maths
aden.narlikar@presidency.edu.in,"$argon2id$v=19$m=19456,t=2,p=1$eArnrLW1/rRzVwcR87bxEw$2A/rMWXO2MalZdh5hd4gbWYexoYip6qPZDyC0jg96MM",Aden Narlikar,student,t,4,2026-09-07 02:00:06.879652+00,2026-09-07 02:00:06.879652+00,2027,M.Sc. Maths
aditiya.narula@presidency.edu.in,"$argon2id$v=19$m=19456,t=2,p=1$eArnrLW1/rRzVwcR87bxEw$2A/rMWXO2MalZdh5hd4gbWYexoYip6qPZDyC0jg96MM",Aditiya Narula,student,t,4,2026-09-07 02:00:06.879652+00,2026-09-07 02:00:06.879652+00,2027,M.Sc. Maths
adley.nasir@presidency.edu.in,"$argon2id$v=19$m=19456,t=2,p=1$eArnrLW1/rRzVwcR87bxEw$2A/rMWXO2MalZdh5hd4gbWYexoYip6qPZDyC0jg96MM",Adley Nasir,student,t,4,2026-09-07 02:00:06.879652+00,2026-09-07 02:00:06.879652+00,2028,M.Sc. Maths
adrian.natarajan@presidency.edu.in,"$argon2id$v=19$m=19456,t=2,p=1$eArnrLW1/rRzVwcR87bxEw$2A/rMWXO2MalZdh5hd4gbWYexoYip6qPZDyC0jg96MM",Adrian Natarajan,student,t,4,2026-09-07 02:00:06.879652+00,2026-09-07 02:00:06.879652+00,2028,M.Sc. Maths
adriana.nathani@presidency.edu.in,"$argon2id$v=19$m=19456,t=2,p=1$eArnrLW1/rRzVwcR87bxEw$2A/rMWXO2MalZdh5hd4gbWYexoYip6qPZDyC0jg96MM",Adriana Nathani,student,t,4,2026-09-07 02:00:06.879652+00,2026-09-07 02:00:06.879652+00,2028,M.Sc. Maths
adrienne.nathawat@presidency.edu.in,"$argon2id$v=19$m=19456,t=2,p=1$eArnrLW1/rRzVwcR87bxEw$2A/rMWXO2MalZdh5hd4gbWYexoYip6qPZDyC0jg96MM",Adrienne Nathawat,student,t,4,2026-09-07 02:00:06.879652+00,2026-09-07 02:00:06.879652+00,2028,M.Sc. Maths
agatha.nautiyal@presidency.edu.in,"$argon2id$v=19$m=19456,t=2,p=1$eArnrLW1/rRzVwcR87bxEw$2A/rMWXO2MalZdh5hd4gbWYexoYip6qPZDyC0jg96MM",Agatha Nautiyal,student,t,4,2026-09-07 02:00:06.879652+00,2026-09-07 02:00:06.879652+00,2028,M.Sc. Maths
agnes.nayak@presidency.edu.in,"$argon2id$v=19$m=19456,t=2,p=1$eArnrLW1/rRzVwcR87bxEw$2A/rMWXO2MalZdh5hd4gbWYexoYip6qPZDyC0jg96MM",Agnes Nayak,student,t,4,2026-09-07 02:00:06.879652+00,2026-09-07 02:00:06.879652+00,2028,M.Sc. Maths
aidan.nayar@presidency.edu.in,"$argon2id$v=19$m=19456,t=2,p=1$eArnrLW1/rRzVwcR87bxEw$2A/rMWXO2MalZdh5hd4gbWYexoYip6qPZDyC0jg96MM",Aidan Nayar,student,t,4,2026-09-07 02:00:06.879652+00,2026-09-07 02:00:06.879652+00,2028,M.Sc. Maths
aileen.negi@presidency.edu.in,"$argon2id$v=19$m=19456,t=2,p=1$eArnrLW1/rRzVwcR87bxEw$2A/rMWXO2MalZdh5hd4gbWYexoYip6qPZDyC0jg96MM",Aileen Negi,student,t,4,2026-09-07 02:00:06.879652+00,2026-09-07 02:00:06.879652+00,2028,M.Sc. Maths
ainsley.nerurkar@presidency.edu.in,"$argon2id$v=19$m=19456,t=2,p=1$eArnrLW1/rRzVwcR87bxEw$2A/rMWXO2MalZdh5hd4gbWYexoYip6qPZDyC0jg96MM",Ainsley Nerurkar,student,t,4,2026-09-07 02:00:06.879652+00,2026-09-07 02:00:06.879652+00,2028,M.Sc. Maths
alan.nigam@presidency.edu.in,"$argon2id$v=19$m=19456,t=2,p=1$eArnrLW1/rRzVwcR87bxEw$2A/rMWXO2MalZdh5hd4gbWYexoYip6qPZDyC0jg96MM",Alan Nigam,student,t,4,2026-09-07 02:00:06.879652+00,2026-09-07 02:00:06.879652+00,2028,M.Sc. Maths
alana.nihalani@presidency.edu.in,"$argon2id$v=19$m=19456,t=2,p=1$eArnrLW1/rRzVwcR87bxEw$2A/rMWXO2MalZdh5hd4gbWYexoYip6qPZDyC0jg96MM",Alana Nihalani,student,t,4,2026-09-07 02:00:06.879652+00,2026-09-07 02:00:06.879652+00,2026,B.E. CSE
alanna.nimbalkar@presidency.edu.in,"$argon2id$v=19$m=19456,t=2,p=1$eArnrLW1/rRzVwcR87bxEw$2A/rMWXO2MalZdh5hd4gbWYexoYip6qPZDyC0jg96MM",Alanna Nimbalkar,student,t,4,2026-09-07 02:00:06.879652+00,2026-09-07 02:00:06.879652+00,2026,B.E. CSE
albert.nischal@presidency.edu.in,"$argon2id$v=19$m=19456,t=2,p=1$eArnrLW1/rRzVwcR87bxEw$2A/rMWXO2MalZdh5hd4gbWYexoYip6qPZDyC0jg96MM",Albert Nischal,student,t,4,2026-09-07 02:00:06.879652+00,2026-09-07 02:00:06.879652+00,2026,B.E. CSE
alberta.niyogi@presidency.edu.in,"$argon2id$v=19$m=19456,t=2,p=1$eArnrLW1/rRzVwcR87bxEw$2A/rMWXO2MalZdh5hd4gbWYexoYip6qPZDyC0jg96MM",Alberta Niyogi,student,t,4,2026-09-07 02:00:06.879652+00,2026-09-07 02:00:06.879652+00,2026,B.E. CSE
alec.oberoi@presidency.edu.in,"$argon2id$v=19$m=19456,t=2,p=1$eArnrLW1/rRzVwcR87bxEw$2A/rMWXO2MalZdh5hd4gbWYexoYip6qPZDyC0jg96MM",Alec Oberoi,student,t,4,2026-09-07 02:00:06.879652+00,2026-09-07 02:00:06.879652+00,2026,B.E. CSE
alejandro.padbidri@presidency.edu.in,"$argon2id$v=19$m=19456,t=2,p=1$eArnrLW1/rRzVwcR87bxEw$2A/rMWXO2MalZdh5hd4gbWYexoYip6qPZDyC0jg96MM",Alejandro Padbidri,student,t,4,2026-09-07 02:00:06.879652+00,2026-09-07 02:00:06.879652+00,2026,B.E. CSE
alena.padekar@presidency.edu.in,"$argon2id$v=19$m=19456,t=2,p=1$eArnrLW1/rRzVwcR87bxEw$2A/rMWXO2MalZdh5hd4gbWYexoYip6qPZDyC0jg96MM",Alena Padekar,student,t,4,2026-09-07 02:00:06.879652+00,2026-09-07 02:00:06.879652+00,2026,B.E. CSE
alex.padgaonkar@presidency.edu.in,"$argon2id$v=19$m=19456,t=2,p=1$eArnrLW1/rRzVwcR87bxEw$2A/rMWXO2MalZdh5hd4gbWYexoYip6qPZDyC0jg96MM",Alex Padgaonkar,student,t,4,2026-09-07 02:00:06.879652+00,2026-09-07 02:00:06.879652+00,2026,B.E. CSE
alexander.padmanabhan@presidency.edu.in,"$argon2id$v=19$m=19456,t=2,p=1$eArnrLW1/rRzVwcR87bxEw$2A/rMWXO2MalZdh5hd4gbWYexoYip6qPZDyC0jg96MM",Alexander Padmanabhan,student,t,4,2026-09-07 02:00:06.879652+00,2026-09-07 02:00:06.879652+00,2026,B.E. CSE
alexandra.pai@presidency.edu.in,"$argon2id$v=19$m=19456,t=2,p=1$eArnrLW1/rRzVwcR87bxEw$2A/rMWXO2MalZdh5hd4gbWYexoYip6qPZDyC0jg96MM",Alexandra Pai,student,t,4,2026-09-07 02:00:06.879652+00,2026-09-07 02:00:06.879652+00,2026,B.E. CSE
alexandria.palande@presidency.edu.in,"$argon2id$v=19$m=19456,t=2,p=1$eArnrLW1/rRzVwcR87bxEw$2A/rMWXO2MalZdh5hd4gbWYexoYip6qPZDyC0jg96MM",Alexandria Palande,student,t,4,2026-09-07 02:00:06.879652+00,2026-09-07 02:00:06.879652+00,2027,B.E. CSE
alexis.palekar@presidency.edu.in,"$argon2id$v=19$m=19456,t=2,p=1$eArnrLW1/rRzVwcR87bxEw$2A/rMWXO2MalZdh5hd4gbWYexoYip6qPZDyC0jg96MM",Alexis Palekar,student,t,4,2026-09-07 02:00:06.879652+00,2026-09-07 02:00:06.879652+00,2027,B.E. CSE
alfonso.palicha@presidency.edu.in,"$argon2id$v=19$m=19456,t=2,p=1$eArnrLW1/rRzVwcR87bxEw$2A/rMWXO2MalZdh5hd4gbWYexoYip6qPZDyC0jg96MM",Alfonso Palicha,student,t,4,2026-09-07 02:00:06.879652+00,2026-09-07 02:00:06.879652+00,2027,B.E. CSE
alfred.palkhivala@presidency.edu.in,"$argon2id$v=19$m=19456,t=2,p=1$eArnrLW1/rRzVwcR87bxEw$2A/rMWXO2MalZdh5hd4gbWYexoYip6qPZDyC0jg96MM",Alfred Palkhivala,student,t,4,2026-09-07 02:00:06.879652+00,2026-09-07 02:00:06.879652+00,2027,B.E. CSE
alfredo.panchal@presidency.edu.in,"$argon2id$v=19$m=19456,t=2,p=1$eArnrLW1/rRzVwcR87bxEw$2A/rMWXO2MalZdh5hd4gbWYexoYip6qPZDyC0jg96MM",Alfredo Panchal,student,t,4,2026-09-07 02:00:06.879652+00,2026-09-07 02:00:06.879652+00,2027,B.E. CSE
alice.panda@presidency.edu.in,"$argon2id$v=19$m=19456,t=2,p=1$eArnrLW1/rRzVwcR87bxEw$2A/rMWXO2MalZdh5hd4gbWYexoYip6qPZDyC0jg96MM",Alice Panda,student,t,4,2026-09-07 02:00:06.879652+00,2026-09-07 02:00:06.879652+00,2027,B.E. CSE
alicia.pande@presidency.edu.in,"$argon2id$v=19$m=19456,t=2,p=1$eArnrLW1/rRzVwcR87bxEw$2A/rMWXO2MalZdh5hd4gbWYexoYip6qPZDyC0jg96MM",Alicia Pande,student,t,4,2026-09-07 02:00:06.879652+00,2026-09-07 02:00:06.879652+00,2027,B.E. CSE
alina.pandit@presidency.edu.in,"$argon2id$v=19$m=19456,t=2,p=1$eArnrLW1/rRzVwcR87bxEw$2A/rMWXO2MalZdh5hd4gbWYexoYip6qPZDyC0jg96MM",Alina Pandit,student,t,4,2026-09-07 02:00:06.879652+00,2026-09-07 02:00:06.879652+00,2027,B.E. CSE
alison.pandya@presidency.edu.in,"$argon2id$v=19$m=19456,t=2,p=1$eArnrLW1/rRzVwcR87bxEw$2A/rMWXO2MalZdh5hd4gbWYexoYip6qPZDyC0jg96MM",Alison Pandya,student,t,4,2026-09-07 02:00:06.879652+00,2026-09-07 02:00:06.879652+00,2027,B.E. CSE
allan.panicker@presidency.edu.in,"$argon2id$v=19$m=19456,t=2,p=1$eArnrLW1/rRzVwcR87bxEw$2A/rMWXO2MalZdh5hd4gbWYexoYip6qPZDyC0jg96MM",Allan Panicker,student,t,4,2026-09-07 02:00:06.879652+00,2026-09-07 02:00:06.879652+00,2027,B.E. CSE
allen.panja@presidency.edu.in,"$argon2id$v=19$m=19456,t=2,p=1$eArnrLW1/rRzVwcR87bxEw$2A/rMWXO2MalZdh5hd4gbWYexoYip6qPZDyC0jg96MM",Allen Panja,student,t,4,2026-09-07 02:00:06.879652+00,2026-09-07 02:00:06.879652+00,2028,B.E. CSE
allie.panjwani@presidency.edu.in,"$argon2id$v=19$m=19456,t=2,p=1$eArnrLW1/rRzVwcR87bxEw$2A/rMWXO2MalZdh5hd4gbWYexoYip6qPZDyC0jg96MM",Allie Panjwani,student,t,4,2026-09-07 02:00:06.879652+00,2026-09-07 02:00:06.879652+00,2028,B.E. CSE
allison.pant@presidency.edu.in,"$argon2id$v=19$m=19456,t=2,p=1$eArnrLW1/rRzVwcR87bxEw$2A/rMWXO2MalZdh5hd4gbWYexoYip6qPZDyC0jg96MM",Allison Pant,student,t,4,2026-09-07 02:00:06.879652+00,2026-09-07 02:00:06.879652+00,2028,B.E. CSE
allyson.paranjape@presidency.edu.in,"$argon2id$v=19$m=19456,t=2,p=1$eArnrLW1/rRzVwcR87bxEw$2A/rMWXO2MalZdh5hd4gbWYexoYip6qPZDyC0jg96MM",Allyson Paranjape,student,t,4,2026-09-07 02:00:06.879652+00,2026-09-07 02:00:06.879652+00,2028,B.E. CSE
alma.parashar@presidency.edu.in,"$argon2id$v=19$m=19456,t=2,p=1$eArnrLW1/rRzVwcR87bxEw$2A/rMWXO2MalZdh5hd4gbWYexoYip6qPZDyC0jg96MM",Alma Parashar,student,t,4,2026-09-07 02:00:06.879652+00,2026-09-07 02:00:06.879652+00,2028,B.E. CSE
aloysius.pardeshi@presidency.edu.in,"$argon2id$v=19$m=19456,t=2,p=1$eArnrLW1/rRzVwcR87bxEw$2A/rMWXO2MalZdh5hd4gbWYexoYip6qPZDyC0jg96MM",Aloysius Pardeshi,student,t,4,2026-09-07 02:00:06.879652+00,2026-09-07 02:00:06.879652+00,2028,B.E. CSE
alonso.parekh@presidency.edu.in,"$argon2id$v=19$m=19456,t=2,p=1$eArnrLW1/rRzVwcR87bxEw$2A/rMWXO2MalZdh5hd4gbWYexoYip6qPZDyC0jg96MM",Alonso Parekh,student,t,4,2026-09-07 02:00:06.879652+00,2026-09-07 02:00:06.879652+00,2028,B.E. CSE
alton.parelkar@presidency.edu.in,"$argon2id$v=19$m=19456,t=2,p=1$eArnrLW1/rRzVwcR87bxEw$2A/rMWXO2MalZdh5hd4gbWYexoYip6qPZDyC0jg96MM",Alton Parelkar,student,t,4,2026-09-07 02:00:06.879652+00,2026-09-07 02:00:06.879652+00,2028,B.E. CSE
alva.parikh@presidency.edu.in,"$argon2id$v=19$m=19456,t=2,p=1$eArnrLW1/rRzVwcR87bxEw$2A/rMWXO2MalZdh5hd4gbWYexoYip6qPZDyC0jg96MM",Alva Parikh,student,t,4,2026-09-07 02:00:06.879652+00,2026-09-07 02:00:06.879652+00,2028,B.E. CSE
alvaro.parmar@presidency.edu.in,"$argon2id$v=19$m=19456,t=2,p=1$eArnrLW1/rRzVwcR87bxEw$2A/rMWXO2MalZdh5hd4gbWYexoYip6qPZDyC0jg96MM",Alvaro Parmar,student,t,4,2026-09-07 02:00:06.879652+00,2026-09-07 02:00:06.879652+00,2028,B.E. CSE
alvina.parthasarathy@presidency.edu.in,"$argon2id$v=19$m=19456,t=2,p=1$eArnrLW1/rRzVwcR87bxEw$2A/rMWXO2MalZdh5hd4gbWYexoYip6qPZDyC0jg96MM",Alvina Parthasarathy,student,t,4,2026-09-07 02:00:06.879652+00,2026-09-07 02:00:06.879652+00,2026,M.Tech. DS
alyssa.parulekar@presidency.edu.in,"$argon2id$v=19$m=19456,t=2,p=1$eArnrLW1/rRzVwcR87bxEw$2A/rMWXO2MalZdh5hd4gbWYexoYip6qPZDyC0jg96MM",Alyssa Parulekar,student,t,4,2026-09-07 02:00:06.879652+00,2026-09-07 02:00:06.879652+00,2026,M.Tech. DS
amanda.pasricha@presidency.edu.in,"$argon2id$v=19$m=19456,t=2,p=1$eArnrLW1/rRzVwcR87bxEw$2A/rMWXO2MalZdh5hd4gbWYexoYip6qPZDyC0jg96MM",Amanda Pasricha,student,t,4,2026-09-07 02:00:06.879652+00,2026-09-07 02:00:06.879652+00,2026,M.Tech. DS
amber.paswan@presidency.edu.in,"$argon2id$v=19$m=19456,t=2,p=1$eArnrLW1/rRzVwcR87bxEw$2A/rMWXO2MalZdh5hd4gbWYexoYip6qPZDyC0jg96MM",Amber Paswan,student,t,4,2026-09-07 02:00:06.879652+00,2026-09-07 02:00:06.879652+00,2026,M.Tech. DS
ambrose.patankar@presidency.edu.in,"$argon2id$v=19$m=19456,t=2,p=1$eArnrLW1/rRzVwcR87bxEw$2A/rMWXO2MalZdh5hd4gbWYexoYip6qPZDyC0jg96MM",Ambrose Patankar,student,t,4,2026-09-07 02:00:06.879652+00,2026-09-07 02:00:06.879652+00,2026,M.Tech. DS
amelia.patel@presidency.edu.in,"$argon2id$v=19$m=19456,t=2,p=1$eArnrLW1/rRzVwcR87bxEw$2A/rMWXO2MalZdh5hd4gbWYexoYip6qPZDyC0jg96MM",Amelia Patel,student,t,4,2026-09-07 02:00:06.879652+00,2026-09-07 02:00:06.879652+00,2026,M.Tech. DS
amelie.pathak@presidency.edu.in,"$argon2id$v=19$m=19456,t=2,p=1$eArnrLW1/rRzVwcR87bxEw$2A/rMWXO2MalZdh5hd4gbWYexoYip6qPZDyC0jg96MM",Amelie Pathak,student,t,4,2026-09-07 02:00:06.879652+00,2026-09-07 02:00:06.879652+00,2026,M.Tech. DS
amos.patil@presidency.edu.in,"$argon2id$v=19$m=19456,t=2,p=1$eArnrLW1/rRzVwcR87bxEw$2A/rMWXO2MalZdh5hd4gbWYexoYip6qPZDyC0jg96MM",Amos Patil,student,t,4,2026-09-07 02:00:06.879652+00,2026-09-07 02:00:06.879652+00,2026,M.Tech. DS
amy.patkar@presidency.edu.in,"$argon2id$v=19$m=19456,t=2,p=1$eArnrLW1/rRzVwcR87bxEw$2A/rMWXO2MalZdh5hd4gbWYexoYip6qPZDyC0jg96MM",Amy Patkar,student,t,4,2026-09-07 02:00:06.879652+00,2026-09-07 02:00:06.879652+00,2026,M.Tech. DS
ana.patnaik@presidency.edu.in,"$argon2id$v=19$m=19456,t=2,p=1$eArnrLW1/rRzVwcR87bxEw$2A/rMWXO2MalZdh5hd4gbWYexoYip6qPZDyC0jg96MM",Ana Patnaik,student,t,4,2026-09-07 02:00:06.879652+00,2026-09-07 02:00:06.879652+00,2026,M.Tech. DS
analise.pattanaik@presidency.edu.in,"$argon2id$v=19$m=19456,t=2,p=1$eArnrLW1/rRzVwcR87bxEw$2A/rMWXO2MalZdh5hd4gbWYexoYip6qPZDyC0jg96MM",Analise Pattanaik,student,t,4,2026-09-07 02:00:06.879652+00,2026-09-07 02:00:06.879652+00,2027,M.Tech. DS
anastasia.patwardhan@presidency.edu.in,"$argon2id$v=19$m=19456,t=2,p=1$eArnrLW1/rRzVwcR87bxEw$2A/rMWXO2MalZdh5hd4gbWYexoYip6qPZDyC0jg96MM",Anastasia Patwardhan,student,t,4,2026-09-07 02:00:06.879652+00,2026-09-07 02:00:06.879652+00,2027,M.Tech. DS
anders.paul@presidency.edu.in,"$argon2id$v=19$m=19456,t=2,p=1$eArnrLW1/rRzVwcR87bxEw$2A/rMWXO2MalZdh5hd4gbWYexoYip6qPZDyC0jg96MM",Anders Paul,student,t,4,2026-09-07 02:00:06.879652+00,2026-09-07 02:00:06.879652+00,2027,M.Tech. DS
anderson.pavri@presidency.edu.in,"$argon2id$v=19$m=19456,t=2,p=1$eArnrLW1/rRzVwcR87bxEw$2A/rMWXO2MalZdh5hd4gbWYexoYip6qPZDyC0jg96MM",Anderson Pavri,student,t,4,2026-09-07 02:00:06.879652+00,2026-09-07 02:00:06.879652+00,2027,M.Tech. DS
andre.pendharkar@presidency.edu.in,"$argon2id$v=19$m=19456,t=2,p=1$eArnrLW1/rRzVwcR87bxEw$2A/rMWXO2MalZdh5hd4gbWYexoYip6qPZDyC0jg96MM",Andre Pendharkar,student,t,4,2026-09-07 02:00:06.879652+00,2026-09-07 02:00:06.879652+00,2027,M.Tech. DS
andrea.pendse@presidency.edu.in,"$argon2id$v=19$m=19456,t=2,p=1$eArnrLW1/rRzVwcR87bxEw$2A/rMWXO2MalZdh5hd4gbWYexoYip6qPZDyC0jg96MM",Andrea Pendse,student,t,4,2026-09-07 02:00:06.879652+00,2026-09-07 02:00:06.879652+00,2027,M.Tech. DS
andres.phadke@presidency.edu.in,"$argon2id$v=19$m=19456,t=2,p=1$eArnrLW1/rRzVwcR87bxEw$2A/rMWXO2MalZdh5hd4gbWYexoYip6qPZDyC0jg96MM",Andres Phadke,student,t,4,2026-09-07 02:00:06.879652+00,2026-09-07 02:00:06.879652+00,2027,M.Tech. DS
andrew.phadnis@presidency.edu.in,"$argon2id$v=19$m=19456,t=2,p=1$eArnrLW1/rRzVwcR87bxEw$2A/rMWXO2MalZdh5hd4gbWYexoYip6qPZDyC0jg96MM",Andrew Phadnis,student,t,4,2026-09-07 02:00:06.879652+00,2026-09-07 02:00:06.879652+00,2027,M.Tech. DS
angela.phukan@presidency.edu.in,"$argon2id$v=19$m=19456,t=2,p=1$eArnrLW1/rRzVwcR87bxEw$2A/rMWXO2MalZdh5hd4gbWYexoYip6qPZDyC0jg96MM",Angela Phukan,student,t,4,2026-09-07 02:00:06.879652+00,2026-09-07 02:00:06.879652+00,2027,M.Tech. DS
angelia.pillai@presidency.edu.in,"$argon2id$v=19$m=19456,t=2,p=1$eArnrLW1/rRzVwcR87bxEw$2A/rMWXO2MalZdh5hd4gbWYexoYip6qPZDyC0jg96MM",Angelia Pillai,student,t,4,2026-09-07 02:00:06.879652+00,2026-09-07 02:00:06.879652+00,2027,M.Tech. DS
angelica.pimputkar@presidency.edu.in,"$argon2id$v=19$m=19456,t=2,p=1$eArnrLW1/rRzVwcR87bxEw$2A/rMWXO2MalZdh5hd4gbWYexoYip6qPZDyC0jg96MM",Angelica Pimputkar,student,t,4,2026-09-07 02:00:06.879652+00,2026-09-07 02:00:06.879652+00,2028,M.Tech. DS
angelina.pingle@presidency.edu.in,"$argon2id$v=19$m=19456,t=2,p=1$eArnrLW1/rRzVwcR87bxEw$2A/rMWXO2MalZdh5hd4gbWYexoYip6qPZDyC0jg96MM",Angelina Pingle,student,t,4,2026-09-07 02:00:06.879652+00,2026-09-07 02:00:06.879652+00,2028,M.Tech. DS
angie.pinto@presidency.edu.in,"$argon2id$v=19$m=19456,t=2,p=1$eArnrLW1/rRzVwcR87bxEw$2A/rMWXO2MalZdh5hd4gbWYexoYip6qPZDyC0jg96MM",Angie Pinto,student,t,4,2026-09-07 02:00:06.879652+00,2026-09-07 02:00:06.879652+00,2028,M.Tech. DS
angus.piramal@presidency.edu.in,"$argon2id$v=19$m=19456,t=2,p=1$eArnrLW1/rRzVwcR87bxEw$2A/rMWXO2MalZdh5hd4gbWYexoYip6qPZDyC0jg96MM",Angus Piramal,student,t,4,2026-09-07 02:00:06.879652+00,2026-09-07 02:00:06.879652+00,2028,M.Tech. DS
annabell.podapalli@presidency.edu.in,"$argon2id$v=19$m=19456,t=2,p=1$eArnrLW1/rRzVwcR87bxEw$2A/rMWXO2MalZdh5hd4gbWYexoYip6qPZDyC0jg96MM",Annabell Podapalli,student,t,4,2026-09-07 02:00:06.879652+00,2026-09-07 02:00:06.879652+00,2028,M.Tech. DS
annabella.poddar@presidency.edu.in,"$argon2id$v=19$m=19456,t=2,p=1$eArnrLW1/rRzVwcR87bxEw$2A/rMWXO2MalZdh5hd4gbWYexoYip6qPZDyC0jg96MM",Annabella Poddar,student,t,4,2026-09-07 02:00:06.879652+00,2026-09-07 02:00:06.879652+00,2028,M.Tech. DS
annabelle.pokhriyal@presidency.edu.in,"$argon2id$v=19$m=19456,t=2,p=1$eArnrLW1/rRzVwcR87bxEw$2A/rMWXO2MalZdh5hd4gbWYexoYip6qPZDyC0jg96MM",Annabelle Pokhriyal,student,t,4,2026-09-07 02:00:06.879652+00,2026-09-07 02:00:06.879652+00,2028,M.Tech. DS
anne.pol@presidency.edu.in,"$argon2id$v=19$m=19456,t=2,p=1$eArnrLW1/rRzVwcR87bxEw$2A/rMWXO2MalZdh5hd4gbWYexoYip6qPZDyC0jg96MM",Anne Pol,student,t,4,2026-09-07 02:00:06.879652+00,2026-09-07 02:00:06.879652+00,2028,M.Tech. DS
anneliese.potnis@presidency.edu.in,"$argon2id$v=19$m=19456,t=2,p=1$eArnrLW1/rRzVwcR87bxEw$2A/rMWXO2MalZdh5hd4gbWYexoYip6qPZDyC0jg96MM",Anneliese Potnis,student,t,4,2026-09-07 02:00:06.879652+00,2026-09-07 02:00:06.879652+00,2028,M.Tech. DS
annette.prabhakar@presidency.edu.in,"$argon2id$v=19$m=19456,t=2,p=1$eArnrLW1/rRzVwcR87bxEw$2A/rMWXO2MalZdh5hd4gbWYexoYip6qPZDyC0jg96MM",Annette Prabhakar,student,t,4,2026-09-07 02:00:06.879652+00,2026-09-07 02:00:06.879652+00,2028,M.Tech. DS
annie.prabhu@presidency.edu.in,"$argon2id$v=19$m=19456,t=2,p=1$eArnrLW1/rRzVwcR87bxEw$2A/rMWXO2MalZdh5hd4gbWYexoYip6qPZDyC0jg96MM",Annie Prabhu,student,t,4,2026-09-07 02:00:06.879652+00,2026-09-07 02:00:06.879652+00,2026,BBA
annika.pradhan@presidency.edu.in,"$argon2id$v=19$m=19456,t=2,p=1$eArnrLW1/rRzVwcR87bxEw$2A/rMWXO2MalZdh5hd4gbWYexoYip6qPZDyC0jg96MM",Annika Pradhan,student,t,4,2026-09-07 02:00:06.879652+00,2026-09-07 02:00:06.879652+00,2026,BBA
ansel.prakasam@presidency.edu.in,"$argon2id$v=19$m=19456,t=2,p=1$eArnrLW1/rRzVwcR87bxEw$2A/rMWXO2MalZdh5hd4gbWYexoYip6qPZDyC0jg96MM",Ansel Prakasam,student,t,4,2026-09-07 02:00:06.879652+00,2026-09-07 02:00:06.879652+00,2026,BBA
anthony.prasad@presidency.edu.in,"$argon2id$v=19$m=19456,t=2,p=1$eArnrLW1/rRzVwcR87bxEw$2A/rMWXO2MalZdh5hd4gbWYexoYip6qPZDyC0jg96MM",Anthony Prasad,student,t,4,2026-09-07 02:00:06.879652+00,2026-09-07 02:00:06.879652+00,2026,BBA
anton.prashanth@presidency.edu.in,"$argon2id$v=19$m=19456,t=2,p=1$eArnrLW1/rRzVwcR87bxEw$2A/rMWXO2MalZdh5hd4gbWYexoYip6qPZDyC0jg96MM",Anton Prashanth,student,t,4,2026-09-07 02:00:06.879652+00,2026-09-07 02:00:06.879652+00,2026,BBA
antonia.pujari@presidency.edu.in,"$argon2id$v=19$m=19456,t=2,p=1$eArnrLW1/rRzVwcR87bxEw$2A/rMWXO2MalZdh5hd4gbWYexoYip6qPZDyC0jg96MM",Antonia Pujari,student,t,4,2026-09-07 02:00:06.879652+00,2026-09-07 02:00:06.879652+00,2026,BBA
antonio.pulapaka@presidency.edu.in,"$argon2id$v=19$m=19456,t=2,p=1$eArnrLW1/rRzVwcR87bxEw$2A/rMWXO2MalZdh5hd4gbWYexoYip6qPZDyC0jg96MM",Antonio Pulapaka,student,t,4,2026-09-07 02:00:06.879652+00,2026-09-07 02:00:06.879652+00,2026,BBA
antony.pundir@presidency.edu.in,"$argon2id$v=19$m=19456,t=2,p=1$eArnrLW1/rRzVwcR87bxEw$2A/rMWXO2MalZdh5hd4gbWYexoYip6qPZDyC0jg96MM",Antony Pundir,student,t,4,2026-09-07 02:00:06.879652+00,2026-09-07 02:00:06.879652+00,2026,BBA
anya.puranik@presidency.edu.in,"$argon2id$v=19$m=19456,t=2,p=1$eArnrLW1/rRzVwcR87bxEw$2A/rMWXO2MalZdh5hd4gbWYexoYip6qPZDyC0jg96MM",Anya Puranik,student,t,4,2026-09-07 02:00:06.879652+00,2026-09-07 02:00:06.879652+00,2026,BBA
april.puri@presidency.edu.in,"$argon2id$v=19$m=19456,t=2,p=1$eArnrLW1/rRzVwcR87bxEw$2A/rMWXO2MalZdh5hd4gbWYexoYip6qPZDyC0jg96MM",April Puri,student,t,4,2026-09-07 02:00:06.879652+00,2026-09-07 02:00:06.879652+00,2026,BBA
archer.purohit@presidency.edu.in,"$argon2id$v=19$m=19456,t=2,p=1$eArnrLW1/rRzVwcR87bxEw$2A/rMWXO2MalZdh5hd4gbWYexoYip6qPZDyC0jg96MM",Archer Purohit,student,t,4,2026-09-07 02:00:06.879652+00,2026-09-07 02:00:06.879652+00,2027,BBA
archibald.purushothaman@presidency.edu.in,"$argon2id$v=19$m=19456,t=2,p=1$eArnrLW1/rRzVwcR87bxEw$2A/rMWXO2MalZdh5hd4gbWYexoYip6qPZDyC0jg96MM",Archibald Purushothaman,student,t,4,2026-09-07 02:00:06.879652+00,2026-09-07 02:00:06.879652+00,2027,BBA
archie.radhakrishnan@presidency.edu.in,"$argon2id$v=19$m=19456,t=2,p=1$eArnrLW1/rRzVwcR87bxEw$2A/rMWXO2MalZdh5hd4gbWYexoYip6qPZDyC0jg96MM",Archie Radhakrishnan,student,t,4,2026-09-07 02:00:06.879652+00,2026-09-07 02:00:06.879652+00,2027,BBA
ariadne.raghavan@presidency.edu.in,"$argon2id$v=19$m=19456,t=2,p=1$eArnrLW1/rRzVwcR87bxEw$2A/rMWXO2MalZdh5hd4gbWYexoYip6qPZDyC0jg96MM",Ariadne Raghavan,student,t,4,2026-09-07 02:00:06.879652+00,2026-09-07 02:00:06.879652+00,2027,BBA
ariana.raghunathan@presidency.edu.in,"$argon2id$v=19$m=19456,t=2,p=1$eArnrLW1/rRzVwcR87bxEw$2A/rMWXO2MalZdh5hd4gbWYexoYip6qPZDyC0jg96MM",Ariana Raghunathan,student,t,4,2026-09-07 02:00:06.879652+00,2026-09-07 02:00:06.879652+00,2027,BBA
arianna.raheja@presidency.edu.in,"$argon2id$v=19$m=19456,t=2,p=1$eArnrLW1/rRzVwcR87bxEw$2A/rMWXO2MalZdh5hd4gbWYexoYip6qPZDyC0jg96MM",Arianna Raheja,student,t,4,2026-09-07 02:00:06.879652+00,2026-09-07 02:00:06.879652+00,2027,BBA
aric.rahman@presidency.edu.in,"$argon2id$v=19$m=19456,t=2,p=1$eArnrLW1/rRzVwcR87bxEw$2A/rMWXO2MalZdh5hd4gbWYexoYip6qPZDyC0jg96MM",Aric Rahman,student,t,4,2026-09-07 02:00:06.879652+00,2026-09-07 02:00:06.879652+00,2027,BBA
ariel.rai@presidency.edu.in,"$argon2id$v=19$m=19456,t=2,p=1$eArnrLW1/rRzVwcR87bxEw$2A/rMWXO2MalZdh5hd4gbWYexoYip6qPZDyC0jg96MM",Ariel Rai,student,t,4,2026-09-07 02:00:06.879652+00,2026-09-07 02:00:06.879652+00,2027,BBA
ariella.raina@presidency.edu.in,"$argon2id$v=19$m=19456,t=2,p=1$eArnrLW1/rRzVwcR87bxEw$2A/rMWXO2MalZdh5hd4gbWYexoYip6qPZDyC0jg96MM",Ariella Raina,student,t,4,2026-09-07 02:00:06.879652+00,2026-09-07 02:00:06.879652+00,2027,BBA
arlo.raizada@presidency.edu.in,"$argon2id$v=19$m=19456,t=2,p=1$eArnrLW1/rRzVwcR87bxEw$2A/rMWXO2MalZdh5hd4gbWYexoYip6qPZDyC0jg96MM",Arlo Raizada,student,t,4,2026-09-07 02:00:06.879652+00,2026-09-07 02:00:06.879652+00,2027,BBA
armand.rajagopal@presidency.edu.in,"$argon2id$v=19$m=19456,t=2,p=1$eArnrLW1/rRzVwcR87bxEw$2A/rMWXO2MalZdh5hd4gbWYexoYip6qPZDyC0jg96MM",Armand Rajagopal,student,t,4,2026-09-07 02:00:06.879652+00,2026-09-07 02:00:06.879652+00,2028,BBA
armando.rajagopalan@presidency.edu.in,"$argon2id$v=19$m=19456,t=2,p=1$eArnrLW1/rRzVwcR87bxEw$2A/rMWXO2MalZdh5hd4gbWYexoYip6qPZDyC0jg96MM",Armando Rajagopalan,student,t,4,2026-09-07 02:00:06.879652+00,2026-09-07 02:00:06.879652+00,2028,BBA
armani.rajan@presidency.edu.in,"$argon2id$v=19$m=19456,t=2,p=1$eArnrLW1/rRzVwcR87bxEw$2A/rMWXO2MalZdh5hd4gbWYexoYip6qPZDyC0jg96MM",Armani Rajan,student,t,4,2026-09-07 02:00:06.879652+00,2026-09-07 02:00:06.879652+00,2028,BBA
arnold.rajawat@presidency.edu.in,"$argon2id$v=19$m=19456,t=2,p=1$eArnrLW1/rRzVwcR87bxEw$2A/rMWXO2MalZdh5hd4gbWYexoYip6qPZDyC0jg96MM",Arnold Rajawat,student,t,4,2026-09-07 02:00:06.879652+00,2026-09-07 02:00:06.879652+00,2028,BBA
aron.raje@presidency.edu.in,"$argon2id$v=19$m=19456,t=2,p=1$eArnrLW1/rRzVwcR87bxEw$2A/rMWXO2MalZdh5hd4gbWYexoYip6qPZDyC0jg96MM",Aron Raje,student,t,4,2026-09-07 02:00:06.879652+00,2026-09-07 02:00:06.879652+00,2028,BBA
arthur.rajendran@presidency.edu.in,"$argon2id$v=19$m=19456,t=2,p=1$eArnrLW1/rRzVwcR87bxEw$2A/rMWXO2MalZdh5hd4gbWYexoYip6qPZDyC0jg96MM",Arthur Rajendran,student,t,4,2026-09-07 02:00:06.879652+00,2026-09-07 02:00:06.879652+00,2028,BBA
arturo.rajguru@presidency.edu.in,"$argon2id$v=19$m=19456,t=2,p=1$eArnrLW1/rRzVwcR87bxEw$2A/rMWXO2MalZdh5hd4gbWYexoYip6qPZDyC0jg96MM",Arturo Rajguru,student,t,4,2026-09-07 02:00:06.879652+00,2026-09-07 02:00:06.879652+00,2028,BBA
asher.rajhans@presidency.edu.in,"$argon2id$v=19$m=19456,t=2,p=1$eArnrLW1/rRzVwcR87bxEw$2A/rMWXO2MalZdh5hd4gbWYexoYip6qPZDyC0jg96MM",Asher Rajhans,student,t,4,2026-09-07 02:00:06.879652+00,2026-09-07 02:00:06.879652+00,2028,BBA
ashley.rajora@presidency.edu.in,"$argon2id$v=19$m=19456,t=2,p=1$eArnrLW1/rRzVwcR87bxEw$2A/rMWXO2MalZdh5hd4gbWYexoYip6qPZDyC0jg96MM",Ashley Rajora,student,t,4,2026-09-07 02:00:06.879652+00,2026-09-07 02:00:06.879652+00,2028,BBA
ashton.rajput@presidency.edu.in,"$argon2id$v=19$m=19456,t=2,p=1$eArnrLW1/rRzVwcR87bxEw$2A/rMWXO2MalZdh5hd4gbWYexoYip6qPZDyC0jg96MM",Ashton Rajput,student,t,4,2026-09-07 02:00:06.879652+00,2026-09-07 02:00:06.879652+00,2028,BBA
astrid.raju@ceg.annauniv.edu,"$argon2id$v=19$m=19456,t=2,p=1$eArnrLW1/rRzVwcR87bxEw$2A/rMWXO2MalZdh5hd4gbWYexoYip6qPZDyC0jg96MM",Astrid Raju,faculty,t,5,2026-09-07 02:00:06.879652+00,2026-09-07 02:00:06.879652+00,,B.Sc. Biochem
atticus.rajwade@ceg.annauniv.edu,"$argon2id$v=19$m=19456,t=2,p=1$eArnrLW1/rRzVwcR87bxEw$2A/rMWXO2MalZdh5hd4gbWYexoYip6qPZDyC0jg96MM",Atticus Rajwade,faculty,t,5,2026-09-07 02:00:06.879652+00,2026-09-07 02:00:06.879652+00,,M.Sc. Maths
aubree.rakesh@ceg.annauniv.edu,"$argon2id$v=19$m=19456,t=2,p=1$eArnrLW1/rRzVwcR87bxEw$2A/rMWXO2MalZdh5hd4gbWYexoYip6qPZDyC0jg96MM",Aubree Rakesh,faculty,t,5,2026-09-07 02:00:06.879652+00,2026-09-07 02:00:06.879652+00,,B.E. CSE
aubrey.ram@ceg.annauniv.edu,"$argon2id$v=19$m=19456,t=2,p=1$eArnrLW1/rRzVwcR87bxEw$2A/rMWXO2MalZdh5hd4gbWYexoYip6qPZDyC0jg96MM",Aubrey Ram,faculty,t,5,2026-09-07 02:00:06.879652+00,2026-09-07 02:00:06.879652+00,,M.Tech. DS
audrey.ramachandran@ceg.annauniv.edu,"$argon2id$v=19$m=19456,t=2,p=1$eArnrLW1/rRzVwcR87bxEw$2A/rMWXO2MalZdh5hd4gbWYexoYip6qPZDyC0jg96MM",Audrey Ramachandran,faculty,t,5,2026-09-07 02:00:06.879652+00,2026-09-07 02:00:06.879652+00,,BBA
augusta.ramakrishna@ceg.annauniv.edu,"$argon2id$v=19$m=19456,t=2,p=1$eArnrLW1/rRzVwcR87bxEw$2A/rMWXO2MalZdh5hd4gbWYexoYip6qPZDyC0jg96MM",Augusta Ramakrishna,student,t,5,2026-09-07 02:00:06.879652+00,2026-09-07 02:00:06.879652+00,2026,B.Sc. Biochem
augustine.ramakrishnan@ceg.annauniv.edu,"$argon2id$v=19$m=19456,t=2,p=1$eArnrLW1/rRzVwcR87bxEw$2A/rMWXO2MalZdh5hd4gbWYexoYip6qPZDyC0jg96MM",Augustine Ramakrishnan,student,t,5,2026-09-07 02:00:06.879652+00,2026-09-07 02:00:06.879652+00,2026,B.Sc. Biochem
augustus.raman@ceg.annauniv.edu,"$argon2id$v=19$m=19456,t=2,p=1$eArnrLW1/rRzVwcR87bxEw$2A/rMWXO2MalZdh5hd4gbWYexoYip6qPZDyC0jg96MM",Augustus Raman,student,t,5,2026-09-07 02:00:06.879652+00,2026-09-07 02:00:06.879652+00,2026,B.Sc. Biochem
aura.ramanathan@ceg.annauniv.edu,"$argon2id$v=19$m=19456,t=2,p=1$eArnrLW1/rRzVwcR87bxEw$2A/rMWXO2MalZdh5hd4gbWYexoYip6qPZDyC0jg96MM",Aura Ramanathan,student,t,5,2026-09-07 02:00:06.879652+00,2026-09-07 02:00:06.879652+00,2026,B.Sc. Biochem
aurelia.ramani@ceg.annauniv.edu,"$argon2id$v=19$m=19456,t=2,p=1$eArnrLW1/rRzVwcR87bxEw$2A/rMWXO2MalZdh5hd4gbWYexoYip6qPZDyC0jg96MM",Aurelia Ramani,student,t,5,2026-09-07 02:00:06.879652+00,2026-09-07 02:00:06.879652+00,2026,B.Sc. Biochem
aurelius.ramaswamy@ceg.annauniv.edu,"$argon2id$v=19$m=19456,t=2,p=1$eArnrLW1/rRzVwcR87bxEw$2A/rMWXO2MalZdh5hd4gbWYexoYip6qPZDyC0jg96MM",Aurelius Ramaswamy,student,t,5,2026-09-07 02:00:06.879652+00,2026-09-07 02:00:06.879652+00,2026,B.Sc. Biochem
aurora.ramdas@ceg.annauniv.edu,"$argon2id$v=19$m=19456,t=2,p=1$eArnrLW1/rRzVwcR87bxEw$2A/rMWXO2MalZdh5hd4gbWYexoYip6qPZDyC0jg96MM",Aurora Ramdas,student,t,5,2026-09-07 02:00:06.879652+00,2026-09-07 02:00:06.879652+00,2026,B.Sc. Biochem
austin.ramesh@ceg.annauniv.edu,"$argon2id$v=19$m=19456,t=2,p=1$eArnrLW1/rRzVwcR87bxEw$2A/rMWXO2MalZdh5hd4gbWYexoYip6qPZDyC0jg96MM",Austin Ramesh,student,t,5,2026-09-07 02:00:06.879652+00,2026-09-07 02:00:06.879652+00,2026,B.Sc. Biochem
autumn.ramgopal@ceg.annauniv.edu,"$argon2id$v=19$m=19456,t=2,p=1$eArnrLW1/rRzVwcR87bxEw$2A/rMWXO2MalZdh5hd4gbWYexoYip6qPZDyC0jg96MM",Autumn Ramgopal,student,t,5,2026-09-07 02:00:06.879652+00,2026-09-07 02:00:06.879652+00,2026,B.Sc. Biochem
ava.ramkumar@ceg.annauniv.edu,"$argon2id$v=19$m=19456,t=2,p=1$eArnrLW1/rRzVwcR87bxEw$2A/rMWXO2MalZdh5hd4gbWYexoYip6qPZDyC0jg96MM",Ava Ramkumar,student,t,5,2026-09-07 02:00:06.879652+00,2026-09-07 02:00:06.879652+00,2026,B.Sc. Biochem
avalon.rampal@ceg.annauniv.edu,"$argon2id$v=19$m=19456,t=2,p=1$eArnrLW1/rRzVwcR87bxEw$2A/rMWXO2MalZdh5hd4gbWYexoYip6qPZDyC0jg96MM",Avalon Rampal,student,t,5,2026-09-07 02:00:06.879652+00,2026-09-07 02:00:06.879652+00,2027,B.Sc. Biochem
avery.rana@ceg.annauniv.edu,"$argon2id$v=19$m=19456,t=2,p=1$eArnrLW1/rRzVwcR87bxEw$2A/rMWXO2MalZdh5hd4gbWYexoYip6qPZDyC0jg96MM",Avery Rana,student,t,5,2026-09-07 02:00:06.879652+00,2026-09-07 02:00:06.879652+00,2027,B.Sc. Biochem
axel.ranade@ceg.annauniv.edu,"$argon2id$v=19$m=19456,t=2,p=1$eArnrLW1/rRzVwcR87bxEw$2A/rMWXO2MalZdh5hd4gbWYexoYip6qPZDyC0jg96MM",Axel Ranade,student,t,5,2026-09-07 02:00:06.879652+00,2026-09-07 02:00:06.879652+00,2027,B.Sc. Biochem
ayden.ranawat@ceg.annauniv.edu,"$argon2id$v=19$m=19456,t=2,p=1$eArnrLW1/rRzVwcR87bxEw$2A/rMWXO2MalZdh5hd4gbWYexoYip6qPZDyC0jg96MM",Ayden Ranawat,student,t,5,2026-09-07 02:00:06.879652+00,2026-09-07 02:00:06.879652+00,2027,B.Sc. Biochem
ayla.rane@ceg.annauniv.edu,"$argon2id$v=19$m=19456,t=2,p=1$eArnrLW1/rRzVwcR87bxEw$2A/rMWXO2MalZdh5hd4gbWYexoYip6qPZDyC0jg96MM",Ayla Rane,student,t,5,2026-09-07 02:00:06.879652+00,2026-09-07 02:00:06.879652+00,2027,B.Sc. Biochem
bailey.ranga@ceg.annauniv.edu,"$argon2id$v=19$m=19456,t=2,p=1$eArnrLW1/rRzVwcR87bxEw$2A/rMWXO2MalZdh5hd4gbWYexoYip6qPZDyC0jg96MM",Bailey Ranga,student,t,5,2026-09-07 02:00:06.879652+00,2026-09-07 02:00:06.879652+00,2027,B.Sc. Biochem
barbara.rangan@ceg.annauniv.edu,"$argon2id$v=19$m=19456,t=2,p=1$eArnrLW1/rRzVwcR87bxEw$2A/rMWXO2MalZdh5hd4gbWYexoYip6qPZDyC0jg96MM",Barbara Rangan,student,t,5,2026-09-07 02:00:06.879652+00,2026-09-07 02:00:06.879652+00,2027,B.Sc. Biochem
barret.ranganathan@ceg.annauniv.edu,"$argon2id$v=19$m=19456,t=2,p=1$eArnrLW1/rRzVwcR87bxEw$2A/rMWXO2MalZdh5hd4gbWYexoYip6qPZDyC0jg96MM",Barret Ranganathan,student,t,5,2026-09-07 02:00:06.879652+00,2026-09-07 02:00:06.879652+00,2027,B.Sc. Biochem
barrett.rangaswamy@ceg.annauniv.edu,"$argon2id$v=19$m=19456,t=2,p=1$eArnrLW1/rRzVwcR87bxEw$2A/rMWXO2MalZdh5hd4gbWYexoYip6qPZDyC0jg96MM",Barrett Rangaswamy,student,t,5,2026-09-07 02:00:06.879652+00,2026-09-07 02:00:06.879652+00,2027,B.Sc. Biochem
barry.ranjan@ceg.annauniv.edu,"$argon2id$v=19$m=19456,t=2,p=1$eArnrLW1/rRzVwcR87bxEw$2A/rMWXO2MalZdh5hd4gbWYexoYip6qPZDyC0jg96MM",Barry Ranjan,student,t,5,2026-09-07 02:00:06.879652+00,2026-09-07 02:00:06.879652+00,2027,B.Sc. Biochem
bart.rao@ceg.annauniv.edu,"$argon2id$v=19$m=19456,t=2,p=1$eArnrLW1/rRzVwcR87bxEw$2A/rMWXO2MalZdh5hd4gbWYexoYip6qPZDyC0jg96MM",Bart Rao,student,t,5,2026-09-07 02:00:06.879652+00,2026-09-07 02:00:06.879652+00,2028,B.Sc. Biochem
bartholomew.rasgotra@ceg.annauniv.edu,"$argon2id$v=19$m=19456,t=2,p=1$eArnrLW1/rRzVwcR87bxEw$2A/rMWXO2MalZdh5hd4gbWYexoYip6qPZDyC0jg96MM",Bartholomew Rasgotra,student,t,5,2026-09-07 02:00:06.879652+00,2026-09-07 02:00:06.879652+00,2028,B.Sc. Biochem
basil.rastogi@ceg.annauniv.edu,"$argon2id$v=19$m=19456,t=2,p=1$eArnrLW1/rRzVwcR87bxEw$2A/rMWXO2MalZdh5hd4gbWYexoYip6qPZDyC0jg96MM",Basil Rastogi,student,t,5,2026-09-07 02:00:06.879652+00,2026-09-07 02:00:06.879652+00,2028,B.Sc. Biochem
baxter.rath@ceg.annauniv.edu,"$argon2id$v=19$m=19456,t=2,p=1$eArnrLW1/rRzVwcR87bxEw$2A/rMWXO2MalZdh5hd4gbWYexoYip6qPZDyC0jg96MM",Baxter Rath,student,t,5,2026-09-07 02:00:06.879652+00,2026-09-07 02:00:06.879652+00,2028,B.Sc. Biochem
beatrice.ratnam@ceg.annauniv.edu,"$argon2id$v=19$m=19456,t=2,p=1$eArnrLW1/rRzVwcR87bxEw$2A/rMWXO2MalZdh5hd4gbWYexoYip6qPZDyC0jg96MM",Beatrice Ratnam,student,t,5,2026-09-07 02:00:06.879652+00,2026-09-07 02:00:06.879652+00,2028,B.Sc. Biochem
beatrix.rattan@ceg.annauniv.edu,"$argon2id$v=19$m=19456,t=2,p=1$eArnrLW1/rRzVwcR87bxEw$2A/rMWXO2MalZdh5hd4gbWYexoYip6qPZDyC0jg96MM",Beatrix Rattan,student,t,5,2026-09-07 02:00:06.879652+00,2026-09-07 02:00:06.879652+00,2028,B.Sc. Biochem
beau.rau@ceg.annauniv.edu,"$argon2id$v=19$m=19456,t=2,p=1$eArnrLW1/rRzVwcR87bxEw$2A/rMWXO2MalZdh5hd4gbWYexoYip6qPZDyC0jg96MM",Beau Rau,student,t,5,2026-09-07 02:00:06.879652+00,2026-09-07 02:00:06.879652+00,2028,B.Sc. Biochem
becky.raval@ceg.annauniv.edu,"$argon2id$v=19$m=19456,t=2,p=1$eArnrLW1/rRzVwcR87bxEw$2A/rMWXO2MalZdh5hd4gbWYexoYip6qPZDyC0jg96MM",Becky Raval,student,t,5,2026-09-07 02:00:06.879652+00,2026-09-07 02:00:06.879652+00,2028,B.Sc. Biochem
belinda.ravichandran@ceg.annauniv.edu,"$argon2id$v=19$m=19456,t=2,p=1$eArnrLW1/rRzVwcR87bxEw$2A/rMWXO2MalZdh5hd4gbWYexoYip6qPZDyC0jg96MM",Belinda Ravichandran,student,t,5,2026-09-07 02:00:06.879652+00,2026-09-07 02:00:06.879652+00,2028,B.Sc. Biochem
bella.ravindran@ceg.annauniv.edu,"$argon2id$v=19$m=19456,t=2,p=1$eArnrLW1/rRzVwcR87bxEw$2A/rMWXO2MalZdh5hd4gbWYexoYip6qPZDyC0jg96MM",Bella Ravindran,student,t,5,2026-09-07 02:00:06.879652+00,2026-09-07 02:00:06.879652+00,2028,B.Sc. Biochem
ben.ravishankar@ceg.annauniv.edu,"$argon2id$v=19$m=19456,t=2,p=1$eArnrLW1/rRzVwcR87bxEw$2A/rMWXO2MalZdh5hd4gbWYexoYip6qPZDyC0jg96MM",Ben Ravishankar,student,t,5,2026-09-07 02:00:06.879652+00,2026-09-07 02:00:06.879652+00,2026,M.Sc. Maths
benedict.rawal@ceg.annauniv.edu,"$argon2id$v=19$m=19456,t=2,p=1$eArnrLW1/rRzVwcR87bxEw$2A/rMWXO2MalZdh5hd4gbWYexoYip6qPZDyC0jg96MM",Benedict Rawal,student,t,5,2026-09-07 02:00:06.879652+00,2026-09-07 02:00:06.879652+00,2026,M.Sc. Maths
benjamin.rawat@ceg.annauniv.edu,"$argon2id$v=19$m=19456,t=2,p=1$eArnrLW1/rRzVwcR87bxEw$2A/rMWXO2MalZdh5hd4gbWYexoYip6qPZDyC0jg96MM",Benjamin Rawat,student,t,5,2026-09-07 02:00:06.879652+00,2026-09-07 02:00:06.879652+00,2026,M.Sc. Maths
benita.raychaudhuri@ceg.annauniv.edu,"$argon2id$v=19$m=19456,t=2,p=1$eArnrLW1/rRzVwcR87bxEw$2A/rMWXO2MalZdh5hd4gbWYexoYip6qPZDyC0jg96MM",Benita Raychaudhuri,student,t,5,2026-09-07 02:00:06.879652+00,2026-09-07 02:00:06.879652+00,2026,M.Sc. Maths
bennett.raza@ceg.annauniv.edu,"$argon2id$v=19$m=19456,t=2,p=1$eArnrLW1/rRzVwcR87bxEw$2A/rMWXO2MalZdh5hd4gbWYexoYip6qPZDyC0jg96MM",Bennett Raza,student,t,5,2026-09-07 02:00:06.879652+00,2026-09-07 02:00:06.879652+00,2026,M.Sc. Maths
bennie.razdan@ceg.annauniv.edu,"$argon2id$v=19$m=19456,t=2,p=1$eArnrLW1/rRzVwcR87bxEw$2A/rMWXO2MalZdh5hd4gbWYexoYip6qPZDyC0jg96MM",Bennie Razdan,student,t,5,2026-09-07 02:00:06.879652+00,2026-09-07 02:00:06.879652+00,2026,M.Sc. Maths
benny.reddi@ceg.annauniv.edu,"$argon2id$v=19$m=19456,t=2,p=1$eArnrLW1/rRzVwcR87bxEw$2A/rMWXO2MalZdh5hd4gbWYexoYip6qPZDyC0jg96MM",Benny Reddi,student,t,5,2026-09-07 02:00:06.879652+00,2026-09-07 02:00:06.879652+00,2026,M.Sc. Maths
bernadette.reddy@ceg.annauniv.edu,"$argon2id$v=19$m=19456,t=2,p=1$eArnrLW1/rRzVwcR87bxEw$2A/rMWXO2MalZdh5hd4gbWYexoYip6qPZDyC0jg96MM",Bernadette Reddy,student,t,5,2026-09-07 02:00:06.879652+00,2026-09-07 02:00:06.879652+00,2026,M.Sc. Maths
bernard.rege@ceg.annauniv.edu,"$argon2id$v=19$m=19456,t=2,p=1$eArnrLW1/rRzVwcR87bxEw$2A/rMWXO2MalZdh5hd4gbWYexoYip6qPZDyC0jg96MM",Bernard Rege,student,t,5,2026-09-07 02:00:06.879652+00,2026-09-07 02:00:06.879652+00,2026,M.Sc. Maths
bernardo.rekhi@ceg.annauniv.edu,"$argon2id$v=19$m=19456,t=2,p=1$eArnrLW1/rRzVwcR87bxEw$2A/rMWXO2MalZdh5hd4gbWYexoYip6qPZDyC0jg96MM",Bernardo Rekhi,student,t,5,2026-09-07 02:00:06.879652+00,2026-09-07 02:00:06.879652+00,2026,M.Sc. Maths
bernice.renganathan@ceg.annauniv.edu,"$argon2id$v=19$m=19456,t=2,p=1$eArnrLW1/rRzVwcR87bxEw$2A/rMWXO2MalZdh5hd4gbWYexoYip6qPZDyC0jg96MM",Bernice Renganathan,student,t,5,2026-09-07 02:00:06.879652+00,2026-09-07 02:00:06.879652+00,2027,M.Sc. Maths
bert.ribandar@ceg.annauniv.edu,"$argon2id$v=19$m=19456,t=2,p=1$eArnrLW1/rRzVwcR87bxEw$2A/rMWXO2MalZdh5hd4gbWYexoYip6qPZDyC0jg96MM",Bert Ribandar,student,t,5,2026-09-07 02:00:06.879652+00,2026-09-07 02:00:06.879652+00,2027,M.Sc. Maths
bertha.ribeiro@ceg.annauniv.edu,"$argon2id$v=19$m=19456,t=2,p=1$eArnrLW1/rRzVwcR87bxEw$2A/rMWXO2MalZdh5hd4gbWYexoYip6qPZDyC0jg96MM",Bertha Ribeiro,student,t,5,2026-09-07 02:00:06.879652+00,2026-09-07 02:00:06.879652+00,2027,M.Sc. Maths
bertram.rodrigues@ceg.annauniv.edu,"$argon2id$v=19$m=19456,t=2,p=1$eArnrLW1/rRzVwcR87bxEw$2A/rMWXO2MalZdh5hd4gbWYexoYip6qPZDyC0jg96MM",Bertram Rodrigues,student,t,5,2026-09-07 02:00:06.879652+00,2026-09-07 02:00:06.879652+00,2027,M.Sc. Maths
beryl.rohira@ceg.annauniv.edu,"$argon2id$v=19$m=19456,t=2,p=1$eArnrLW1/rRzVwcR87bxEw$2A/rMWXO2MalZdh5hd4gbWYexoYip6qPZDyC0jg96MM",Beryl Rohira,student,t,5,2026-09-07 02:00:06.879652+00,2026-09-07 02:00:06.879652+00,2027,M.Sc. Maths
bess.rohatgi@ceg.annauniv.edu,"$argon2id$v=19$m=19456,t=2,p=1$eArnrLW1/rRzVwcR87bxEw$2A/rMWXO2MalZdh5hd4gbWYexoYip6qPZDyC0jg96MM",Bess Rohatgi,student,t,5,2026-09-07 02:00:06.879652+00,2026-09-07 02:00:06.879652+00,2027,M.Sc. Maths
bethany.rohilla@ceg.annauniv.edu,"$argon2id$v=19$m=19456,t=2,p=1$eArnrLW1/rRzVwcR87bxEw$2A/rMWXO2MalZdh5hd4gbWYexoYip6qPZDyC0jg96MM",Bethany Rohilla,student,t,5,2026-09-07 02:00:06.879652+00,2026-09-07 02:00:06.879652+00,2027,M.Sc. Maths
betsy.roongta@ceg.annauniv.edu,"$argon2id$v=19$m=19456,t=2,p=1$eArnrLW1/rRzVwcR87bxEw$2A/rMWXO2MalZdh5hd4gbWYexoYip6qPZDyC0jg96MM",Betsy Roongta,student,t,5,2026-09-07 02:00:06.879652+00,2026-09-07 02:00:06.879652+00,2027,M.Sc. Maths
betty.roychaudhury@ceg.annauniv.edu,"$argon2id$v=19$m=19456,t=2,p=1$eArnrLW1/rRzVwcR87bxEw$2A/rMWXO2MalZdh5hd4gbWYexoYip6qPZDyC0jg96MM",Betty Roychaudhury,student,t,5,2026-09-07 02:00:06.879652+00,2026-09-07 02:00:06.879652+00,2027,M.Sc. Maths
beverly.roychoudhury@ceg.annauniv.edu,"$argon2id$v=19$m=19456,t=2,p=1$eArnrLW1/rRzVwcR87bxEw$2A/rMWXO2MalZdh5hd4gbWYexoYip6qPZDyC0jg96MM",Beverly Roychoudhury,student,t,5,2026-09-07 02:00:06.879652+00,2026-09-07 02:00:06.879652+00,2027,M.Sc. Maths
bianca.rudra@ceg.annauniv.edu,"$argon2id$v=19$m=19456,t=2,p=1$eArnrLW1/rRzVwcR87bxEw$2A/rMWXO2MalZdh5hd4gbWYexoYip6qPZDyC0jg96MM",Bianca Rudra,student,t,5,2026-09-07 02:00:06.879652+00,2026-09-07 02:00:06.879652+00,2028,M.Sc. Maths
billie.ruia@ceg.annauniv.edu,"$argon2id$v=19$m=19456,t=2,p=1$eArnrLW1/rRzVwcR87bxEw$2A/rMWXO2MalZdh5hd4gbWYexoYip6qPZDyC0jg96MM",Billie Ruia,student,t,5,2026-09-07 02:00:06.879652+00,2026-09-07 02:00:06.879652+00,2028,M.Sc. Maths
billy.rungta@ceg.annauniv.edu,"$argon2id$v=19$m=19456,t=2,p=1$eArnrLW1/rRzVwcR87bxEw$2A/rMWXO2MalZdh5hd4gbWYexoYip6qPZDyC0jg96MM",Billy Rungta,student,t,5,2026-09-07 02:00:06.879652+00,2026-09-07 02:00:06.879652+00,2028,M.Sc. Maths
blair.ruparel@ceg.annauniv.edu,"$argon2id$v=19$m=19456,t=2,p=1$eArnrLW1/rRzVwcR87bxEw$2A/rMWXO2MalZdh5hd4gbWYexoYip6qPZDyC0jg96MM",Blair Ruparel,student,t,5,2026-09-07 02:00:06.879652+00,2026-09-07 02:00:06.879652+00,2028,M.Sc. Maths
blake.sabharwal@ceg.annauniv.edu,"$argon2id$v=19$m=19456,t=2,p=1$eArnrLW1/rRzVwcR87bxEw$2A/rMWXO2MalZdh5hd4gbWYexoYip6qPZDyC0jg96MM",Blake Sabharwal,student,t,5,2026-09-07 02:00:06.879652+00,2026-09-07 02:00:06.879652+00,2028,M.Sc. Maths
blanca.sabnis@ceg.annauniv.edu,"$argon2id$v=19$m=19456,t=2,p=1$eArnrLW1/rRzVwcR87bxEw$2A/rMWXO2MalZdh5hd4gbWYexoYip6qPZDyC0jg96MM",Blanca Sabnis,student,t,5,2026-09-07 02:00:06.879652+00,2026-09-07 02:00:06.879652+00,2028,M.Sc. Maths
blanche.sachdev@ceg.annauniv.edu,"$argon2id$v=19$m=19456,t=2,p=1$eArnrLW1/rRzVwcR87bxEw$2A/rMWXO2MalZdh5hd4gbWYexoYip6qPZDyC0jg96MM",Blanche Sachdev,student,t,5,2026-09-07 02:00:06.879652+00,2026-09-07 02:00:06.879652+00,2028,M.Sc. Maths
blaze.sachdeva@ceg.annauniv.edu,"$argon2id$v=19$m=19456,t=2,p=1$eArnrLW1/rRzVwcR87bxEw$2A/rMWXO2MalZdh5hd4gbWYexoYip6qPZDyC0jg96MM",Blaze Sachdeva,student,t,5,2026-09-07 02:00:06.879652+00,2026-09-07 02:00:06.879652+00,2028,M.Sc. Maths
bob.sadarangani@ceg.annauniv.edu,"$argon2id$v=19$m=19456,t=2,p=1$eArnrLW1/rRzVwcR87bxEw$2A/rMWXO2MalZdh5hd4gbWYexoYip6qPZDyC0jg96MM",Bob Sadarangani,student,t,5,2026-09-07 02:00:06.879652+00,2026-09-07 02:00:06.879652+00,2028,M.Sc. Maths
bobbie.sadgopal@ceg.annauniv.edu,"$argon2id$v=19$m=19456,t=2,p=1$eArnrLW1/rRzVwcR87bxEw$2A/rMWXO2MalZdh5hd4gbWYexoYip6qPZDyC0jg96MM",Bobbie Sadgopal,student,t,5,2026-09-07 02:00:06.879652+00,2026-09-07 02:00:06.879652+00,2028,M.Sc. Maths
bobby.sagar@ceg.annauniv.edu,"$argon2id$v=19$m=19456,t=2,p=1$eArnrLW1/rRzVwcR87bxEw$2A/rMWXO2MalZdh5hd4gbWYexoYip6qPZDyC0jg96MM",Bobby Sagar,student,t,5,2026-09-07 02:00:06.879652+00,2026-09-07 02:00:06.879652+00,2026,B.E. CSE
bodhi.sahai@ceg.annauniv.edu,"$argon2id$v=19$m=19456,t=2,p=1$eArnrLW1/rRzVwcR87bxEw$2A/rMWXO2MalZdh5hd4gbWYexoYip6qPZDyC0jg96MM",Bodhi Sahai,student,t,5,2026-09-07 02:00:06.879652+00,2026-09-07 02:00:06.879652+00,2026,B.E. CSE
bonnie.sahani@ceg.annauniv.edu,"$argon2id$v=19$m=19456,t=2,p=1$eArnrLW1/rRzVwcR87bxEw$2A/rMWXO2MalZdh5hd4gbWYexoYip6qPZDyC0jg96MM",Bonnie Sahani,student,t,5,2026-09-07 02:00:06.879652+00,2026-09-07 02:00:06.879652+00,2026,B.E. CSE
boris.sahay@ceg.annauniv.edu,"$argon2id$v=19$m=19456,t=2,p=1$eArnrLW1/rRzVwcR87bxEw$2A/rMWXO2MalZdh5hd4gbWYexoYip6qPZDyC0jg96MM",Boris Sahay,student,t,5,2026-09-07 02:00:06.879652+00,2026-09-07 02:00:06.879652+00,2026,B.E. CSE
boyd.sahgal@ceg.annauniv.edu,"$argon2id$v=19$m=19456,t=2,p=1$eArnrLW1/rRzVwcR87bxEw$2A/rMWXO2MalZdh5hd4gbWYexoYip6qPZDyC0jg96MM",Boyd Sahgal,student,t,5,2026-09-07 02:00:06.879652+00,2026-09-07 02:00:06.879652+00,2026,B.E. CSE
brad.sahni@ceg.annauniv.edu,"$argon2id$v=19$m=19456,t=2,p=1$eArnrLW1/rRzVwcR87bxEw$2A/rMWXO2MalZdh5hd4gbWYexoYip6qPZDyC0jg96MM",Brad Sahni,student,t,5,2026-09-07 02:00:06.879652+00,2026-09-07 02:00:06.879652+00,2026,B.E. CSE
bradford.sahu@ceg.annauniv.edu,"$argon2id$v=19$m=19456,t=2,p=1$eArnrLW1/rRzVwcR87bxEw$2A/rMWXO2MalZdh5hd4gbWYexoYip6qPZDyC0jg96MM",Bradford Sahu,student,t,5,2026-09-07 02:00:06.879652+00,2026-09-07 02:00:06.879652+00,2026,B.E. CSE
bradley.saigal@ceg.annauniv.edu,"$argon2id$v=19$m=19456,t=2,p=1$eArnrLW1/rRzVwcR87bxEw$2A/rMWXO2MalZdh5hd4gbWYexoYip6qPZDyC0jg96MM",Bradley Saigal,student,t,5,2026-09-07 02:00:06.879652+00,2026-09-07 02:00:06.879652+00,2026,B.E. CSE
brady.sain@ceg.annauniv.edu,"$argon2id$v=19$m=19456,t=2,p=1$eArnrLW1/rRzVwcR87bxEw$2A/rMWXO2MalZdh5hd4gbWYexoYip6qPZDyC0jg96MM",Brady Sain,student,t,5,2026-09-07 02:00:06.879652+00,2026-09-07 02:00:06.879652+00,2026,B.E. CSE
braeden.saini@ceg.annauniv.edu,"$argon2id$v=19$m=19456,t=2,p=1$eArnrLW1/rRzVwcR87bxEw$2A/rMWXO2MalZdh5hd4gbWYexoYip6qPZDyC0jg96MM",Braeden Saini,student,t,5,2026-09-07 02:00:06.879652+00,2026-09-07 02:00:06.879652+00,2026,B.E. CSE
brandon.salaskar@ceg.annauniv.edu,"$argon2id$v=19$m=19456,t=2,p=1$eArnrLW1/rRzVwcR87bxEw$2A/rMWXO2MalZdh5hd4gbWYexoYip6qPZDyC0jg96MM",Brandon Salaskar,student,t,5,2026-09-07 02:00:06.879652+00,2026-09-07 02:00:06.879652+00,2027,B.E. CSE
brandy.salgaonkar@ceg.annauniv.edu,"$argon2id$v=19$m=19456,t=2,p=1$eArnrLW1/rRzVwcR87bxEw$2A/rMWXO2MalZdh5hd4gbWYexoYip6qPZDyC0jg96MM",Brandy Salgaonkar,student,t,5,2026-09-07 02:00:06.879652+00,2026-09-07 02:00:06.879652+00,2027,B.E. CSE
branson.salian@ceg.annauniv.edu,"$argon2id$v=19$m=19456,t=2,p=1$eArnrLW1/rRzVwcR87bxEw$2A/rMWXO2MalZdh5hd4gbWYexoYip6qPZDyC0jg96MM",Branson Salian,student,t,5,2026-09-07 02:00:06.879652+00,2026-09-07 02:00:06.879652+00,2027,B.E. CSE
brant.salunkhe@ceg.annauniv.edu,"$argon2id$v=19$m=19456,t=2,p=1$eArnrLW1/rRzVwcR87bxEw$2A/rMWXO2MalZdh5hd4gbWYexoYip6qPZDyC0jg96MM",Brant Salunkhe,student,t,5,2026-09-07 02:00:06.879652+00,2026-09-07 02:00:06.879652+00,2027,B.E. CSE
braxton.salve@ceg.annauniv.edu,"$argon2id$v=19$m=19456,t=2,p=1$eArnrLW1/rRzVwcR87bxEw$2A/rMWXO2MalZdh5hd4gbWYexoYip6qPZDyC0jg96MM",Braxton Salve,student,t,5,2026-09-07 02:00:06.879652+00,2026-09-07 02:00:06.879652+00,2027,B.E. CSE
brayden.samaddar@ceg.annauniv.edu,"$argon2id$v=19$m=19456,t=2,p=1$eArnrLW1/rRzVwcR87bxEw$2A/rMWXO2MalZdh5hd4gbWYexoYip6qPZDyC0jg96MM",Brayden Samaddar,student,t,5,2026-09-07 02:00:06.879652+00,2026-09-07 02:00:06.879652+00,2027,B.E. CSE
braylon.samant@ceg.annauniv.edu,"$argon2id$v=19$m=19456,t=2,p=1$eArnrLW1/rRzVwcR87bxEw$2A/rMWXO2MalZdh5hd4gbWYexoYip6qPZDyC0jg96MM",Braylon Samant,student,t,5,2026-09-07 02:00:06.879652+00,2026-09-07 02:00:06.879652+00,2027,B.E. CSE
brenda.samanta@ceg.annauniv.edu,"$argon2id$v=19$m=19456,t=2,p=1$eArnrLW1/rRzVwcR87bxEw$2A/rMWXO2MalZdh5hd4gbWYexoYip6qPZDyC0jg96MM",Brenda Samanta,student,t,5,2026-09-07 02:00:06.879652+00,2026-09-07 02:00:06.879652+00,2027,B.E. CSE
brendan.sampath@ceg.annauniv.edu,"$argon2id$v=19$m=19456,t=2,p=1$eArnrLW1/rRzVwcR87bxEw$2A/rMWXO2MalZdh5hd4gbWYexoYip6qPZDyC0jg96MM",Brendan Sampath,student,t,5,2026-09-07 02:00:06.879652+00,2026-09-07 02:00:06.879652+00,2027,B.E. CSE
brennan.samra@ceg.annauniv.edu,"$argon2id$v=19$m=19456,t=2,p=1$eArnrLW1/rRzVwcR87bxEw$2A/rMWXO2MalZdh5hd4gbWYexoYip6qPZDyC0jg96MM",Brennan Samra,student,t,5,2026-09-07 02:00:06.879652+00,2026-09-07 02:00:06.879652+00,2027,B.E. CSE
brent.sandhu@ceg.annauniv.edu,"$argon2id$v=19$m=19456,t=2,p=1$eArnrLW1/rRzVwcR87bxEw$2A/rMWXO2MalZdh5hd4gbWYexoYip6qPZDyC0jg96MM",Brent Sandhu,student,t,5,2026-09-07 02:00:06.879652+00,2026-09-07 02:00:06.879652+00,2028,B.E. CSE
brenton.sandilya@ceg.annauniv.edu,"$argon2id$v=19$m=19456,t=2,p=1$eArnrLW1/rRzVwcR87bxEw$2A/rMWXO2MalZdh5hd4gbWYexoYip6qPZDyC0jg96MM",Brenton Sandilya,student,t,5,2026-09-07 02:00:06.879652+00,2026-09-07 02:00:06.879652+00,2028,B.E. CSE
brett.sanghavi@ceg.annauniv.edu,"$argon2id$v=19$m=19456,t=2,p=1$eArnrLW1/rRzVwcR87bxEw$2A/rMWXO2MalZdh5hd4gbWYexoYip6qPZDyC0jg96MM",Brett Sanghavi,student,t,5,2026-09-07 02:00:06.879652+00,2026-09-07 02:00:06.879652+00,2028,B.E. CSE
brian.sanghi@ceg.annauniv.edu,"$argon2id$v=19$m=19456,t=2,p=1$eArnrLW1/rRzVwcR87bxEw$2A/rMWXO2MalZdh5hd4gbWYexoYip6qPZDyC0jg96MM",Brian Sanghi,student,t,5,2026-09-07 02:00:06.879652+00,2026-09-07 02:00:06.879652+00,2028,B.E. CSE
briana.sanial@ceg.annauniv.edu,"$argon2id$v=19$m=19456,t=2,p=1$eArnrLW1/rRzVwcR87bxEw$2A/rMWXO2MalZdh5hd4gbWYexoYip6qPZDyC0jg96MM",Briana Sanial,student,t,5,2026-09-07 02:00:06.879652+00,2026-09-07 02:00:06.879652+00,2028,B.E. CSE
brianna.sanzgiri@ceg.annauniv.edu,"$argon2id$v=19$m=19456,t=2,p=1$eArnrLW1/rRzVwcR87bxEw$2A/rMWXO2MalZdh5hd4gbWYexoYip6qPZDyC0jg96MM",Brianna Sanzgiri,student,t,5,2026-09-07 02:00:06.879652+00,2026-09-07 02:00:06.879652+00,2028,B.E. CSE
brianne.saraf@ceg.annauniv.edu,"$argon2id$v=19$m=19456,t=2,p=1$eArnrLW1/rRzVwcR87bxEw$2A/rMWXO2MalZdh5hd4gbWYexoYip6qPZDyC0jg96MM",Brianne Saraf,student,t,5,2026-09-07 02:00:06.879652+00,2026-09-07 02:00:06.879652+00,2028,B.E. CSE
brice.sarabhai@ceg.annauniv.edu,"$argon2id$v=19$m=19456,t=2,p=1$eArnrLW1/rRzVwcR87bxEw$2A/rMWXO2MalZdh5hd4gbWYexoYip6qPZDyC0jg96MM",Brice Sarabhai,student,t,5,2026-09-07 02:00:06.879652+00,2026-09-07 02:00:06.879652+00,2028,B.E. CSE
bridget.sarada@ceg.annauniv.edu,"$argon2id$v=19$m=19456,t=2,p=1$eArnrLW1/rRzVwcR87bxEw$2A/rMWXO2MalZdh5hd4gbWYexoYip6qPZDyC0jg96MM",Bridget Sarada,student,t,5,2026-09-07 02:00:06.879652+00,2026-09-07 02:00:06.879652+00,2028,B.E. CSE
bridgette.saran@ceg.annauniv.edu,"$argon2id$v=19$m=19456,t=2,p=1$eArnrLW1/rRzVwcR87bxEw$2A/rMWXO2MalZdh5hd4gbWYexoYip6qPZDyC0jg96MM",Bridgette Saran,student,t,5,2026-09-07 02:00:06.879652+00,2026-09-07 02:00:06.879652+00,2028,B.E. CSE
brielle.saraswat@ceg.annauniv.edu,"$argon2id$v=19$m=19456,t=2,p=1$eArnrLW1/rRzVwcR87bxEw$2A/rMWXO2MalZdh5hd4gbWYexoYip6qPZDyC0jg96MM",Brielle Saraswat,student,t,5,2026-09-07 02:00:06.879652+00,2026-09-07 02:00:06.879652+00,2026,M.Tech. DS
brigham.sardesai@ceg.annauniv.edu,"$argon2id$v=19$m=19456,t=2,p=1$eArnrLW1/rRzVwcR87bxEw$2A/rMWXO2MalZdh5hd4gbWYexoYip6qPZDyC0jg96MM",Brigham Sardesai,student,t,5,2026-09-07 02:00:06.879652+00,2026-09-07 02:00:06.879652+00,2026,M.Tech. DS
britney.sardana@ceg.annauniv.edu,"$argon2id$v=19$m=19456,t=2,p=1$eArnrLW1/rRzVwcR87bxEw$2A/rMWXO2MalZdh5hd4gbWYexoYip6qPZDyC0jg96MM",Britney Sardana,student,t,5,2026-09-07 02:00:06.879652+00,2026-09-07 02:00:06.879652+00,2026,M.Tech. DS
brittany.sareen@ceg.annauniv.edu,"$argon2id$v=19$m=19456,t=2,p=1$eArnrLW1/rRzVwcR87bxEw$2A/rMWXO2MalZdh5hd4gbWYexoYip6qPZDyC0jg96MM",Brittany Sareen,student,t,5,2026-09-07 02:00:06.879652+00,2026-09-07 02:00:06.879652+00,2026,M.Tech. DS
brittney.sarin@ceg.annauniv.edu,"$argon2id$v=19$m=19456,t=2,p=1$eArnrLW1/rRzVwcR87bxEw$2A/rMWXO2MalZdh5hd4gbWYexoYip6qPZDyC0jg96MM",Brittney Sarin,student,t,5,2026-09-07 02:00:06.879652+00,2026-09-07 02:00:06.879652+00,2026,M.Tech. DS
brock.sarkar@ceg.annauniv.edu,"$argon2id$v=19$m=19456,t=2,p=1$eArnrLW1/rRzVwcR87bxEw$2A/rMWXO2MalZdh5hd4gbWYexoYip6qPZDyC0jg96MM",Brock Sarkar,student,t,5,2026-09-07 02:00:06.879652+00,2026-09-07 02:00:06.879652+00,2026,M.Tech. DS
brodie.sarma@ceg.annauniv.edu,"$argon2id$v=19$m=19456,t=2,p=1$eArnrLW1/rRzVwcR87bxEw$2A/rMWXO2MalZdh5hd4gbWYexoYip6qPZDyC0jg96MM",Brodie Sarma,student,t,5,2026-09-07 02:00:06.879652+00,2026-09-07 02:00:06.879652+00,2026,M.Tech. DS
brody.sarna@ceg.annauniv.edu,"$argon2id$v=19$m=19456,t=2,p=1$eArnrLW1/rRzVwcR87bxEw$2A/rMWXO2MalZdh5hd4gbWYexoYip6qPZDyC0jg96MM",Brody Sarna,student,t,5,2026-09-07 02:00:06.879652+00,2026-09-07 02:00:06.879652+00,2026,M.Tech. DS
bronson.sarup@ceg.annauniv.edu,"$argon2id$v=19$m=19456,t=2,p=1$eArnrLW1/rRzVwcR87bxEw$2A/rMWXO2MalZdh5hd4gbWYexoYip6qPZDyC0jg96MM",Bronson Sarup,student,t,5,2026-09-07 02:00:06.879652+00,2026-09-07 02:00:06.879652+00,2026,M.Tech. DS
brooke.satam@ceg.annauniv.edu,"$argon2id$v=19$m=19456,t=2,p=1$eArnrLW1/rRzVwcR87bxEw$2A/rMWXO2MalZdh5hd4gbWYexoYip6qPZDyC0jg96MM",Brooke Satam,student,t,5,2026-09-07 02:00:06.879652+00,2026-09-07 02:00:06.879652+00,2026,M.Tech. DS
brooklyn.satarawala@ceg.annauniv.edu,"$argon2id$v=19$m=19456,t=2,p=1$eArnrLW1/rRzVwcR87bxEw$2A/rMWXO2MalZdh5hd4gbWYexoYip6qPZDyC0jg96MM",Brooklyn Satarawala,student,t,5,2026-09-07 02:00:06.879652+00,2026-09-07 02:00:06.879652+00,2027,M.Tech. DS
brooks.sathe@ceg.annauniv.edu,"$argon2id$v=19$m=19456,t=2,p=1$eArnrLW1/rRzVwcR87bxEw$2A/rMWXO2MalZdh5hd4gbWYexoYip6qPZDyC0jg96MM",Brooks Sathe,student,t,5,2026-09-07 02:00:06.879652+00,2026-09-07 02:00:06.879652+00,2027,M.Tech. DS
bruce.satpathy@ceg.annauniv.edu,"$argon2id$v=19$m=19456,t=2,p=1$eArnrLW1/rRzVwcR87bxEw$2A/rMWXO2MalZdh5hd4gbWYexoYip6qPZDyC0jg96MM",Bruce Satpathy,student,t,5,2026-09-07 02:00:06.879652+00,2026-09-07 02:00:06.879652+00,2027,M.Tech. DS
bruno.satyarthi@ceg.annauniv.edu,"$argon2id$v=19$m=19456,t=2,p=1$eArnrLW1/rRzVwcR87bxEw$2A/rMWXO2MalZdh5hd4gbWYexoYip6qPZDyC0jg96MM",Bruno Satyarthi,student,t,5,2026-09-07 02:00:06.879652+00,2026-09-07 02:00:06.879652+00,2027,M.Tech. DS
bryan.sawant@ceg.annauniv.edu,"$argon2id$v=19$m=19456,t=2,p=1$eArnrLW1/rRzVwcR87bxEw$2A/rMWXO2MalZdh5hd4gbWYexoYip6qPZDyC0jg96MM",Bryan Sawant,student,t,5,2026-09-07 02:00:06.879652+00,2026-09-07 02:00:06.879652+00,2027,M.Tech. DS
bryana.sawarkar@ceg.annauniv.edu,"$argon2id$v=19$m=19456,t=2,p=1$eArnrLW1/rRzVwcR87bxEw$2A/rMWXO2MalZdh5hd4gbWYexoYip6qPZDyC0jg96MM",Bryana Sawarkar,student,t,5,2026-09-07 02:00:06.879652+00,2026-09-07 02:00:06.879652+00,2027,M.Tech. DS
bryant.saxena@ceg.annauniv.edu,"$argon2id$v=19$m=19456,t=2,p=1$eArnrLW1/rRzVwcR87bxEw$2A/rMWXO2MalZdh5hd4gbWYexoYip6qPZDyC0jg96MM",Bryant Saxena,student,t,5,2026-09-07 02:00:06.879652+00,2026-09-07 02:00:06.879652+00,2027,M.Tech. DS
bryce.sayeed@ceg.annauniv.edu,"$argon2id$v=19$m=19456,t=2,p=1$eArnrLW1/rRzVwcR87bxEw$2A/rMWXO2MalZdh5hd4gbWYexoYip6qPZDyC0jg96MM",Bryce Sayeed,student,t,5,2026-09-07 02:00:06.879652+00,2026-09-07 02:00:06.879652+00,2027,M.Tech. DS
brylee.seetharaman@ceg.annauniv.edu,"$argon2id$v=19$m=19456,t=2,p=1$eArnrLW1/rRzVwcR87bxEw$2A/rMWXO2MalZdh5hd4gbWYexoYip6qPZDyC0jg96MM",Brylee Seetharaman,student,t,5,2026-09-07 02:00:06.879652+00,2026-09-07 02:00:06.879652+00,2027,M.Tech. DS
brynn.sehgal@ceg.annauniv.edu,"$argon2id$v=19$m=19456,t=2,p=1$eArnrLW1/rRzVwcR87bxEw$2A/rMWXO2MalZdh5hd4gbWYexoYip6qPZDyC0jg96MM",Brynn Sehgal,student,t,5,2026-09-07 02:00:06.879652+00,2026-09-07 02:00:06.879652+00,2027,M.Tech. DS
bryson.sekhar@ceg.annauniv.edu,"$argon2id$v=19$m=19456,t=2,p=1$eArnrLW1/rRzVwcR87bxEw$2A/rMWXO2MalZdh5hd4gbWYexoYip6qPZDyC0jg96MM",Bryson Sekhar,student,t,5,2026-09-07 02:00:06.879652+00,2026-09-07 02:00:06.879652+00,2028,M.Tech. DS
buddy.selvan@ceg.annauniv.edu,"$argon2id$v=19$m=19456,t=2,p=1$eArnrLW1/rRzVwcR87bxEw$2A/rMWXO2MalZdh5hd4gbWYexoYip6qPZDyC0jg96MM",Buddy Selvan,student,t,5,2026-09-07 02:00:06.879652+00,2026-09-07 02:00:06.879652+00,2028,M.Tech. DS
byron.selvaraj@ceg.annauniv.edu,"$argon2id$v=19$m=19456,t=2,p=1$eArnrLW1/rRzVwcR87bxEw$2A/rMWXO2MalZdh5hd4gbWYexoYip6qPZDyC0jg96MM",Byron Selvaraj,student,t,5,2026-09-07 02:00:06.879652+00,2026-09-07 02:00:06.879652+00,2028,M.Tech. DS
cade.sen@ceg.annauniv.edu,"$argon2id$v=19$m=19456,t=2,p=1$eArnrLW1/rRzVwcR87bxEw$2A/rMWXO2MalZdh5hd4gbWYexoYip6qPZDyC0jg96MM",Cade Sen,student,t,5,2026-09-07 02:00:06.879652+00,2026-09-07 02:00:06.879652+00,2028,M.Tech. DS
caden.sengupta@ceg.annauniv.edu,"$argon2id$v=19$m=19456,t=2,p=1$eArnrLW1/rRzVwcR87bxEw$2A/rMWXO2MalZdh5hd4gbWYexoYip6qPZDyC0jg96MM",Caden Sengupta,student,t,5,2026-09-07 02:00:06.879652+00,2026-09-07 02:00:06.879652+00,2028,M.Tech. DS
cadence.seshadri@ceg.annauniv.edu,"$argon2id$v=19$m=19456,t=2,p=1$eArnrLW1/rRzVwcR87bxEw$2A/rMWXO2MalZdh5hd4gbWYexoYip6qPZDyC0jg96MM",Cadence Seshadri,student,t,5,2026-09-07 02:00:06.879652+00,2026-09-07 02:00:06.879652+00,2028,M.Tech. DS
caesar.seshan@ceg.annauniv.edu,"$argon2id$v=19$m=19456,t=2,p=1$eArnrLW1/rRzVwcR87bxEw$2A/rMWXO2MalZdh5hd4gbWYexoYip6qPZDyC0jg96MM",Caesar Seshan,student,t,5,2026-09-07 02:00:06.879652+00,2026-09-07 02:00:06.879652+00,2028,M.Tech. DS
caelan.seth@ceg.annauniv.edu,"$argon2id$v=19$m=19456,t=2,p=1$eArnrLW1/rRzVwcR87bxEw$2A/rMWXO2MalZdh5hd4gbWYexoYip6qPZDyC0jg96MM",Caelan Seth,student,t,5,2026-09-07 02:00:06.879652+00,2026-09-07 02:00:06.879652+00,2028,M.Tech. DS
cailyn.sethi@ceg.annauniv.edu,"$argon2id$v=19$m=19456,t=2,p=1$eArnrLW1/rRzVwcR87bxEw$2A/rMWXO2MalZdh5hd4gbWYexoYip6qPZDyC0jg96MM",Cailyn Sethi,student,t,5,2026-09-07 02:00:06.879652+00,2026-09-07 02:00:06.879652+00,2028,M.Tech. DS
cain.sethna@ceg.annauniv.edu,"$argon2id$v=19$m=19456,t=2,p=1$eArnrLW1/rRzVwcR87bxEw$2A/rMWXO2MalZdh5hd4gbWYexoYip6qPZDyC0jg96MM",Cain Sethna,student,t,5,2026-09-07 02:00:06.879652+00,2026-09-07 02:00:06.879652+00,2028,M.Tech. DS
caleb.setlur@ceg.annauniv.edu,"$argon2id$v=19$m=19456,t=2,p=1$eArnrLW1/rRzVwcR87bxEw$2A/rMWXO2MalZdh5hd4gbWYexoYip6qPZDyC0jg96MM",Caleb Setlur,student,t,5,2026-09-07 02:00:06.879652+00,2026-09-07 02:00:06.879652+00,2026,BBA
calista.shafi@ceg.annauniv.edu,"$argon2id$v=19$m=19456,t=2,p=1$eArnrLW1/rRzVwcR87bxEw$2A/rMWXO2MalZdh5hd4gbWYexoYip6qPZDyC0jg96MM",Calista Shafi,student,t,5,2026-09-07 02:00:06.879652+00,2026-09-07 02:00:06.879652+00,2026,BBA
callahan.shahani@ceg.annauniv.edu,"$argon2id$v=19$m=19456,t=2,p=1$eArnrLW1/rRzVwcR87bxEw$2A/rMWXO2MalZdh5hd4gbWYexoYip6qPZDyC0jg96MM",Callahan Shahani,student,t,5,2026-09-07 02:00:06.879652+00,2026-09-07 02:00:06.879652+00,2026,BBA
callan.shahdadpuri@ceg.annauniv.edu,"$argon2id$v=19$m=19456,t=2,p=1$eArnrLW1/rRzVwcR87bxEw$2A/rMWXO2MalZdh5hd4gbWYexoYip6qPZDyC0jg96MM",Callan Shahdadpuri,student,t,5,2026-09-07 02:00:06.879652+00,2026-09-07 02:00:06.879652+00,2026,BBA
callie.shahi@ceg.annauniv.edu,"$argon2id$v=19$m=19456,t=2,p=1$eArnrLW1/rRzVwcR87bxEw$2A/rMWXO2MalZdh5hd4gbWYexoYip6qPZDyC0jg96MM",Callie Shahi,student,t,5,2026-09-07 02:00:06.879652+00,2026-09-07 02:00:06.879652+00,2026,BBA
callum.shaikh@ceg.annauniv.edu,"$argon2id$v=19$m=19456,t=2,p=1$eArnrLW1/rRzVwcR87bxEw$2A/rMWXO2MalZdh5hd4gbWYexoYip6qPZDyC0jg96MM",Callum Shaikh,student,t,5,2026-09-07 02:00:06.879652+00,2026-09-07 02:00:06.879652+00,2026,BBA
calvin.shakuntala@ceg.annauniv.edu,"$argon2id$v=19$m=19456,t=2,p=1$eArnrLW1/rRzVwcR87bxEw$2A/rMWXO2MalZdh5hd4gbWYexoYip6qPZDyC0jg96MM",Calvin Shakuntala,student,t,5,2026-09-07 02:00:06.879652+00,2026-09-07 02:00:06.879652+00,2026,BBA
camdon.shamanna@ceg.annauniv.edu,"$argon2id$v=19$m=19456,t=2,p=1$eArnrLW1/rRzVwcR87bxEw$2A/rMWXO2MalZdh5hd4gbWYexoYip6qPZDyC0jg96MM",Camdon Shamanna,student,t,5,2026-09-07 02:00:06.879652+00,2026-09-07 02:00:06.879652+00,2026,BBA
cameron.shankaran@ceg.annauniv.edu,"$argon2id$v=19$m=19456,t=2,p=1$eArnrLW1/rRzVwcR87bxEw$2A/rMWXO2MalZdh5hd4gbWYexoYip6qPZDyC0jg96MM",Cameron Shankaran,student,t,5,2026-09-07 02:00:06.879652+00,2026-09-07 02:00:06.879652+00,2026,BBA
camilla.shanmugam@ceg.annauniv.edu,"$argon2id$v=19$m=19456,t=2,p=1$eArnrLW1/rRzVwcR87bxEw$2A/rMWXO2MalZdh5hd4gbWYexoYip6qPZDyC0jg96MM",Camilla Shanmugam,student,t,5,2026-09-07 02:00:06.879652+00,2026-09-07 02:00:06.879652+00,2026,BBA
camille.shantaram@ceg.annauniv.edu,"$argon2id$v=19$m=19456,t=2,p=1$eArnrLW1/rRzVwcR87bxEw$2A/rMWXO2MalZdh5hd4gbWYexoYip6qPZDyC0jg96MM",Camille Shantaram,student,t,5,2026-09-07 02:00:06.879652+00,2026-09-07 02:00:06.879652+00,2027,BBA
camren.sharan@ceg.annauniv.edu,"$argon2id$v=19$m=19456,t=2,p=1$eArnrLW1/rRzVwcR87bxEw$2A/rMWXO2MalZdh5hd4gbWYexoYip6qPZDyC0jg96MM",Camren Sharan,student,t,5,2026-09-07 02:00:06.879652+00,2026-09-07 02:00:06.879652+00,2027,BBA
camron.sharangpani@ceg.annauniv.edu,"$argon2id$v=19$m=19456,t=2,p=1$eArnrLW1/rRzVwcR87bxEw$2A/rMWXO2MalZdh5hd4gbWYexoYip6qPZDyC0jg96MM",Camron Sharangpani,student,t,5,2026-09-07 02:00:06.879652+00,2026-09-07 02:00:06.879652+00,2027,BBA
candace.sharma@ceg.annauniv.edu,"$argon2id$v=19$m=19456,t=2,p=1$eArnrLW1/rRzVwcR87bxEw$2A/rMWXO2MalZdh5hd4gbWYexoYip6qPZDyC0jg96MM",Candace Sharma,student,t,5,2026-09-07 02:00:06.879652+00,2026-09-07 02:00:06.879652+00,2027,BBA
candice.shastri@ceg.annauniv.edu,"$argon2id$v=19$m=19456,t=2,p=1$eArnrLW1/rRzVwcR87bxEw$2A/rMWXO2MalZdh5hd4gbWYexoYip6qPZDyC0jg96MM",Candice Shastri,student,t,5,2026-09-07 02:00:06.879652+00,2026-09-07 02:00:06.879652+00,2027,BBA
careen.shekar@ceg.annauniv.edu,"$argon2id$v=19$m=19456,t=2,p=1$eArnrLW1/rRzVwcR87bxEw$2A/rMWXO2MalZdh5hd4gbWYexoYip6qPZDyC0jg96MM",Careen Shekar,student,t,5,2026-09-07 02:00:06.879652+00,2026-09-07 02:00:06.879652+00,2027,BBA
carey.shelat@ceg.annauniv.edu,"$argon2id$v=19$m=19456,t=2,p=1$eArnrLW1/rRzVwcR87bxEw$2A/rMWXO2MalZdh5hd4gbWYexoYip6qPZDyC0jg96MM",Carey Shelat,student,t,5,2026-09-07 02:00:06.879652+00,2026-09-07 02:00:06.879652+00,2027,BBA
carina.shenoy@ceg.annauniv.edu,"$argon2id$v=19$m=19456,t=2,p=1$eArnrLW1/rRzVwcR87bxEw$2A/rMWXO2MalZdh5hd4gbWYexoYip6qPZDyC0jg96MM",Carina Shenoy,student,t,5,2026-09-07 02:00:06.879652+00,2026-09-07 02:00:06.879652+00,2027,BBA
carissa.shergill@ceg.annauniv.edu,"$argon2id$v=19$m=19456,t=2,p=1$eArnrLW1/rRzVwcR87bxEw$2A/rMWXO2MalZdh5hd4gbWYexoYip6qPZDyC0jg96MM",Carissa Shergill,student,t,5,2026-09-07 02:00:06.879652+00,2026-09-07 02:00:06.879652+00,2027,BBA
carl.shete@ceg.annauniv.edu,"$argon2id$v=19$m=19456,t=2,p=1$eArnrLW1/rRzVwcR87bxEw$2A/rMWXO2MalZdh5hd4gbWYexoYip6qPZDyC0jg96MM",Carl Shete,student,t,5,2026-09-07 02:00:06.879652+00,2026-09-07 02:00:06.879652+00,2027,BBA
carla.shetty@ceg.annauniv.edu,"$argon2id$v=19$m=19456,t=2,p=1$eArnrLW1/rRzVwcR87bxEw$2A/rMWXO2MalZdh5hd4gbWYexoYip6qPZDyC0jg96MM",Carla Shetty,student,t,5,2026-09-07 02:00:06.879652+00,2026-09-07 02:00:06.879652+00,2028,BBA
carlee.shinde@ceg.annauniv.edu,"$argon2id$v=19$m=19456,t=2,p=1$eArnrLW1/rRzVwcR87bxEw$2A/rMWXO2MalZdh5hd4gbWYexoYip6qPZDyC0jg96MM",Carlee Shinde,student,t,5,2026-09-07 02:00:06.879652+00,2026-09-07 02:00:06.879652+00,2028,BBA
carlene.shirodkar@ceg.annauniv.edu,"$argon2id$v=19$m=19456,t=2,p=1$eArnrLW1/rRzVwcR87bxEw$2A/rMWXO2MalZdh5hd4gbWYexoYip6qPZDyC0jg96MM",Carlene Shirodkar,student,t,5,2026-09-07 02:00:06.879652+00,2026-09-07 02:00:06.879652+00,2028,BBA
carlo.shivdasani@ceg.annauniv.edu,"$argon2id$v=19$m=19456,t=2,p=1$eArnrLW1/rRzVwcR87bxEw$2A/rMWXO2MalZdh5hd4gbWYexoYip6qPZDyC0jg96MM",Carlo Shivdasani,student,t,5,2026-09-07 02:00:06.879652+00,2026-09-07 02:00:06.879652+00,2028,BBA
carlos.shome@ceg.annauniv.edu,"$argon2id$v=19$m=19456,t=2,p=1$eArnrLW1/rRzVwcR87bxEw$2A/rMWXO2MalZdh5hd4gbWYexoYip6qPZDyC0jg96MM",Carlos Shome,student,t,5,2026-09-07 02:00:06.879652+00,2026-09-07 02:00:06.879652+00,2028,BBA
carlton.shorey@ceg.annauniv.edu,"$argon2id$v=19$m=19456,t=2,p=1$eArnrLW1/rRzVwcR87bxEw$2A/rMWXO2MalZdh5hd4gbWYexoYip6qPZDyC0jg96MM",Carlton Shorey,student,t,5,2026-09-07 02:00:06.879652+00,2026-09-07 02:00:06.879652+00,2028,BBA
carly.shroff@ceg.annauniv.edu,"$argon2id$v=19$m=19456,t=2,p=1$eArnrLW1/rRzVwcR87bxEw$2A/rMWXO2MalZdh5hd4gbWYexoYip6qPZDyC0jg96MM",Carly Shroff,student,t,5,2026-09-07 02:00:06.879652+00,2026-09-07 02:00:06.879652+00,2028,BBA
carmen.shukla@ceg.annauniv.edu,"$argon2id$v=19$m=19456,t=2,p=1$eArnrLW1/rRzVwcR87bxEw$2A/rMWXO2MalZdh5hd4gbWYexoYip6qPZDyC0jg96MM",Carmen Shukla,student,t,5,2026-09-07 02:00:06.879652+00,2026-09-07 02:00:06.879652+00,2028,BBA
carmelo.sidana@ceg.annauniv.edu,"$argon2id$v=19$m=19456,t=2,p=1$eArnrLW1/rRzVwcR87bxEw$2A/rMWXO2MalZdh5hd4gbWYexoYip6qPZDyC0jg96MM",Carmelo Sidana,student,t,5,2026-09-07 02:00:06.879652+00,2026-09-07 02:00:06.879652+00,2028,BBA
carmine.siddiqui@ceg.annauniv.edu,"$argon2id$v=19$m=19456,t=2,p=1$eArnrLW1/rRzVwcR87bxEw$2A/rMWXO2MalZdh5hd4gbWYexoYip6qPZDyC0jg96MM",Carmine Siddiqui,student,t,5,2026-09-07 02:00:06.879652+00,2026-09-07 02:00:06.879652+00,2028,BBA
carol.sihra@ssn.edu.in,"$argon2id$v=19$m=19456,t=2,p=1$eArnrLW1/rRzVwcR87bxEw$2A/rMWXO2MalZdh5hd4gbWYexoYip6qPZDyC0jg96MM",Carol Sihra,faculty,t,6,2026-09-07 02:00:06.879652+00,2026-09-07 02:00:06.879652+00,,B.Sc. Biochem
carole.singal@ssn.edu.in,"$argon2id$v=19$m=19456,t=2,p=1$eArnrLW1/rRzVwcR87bxEw$2A/rMWXO2MalZdh5hd4gbWYexoYip6qPZDyC0jg96MM",Carole Singal,faculty,t,6,2026-09-07 02:00:06.879652+00,2026-09-07 02:00:06.879652+00,,M.Sc. Maths
carolina.singhal@ssn.edu.in,"$argon2id$v=19$m=19456,t=2,p=1$eArnrLW1/rRzVwcR87bxEw$2A/rMWXO2MalZdh5hd4gbWYexoYip6qPZDyC0jg96MM",Carolina Singhal,faculty,t,6,2026-09-07 02:00:06.879652+00,2026-09-07 02:00:06.879652+00,,B.E. CSE
caroline.singhania@ssn.edu.in,"$argon2id$v=19$m=19456,t=2,p=1$eArnrLW1/rRzVwcR87bxEw$2A/rMWXO2MalZdh5hd4gbWYexoYip6qPZDyC0jg96MM",Caroline Singhania,faculty,t,6,2026-09-07 02:00:06.879652+00,2026-09-07 02:00:06.879652+00,,M.Tech. DS
carolyn.sinha@ssn.edu.in,"$argon2id$v=19$m=19456,t=2,p=1$eArnrLW1/rRzVwcR87bxEw$2A/rMWXO2MalZdh5hd4gbWYexoYip6qPZDyC0jg96MM",Carolyn Sinha,faculty,t,6,2026-09-07 02:00:06.879652+00,2026-09-07 02:00:06.879652+00,,BBA
carrie.sinhji@ssn.edu.in,"$argon2id$v=19$m=19456,t=2,p=1$eArnrLW1/rRzVwcR87bxEw$2A/rMWXO2MalZdh5hd4gbWYexoYip6qPZDyC0jg96MM",Carrie Sinhji,student,t,6,2026-09-07 02:00:06.879652+00,2026-09-07 02:00:06.879652+00,2026,B.Sc. Biochem
carson.sircar@ssn.edu.in,"$argon2id$v=19$m=19456,t=2,p=1$eArnrLW1/rRzVwcR87bxEw$2A/rMWXO2MalZdh5hd4gbWYexoYip6qPZDyC0jg96MM",Carson Sircar,student,t,6,2026-09-07 02:00:06.879652+00,2026-09-07 02:00:06.879652+00,2026,B.Sc. Biochem
carter.sisodia@ssn.edu.in,"$argon2id$v=19$m=19456,t=2,p=1$eArnrLW1/rRzVwcR87bxEw$2A/rMWXO2MalZdh5hd4gbWYexoYip6qPZDyC0jg96MM",Carter Sisodia,student,t,6,2026-09-07 02:00:06.879652+00,2026-09-07 02:00:06.879652+00,2026,B.Sc. Biochem
cary.sitaram@ssn.edu.in,"$argon2id$v=19$m=19456,t=2,p=1$eArnrLW1/rRzVwcR87bxEw$2A/rMWXO2MalZdh5hd4gbWYexoYip6qPZDyC0jg96MM",Cary Sitaram,student,t,6,2026-09-07 02:00:06.879652+00,2026-09-07 02:00:06.879652+00,2026,B.Sc. Biochem
casey.sivasubramanian@ssn.edu.in,"$argon2id$v=19$m=19456,t=2,p=1$eArnrLW1/rRzVwcR87bxEw$2A/rMWXO2MalZdh5hd4gbWYexoYip6qPZDyC0jg96MM",Casey Sivasubramanian,student,t,6,2026-09-07 02:00:06.879652+00,2026-09-07 02:00:06.879652+00,2026,B.Sc. Biochem
casimir.sodhi@ssn.edu.in,"$argon2id$v=19$m=19456,t=2,p=1$eArnrLW1/rRzVwcR87bxEw$2A/rMWXO2MalZdh5hd4gbWYexoYip6qPZDyC0jg96MM",Casimir Sodhi,student,t,6,2026-09-07 02:00:06.879652+00,2026-09-07 02:00:06.879652+00,2026,B.Sc. Biochem
caspar.sohoni@ssn.edu.in,"$argon2id$v=19$m=19456,t=2,p=1$eArnrLW1/rRzVwcR87bxEw$2A/rMWXO2MalZdh5hd4gbWYexoYip6qPZDyC0jg96MM",Caspar Sohoni,student,t,6,2026-09-07 02:00:06.879652+00,2026-09-07 02:00:06.879652+00,2026,B.Sc. Biochem
casper.solanki@ssn.edu.in,"$argon2id$v=19$m=19456,t=2,p=1$eArnrLW1/rRzVwcR87bxEw$2A/rMWXO2MalZdh5hd4gbWYexoYip6qPZDyC0jg96MM",Casper Solanki,student,t,6,2026-09-07 02:00:06.879652+00,2026-09-07 02:00:06.879652+00,2026,B.Sc. Biochem
cassandra.somaiya@ssn.edu.in,"$argon2id$v=19$m=19456,t=2,p=1$eArnrLW1/rRzVwcR87bxEw$2A/rMWXO2MalZdh5hd4gbWYexoYip6qPZDyC0jg96MM",Cassandra Somaiya,student,t,6,2026-09-07 02:00:06.879652+00,2026-09-07 02:00:06.879652+00,2026,B.Sc. Biochem
cassidy.soman@ssn.edu.in,"$argon2id$v=19$m=19456,t=2,p=1$eArnrLW1/rRzVwcR87bxEw$2A/rMWXO2MalZdh5hd4gbWYexoYip6qPZDyC0jg96MM",Cassidy Soman,student,t,6,2026-09-07 02:00:06.879652+00,2026-09-07 02:00:06.879652+00,2026,B.Sc. Biochem
cassie.somani@ssn.edu.in,"$argon2id$v=19$m=19456,t=2,p=1$eArnrLW1/rRzVwcR87bxEw$2A/rMWXO2MalZdh5hd4gbWYexoYip6qPZDyC0jg96MM",Cassie Somani,student,t,6,2026-09-07 02:00:06.879652+00,2026-09-07 02:00:06.879652+00,2027,B.Sc. Biochem
cassius.somanwanshi@ssn.edu.in,"$argon2id$v=19$m=19456,t=2,p=1$eArnrLW1/rRzVwcR87bxEw$2A/rMWXO2MalZdh5hd4gbWYexoYip6qPZDyC0jg96MM",Cassius Somanwanshi,student,t,6,2026-09-07 02:00:06.879652+00,2026-09-07 02:00:06.879652+00,2027,B.Sc. Biochem
catalina.somayaji@ssn.edu.in,"$argon2id$v=19$m=19456,t=2,p=1$eArnrLW1/rRzVwcR87bxEw$2A/rMWXO2MalZdh5hd4gbWYexoYip6qPZDyC0jg96MM",Catalina Somayaji,student,t,6,2026-09-07 02:00:06.879652+00,2026-09-07 02:00:06.879652+00,2027,B.Sc. Biochem
catherine.sonawane@ssn.edu.in,"$argon2id$v=19$m=19456,t=2,p=1$eArnrLW1/rRzVwcR87bxEw$2A/rMWXO2MalZdh5hd4gbWYexoYip6qPZDyC0jg96MM",Catherine Sonawane,student,t,6,2026-09-07 02:00:06.879652+00,2026-09-07 02:00:06.879652+00,2027,B.Sc. Biochem
cathleen.soni@ssn.edu.in,"$argon2id$v=19$m=19456,t=2,p=1$eArnrLW1/rRzVwcR87bxEw$2A/rMWXO2MalZdh5hd4gbWYexoYip6qPZDyC0jg96MM",Cathleen Soni,student,t,6,2026-09-07 02:00:06.879652+00,2026-09-07 02:00:06.879652+00,2027,B.Sc. Biochem
cathy.sontakke@ssn.edu.in,"$argon2id$v=19$m=19456,t=2,p=1$eArnrLW1/rRzVwcR87bxEw$2A/rMWXO2MalZdh5hd4gbWYexoYip6qPZDyC0jg96MM",Cathy Sontakke,student,t,6,2026-09-07 02:00:06.879652+00,2026-09-07 02:00:06.879652+00,2027,B.Sc. Biochem
cecelia.sood@ssn.edu.in,"$argon2id$v=19$m=19456,t=2,p=1$eArnrLW1/rRzVwcR87bxEw$2A/rMWXO2MalZdh5hd4gbWYexoYip6qPZDyC0jg96MM",Cecelia Sood,student,t,6,2026-09-07 02:00:06.879652+00,2026-09-07 02:00:06.879652+00,2027,B.Sc. Biochem
cecil.soorma@ssn.edu.in,"$argon2id$v=19$m=19456,t=2,p=1$eArnrLW1/rRzVwcR87bxEw$2A/rMWXO2MalZdh5hd4gbWYexoYip6qPZDyC0jg96MM",Cecil Soorma,student,t,6,2026-09-07 02:00:06.879652+00,2026-09-07 02:00:06.879652+00,2027,B.Sc. Biochem
cecilia.soundararajan@ssn.edu.in,"$argon2id$v=19$m=19456,t=2,p=1$eArnrLW1/rRzVwcR87bxEw$2A/rMWXO2MalZdh5hd4gbWYexoYip6qPZDyC0jg96MM",Cecilia Soundararajan,student,t,6,2026-09-07 02:00:06.879652+00,2026-09-07 02:00:06.879652+00,2027,B.Sc. Biochem
cecily.srinivasan@ssn.edu.in,"$argon2id$v=19$m=19456,t=2,p=1$eArnrLW1/rRzVwcR87bxEw$2A/rMWXO2MalZdh5hd4gbWYexoYip6qPZDyC0jg96MM",Cecily Srinivasan,student,t,6,2026-09-07 02:00:06.879652+00,2026-09-07 02:00:06.879652+00,2027,B.Sc. Biochem
cedric.sriram@ssn.edu.in,"$argon2id$v=19$m=19456,t=2,p=1$eArnrLW1/rRzVwcR87bxEw$2A/rMWXO2MalZdh5hd4gbWYexoYip6qPZDyC0jg96MM",Cedric Sriram,student,t,6,2026-09-07 02:00:06.879652+00,2026-09-07 02:00:06.879652+00,2028,B.Sc. Biochem
celeste.srivastava@ssn.edu.in,"$argon2id$v=19$m=19456,t=2,p=1$eArnrLW1/rRzVwcR87bxEw$2A/rMWXO2MalZdh5hd4gbWYexoYip6qPZDyC0jg96MM",Celeste Srivastava,student,t,6,2026-09-07 02:00:06.879652+00,2026-09-07 02:00:06.879652+00,2028,B.Sc. Biochem
celia.subbarao@ssn.edu.in,"$argon2id$v=19$m=19456,t=2,p=1$eArnrLW1/rRzVwcR87bxEw$2A/rMWXO2MalZdh5hd4gbWYexoYip6qPZDyC0jg96MM",Celia Subbarao,student,t,6,2026-09-07 02:00:06.879652+00,2026-09-07 02:00:06.879652+00,2028,B.Sc. Biochem
celine.subramanian@ssn.edu.in,"$argon2id$v=19$m=19456,t=2,p=1$eArnrLW1/rRzVwcR87bxEw$2A/rMWXO2MalZdh5hd4gbWYexoYip6qPZDyC0jg96MM",Celine Subramanian,student,t,6,2026-09-07 02:00:06.879652+00,2026-09-07 02:00:06.879652+00,2028,B.Sc. Biochem
cesar.sud@ssn.edu.in,"$argon2id$v=19$m=19456,t=2,p=1$eArnrLW1/rRzVwcR87bxEw$2A/rMWXO2MalZdh5hd4gbWYexoYip6qPZDyC0jg96MM",Cesar Sud,student,t,6,2026-09-07 02:00:06.879652+00,2026-09-07 02:00:06.879652+00,2028,B.Sc. Biochem
chad.sudarshan@ssn.edu.in,"$argon2id$v=19$m=19456,t=2,p=1$eArnrLW1/rRzVwcR87bxEw$2A/rMWXO2MalZdh5hd4gbWYexoYip6qPZDyC0jg96MM",Chad Sudarshan,student,t,6,2026-09-07 02:00:06.879652+00,2026-09-07 02:00:06.879652+00,2028,B.Sc. Biochem
chaim.sukhadia@ssn.edu.in,"$argon2id$v=19$m=19456,t=2,p=1$eArnrLW1/rRzVwcR87bxEw$2A/rMWXO2MalZdh5hd4gbWYexoYip6qPZDyC0jg96MM",Chaim Sukhadia,student,t,6,2026-09-07 02:00:06.879652+00,2026-09-07 02:00:06.879652+00,2028,B.Sc. Biochem
chance.sukhija@ssn.edu.in,"$argon2id$v=19$m=19456,t=2,p=1$eArnrLW1/rRzVwcR87bxEw$2A/rMWXO2MalZdh5hd4gbWYexoYip6qPZDyC0jg96MM",Chance Sukhija,student,t,6,2026-09-07 02:00:06.879652+00,2026-09-07 02:00:06.879652+00,2028,B.Sc. Biochem
chandler.sundaram@ssn.edu.in,"$argon2id$v=19$m=19456,t=2,p=1$eArnrLW1/rRzVwcR87bxEw$2A/rMWXO2MalZdh5hd4gbWYexoYip6qPZDyC0jg96MM",Chandler Sundaram,student,t,6,2026-09-07 02:00:06.879652+00,2026-09-07 02:00:06.879652+00,2028,B.Sc. Biochem
channing.sunder@ssn.edu.in,"$argon2id$v=19$m=19456,t=2,p=1$eArnrLW1/rRzVwcR87bxEw$2A/rMWXO2MalZdh5hd4gbWYexoYip6qPZDyC0jg96MM",Channing Sunder,student,t,6,2026-09-07 02:00:06.879652+00,2026-09-07 02:00:06.879652+00,2028,B.Sc. Biochem
charity.suri@ssn.edu.in,"$argon2id$v=19$m=19456,t=2,p=1$eArnrLW1/rRzVwcR87bxEw$2A/rMWXO2MalZdh5hd4gbWYexoYip6qPZDyC0jg96MM",Charity Suri,student,t,6,2026-09-07 02:00:06.879652+00,2026-09-07 02:00:06.879652+00,2026,M.Sc. Maths
charles.suroor@ssn.edu.in,"$argon2id$v=19$m=19456,t=2,p=1$eArnrLW1/rRzVwcR87bxEw$2A/rMWXO2MalZdh5hd4gbWYexoYip6qPZDyC0jg96MM",Charles Suroor,student,t,6,2026-09-07 02:00:06.879652+00,2026-09-07 02:00:06.879652+00,2026,M.Sc. Maths
charlene.surve@ssn.edu.in,"$argon2id$v=19$m=19456,t=2,p=1$eArnrLW1/rRzVwcR87bxEw$2A/rMWXO2MalZdh5hd4gbWYexoYip6qPZDyC0jg96MM",Charlene Surve,student,t,6,2026-09-07 02:00:06.879652+00,2026-09-07 02:00:06.879652+00,2026,M.Sc. Maths
charlie.suryavanshi@ssn.edu.in,"$argon2id$v=19$m=19456,t=2,p=1$eArnrLW1/rRzVwcR87bxEw$2A/rMWXO2MalZdh5hd4gbWYexoYip6qPZDyC0jg96MM",Charlie Suryavanshi,student,t,6,2026-09-07 02:00:06.879652+00,2026-09-07 02:00:06.879652+00,2026,M.Sc. Maths
charlotte.suvarna@ssn.edu.in,"$argon2id$v=19$m=19456,t=2,p=1$eArnrLW1/rRzVwcR87bxEw$2A/rMWXO2MalZdh5hd4gbWYexoYip6qPZDyC0jg96MM",Charlotte Suvarna,student,t,6,2026-09-07 02:00:06.879652+00,2026-09-07 02:00:06.879652+00,2026,M.Sc. Maths
charlton.swaminathan@ssn.edu.in,"$argon2id$v=19$m=19456,t=2,p=1$eArnrLW1/rRzVwcR87bxEw$2A/rMWXO2MalZdh5hd4gbWYexoYip6qPZDyC0jg96MM",Charlton Swaminathan,student,t,6,2026-09-07 02:00:06.879652+00,2026-09-07 02:00:06.879652+00,2026,M.Sc. Maths
charmaine.swamy@ssn.edu.in,"$argon2id$v=19$m=19456,t=2,p=1$eArnrLW1/rRzVwcR87bxEw$2A/rMWXO2MalZdh5hd4gbWYexoYip6qPZDyC0jg96MM",Charmaine Swamy,student,t,6,2026-09-07 02:00:06.879652+00,2026-09-07 02:00:06.879652+00,2026,M.Sc. Maths
chase.talreja@ssn.edu.in,"$argon2id$v=19$m=19456,t=2,p=1$eArnrLW1/rRzVwcR87bxEw$2A/rMWXO2MalZdh5hd4gbWYexoYip6qPZDyC0jg96MM",Chase Talreja,student,t,6,2026-09-07 02:00:06.879652+00,2026-09-07 02:00:06.879652+00,2026,M.Sc. Maths
chastity.talwar@ssn.edu.in,"$argon2id$v=19$m=19456,t=2,p=1$eArnrLW1/rRzVwcR87bxEw$2A/rMWXO2MalZdh5hd4gbWYexoYip6qPZDyC0jg96MM",Chastity Talwar,student,t,6,2026-09-07 02:00:06.879652+00,2026-09-07 02:00:06.879652+00,2026,M.Sc. Maths
chauncey.tambe@ssn.edu.in,"$argon2id$v=19$m=19456,t=2,p=1$eArnrLW1/rRzVwcR87bxEw$2A/rMWXO2MalZdh5hd4gbWYexoYip6qPZDyC0jg96MM",Chauncey Tambe,student,t,6,2026-09-07 02:00:06.879652+00,2026-09-07 02:00:06.879652+00,2026,M.Sc. Maths
chelsea.tamhane@ssn.edu.in,"$argon2id$v=19$m=19456,t=2,p=1$eArnrLW1/rRzVwcR87bxEw$2A/rMWXO2MalZdh5hd4gbWYexoYip6qPZDyC0jg96MM",Chelsea Tamhane,student,t,6,2026-09-07 02:00:06.879652+00,2026-09-07 02:00:06.879652+00,2027,M.Sc. Maths
cheryl.tandon@ssn.edu.in,"$argon2id$v=19$m=19456,t=2,p=1$eArnrLW1/rRzVwcR87bxEw$2A/rMWXO2MalZdh5hd4gbWYexoYip6qPZDyC0jg96MM",Cheryl Tandon,student,t,6,2026-09-07 02:00:06.879652+00,2026-09-07 02:00:06.879652+00,2027,M.Sc. Maths
chester.tanwar@ssn.edu.in,"$argon2id$v=19$m=19456,t=2,p=1$eArnrLW1/rRzVwcR87bxEw$2A/rMWXO2MalZdh5hd4gbWYexoYip6qPZDyC0jg96MM",Chester Tanwar,student,t,6,2026-09-07 02:00:06.879652+00,2026-09-07 02:00:06.879652+00,2027,M.Sc. Maths
cheyanne.taparia@ssn.edu.in,"$argon2id$v=19$m=19456,t=2,p=1$eArnrLW1/rRzVwcR87bxEw$2A/rMWXO2MalZdh5hd4gbWYexoYip6qPZDyC0jg96MM",Cheyanne Taparia,student,t,6,2026-09-07 02:00:06.879652+00,2026-09-07 02:00:06.879652+00,2027,M.Sc. Maths
cheyenne.tarafdar@ssn.edu.in,"$argon2id$v=19$m=19456,t=2,p=1$eArnrLW1/rRzVwcR87bxEw$2A/rMWXO2MalZdh5hd4gbWYexoYip6qPZDyC0jg96MM",Cheyenne Tarafdar,student,t,6,2026-09-07 02:00:06.879652+00,2026-09-07 02:00:06.879652+00,2027,M.Sc. Maths
chloe.tatke@ssn.edu.in,"$argon2id$v=19$m=19456,t=2,p=1$eArnrLW1/rRzVwcR87bxEw$2A/rMWXO2MalZdh5hd4gbWYexoYip6qPZDyC0jg96MM",Chloe Tatke,student,t,6,2026-09-07 02:00:06.879652+00,2026-09-07 02:00:06.879652+00,2027,M.Sc. Maths
chris.tawde@ssn.edu.in,"$argon2id$v=19$m=19456,t=2,p=1$eArnrLW1/rRzVwcR87bxEw$2A/rMWXO2MalZdh5hd4gbWYexoYip6qPZDyC0jg96MM",Chris Tawde,student,t,6,2026-09-07 02:00:06.879652+00,2026-09-07 02:00:06.879652+00,2027,M.Sc. Maths
christian.tendulkar@ssn.edu.in,"$argon2id$v=19$m=19456,t=2,p=1$eArnrLW1/rRzVwcR87bxEw$2A/rMWXO2MalZdh5hd4gbWYexoYip6qPZDyC0jg96MM",Christian Tendulkar,student,t,6,2026-09-07 02:00:06.879652+00,2026-09-07 02:00:06.879652+00,2027,M.Sc. Maths
christa.tewari@ssn.edu.in,"$argon2id$v=19$m=19456,t=2,p=1$eArnrLW1/rRzVwcR87bxEw$2A/rMWXO2MalZdh5hd4gbWYexoYip6qPZDyC0jg96MM",Christa Tewari,student,t,6,2026-09-07 02:00:06.879652+00,2026-09-07 02:00:06.879652+00,2027,M.Sc. Maths
christie.thacker@ssn.edu.in,"$argon2id$v=19$m=19456,t=2,p=1$eArnrLW1/rRzVwcR87bxEw$2A/rMWXO2MalZdh5hd4gbWYexoYip6qPZDyC0jg96MM",Christie Thacker,student,t,6,2026-09-07 02:00:06.879652+00,2026-09-07 02:00:06.879652+00,2027,M.Sc. Maths
christina.thadani@ssn.edu.in,"$argon2id$v=19$m=19456,t=2,p=1$eArnrLW1/rRzVwcR87bxEw$2A/rMWXO2MalZdh5hd4gbWYexoYip6qPZDyC0jg96MM",Christina Thadani,student,t,6,2026-09-07 02:00:06.879652+00,2026-09-07 02:00:06.879652+00,2028,M.Sc. Maths
christine.thakkar@ssn.edu.in,"$argon2id$v=19$m=19456,t=2,p=1$eArnrLW1/rRzVwcR87bxEw$2A/rMWXO2MalZdh5hd4gbWYexoYip6qPZDyC0jg96MM",Christine Thakkar,student,t,6,2026-09-07 02:00:06.879652+00,2026-09-07 02:00:06.879652+00,2028,M.Sc. Maths
christopher.thakore@ssn.edu.in,"$argon2id$v=19$m=19456,t=2,p=1$eArnrLW1/rRzVwcR87bxEw$2A/rMWXO2MalZdh5hd4gbWYexoYip6qPZDyC0jg96MM",Christopher Thakore,student,t,6,2026-09-07 02:00:06.879652+00,2026-09-07 02:00:06.879652+00,2028,M.Sc. Maths
christy.thakur@ssn.edu.in,"$argon2id$v=19$m=19456,t=2,p=1$eArnrLW1/rRzVwcR87bxEw$2A/rMWXO2MalZdh5hd4gbWYexoYip6qPZDyC0jg96MM",Christy Thakur,student,t,6,2026-09-07 02:00:06.879652+00,2026-09-07 02:00:06.879652+00,2028,M.Sc. Maths
chuck.thamizhmani@ssn.edu.in,"$argon2id$v=19$m=19456,t=2,p=1$eArnrLW1/rRzVwcR87bxEw$2A/rMWXO2MalZdh5hd4gbWYexoYip6qPZDyC0jg96MM",Chuck Thamizhmani,student,t,6,2026-09-07 02:00:06.879652+00,2026-09-07 02:00:06.879652+00,2028,M.Sc. Maths
ciara.thampy@ssn.edu.in,"$argon2id$v=19$m=19456,t=2,p=1$eArnrLW1/rRzVwcR87bxEw$2A/rMWXO2MalZdh5hd4gbWYexoYip6qPZDyC0jg96MM",Ciara Thampy,student,t,6,2026-09-07 02:00:06.879652+00,2026-09-07 02:00:06.879652+00,2028,M.Sc. Maths
cillian.thapar@ssn.edu.in,"$argon2id$v=19$m=19456,t=2,p=1$eArnrLW1/rRzVwcR87bxEw$2A/rMWXO2MalZdh5hd4gbWYexoYip6qPZDyC0jg96MM",Cillian Thapar,student,t,6,2026-09-07 02:00:06.879652+00,2026-09-07 02:00:06.879652+00,2028,M.Sc. Maths
claire.thatte@ssn.edu.in,"$argon2id$v=19$m=19456,t=2,p=1$eArnrLW1/rRzVwcR87bxEw$2A/rMWXO2MalZdh5hd4gbWYexoYip6qPZDyC0jg96MM",Claire Thatte,student,t,6,2026-09-07 02:00:06.879652+00,2026-09-07 02:00:06.879652+00,2028,M.Sc. Maths
clara.thekkekara@ssn.edu.in,"$argon2id$v=19$m=19456,t=2,p=1$eArnrLW1/rRzVwcR87bxEw$2A/rMWXO2MalZdh5hd4gbWYexoYip6qPZDyC0jg96MM",Clara Thekkekara,student,t,6,2026-09-07 02:00:06.879652+00,2026-09-07 02:00:06.879652+00,2028,M.Sc. Maths
clarence.thingalaya@ssn.edu.in,"$argon2id$v=19$m=19456,t=2,p=1$eArnrLW1/rRzVwcR87bxEw$2A/rMWXO2MalZdh5hd4gbWYexoYip6qPZDyC0jg96MM",Clarence Thingalaya,student,t,6,2026-09-07 02:00:06.879652+00,2026-09-07 02:00:06.879652+00,2028,M.Sc. Maths
clarice.thirumalai@ssn.edu.in,"$argon2id$v=19$m=19456,t=2,p=1$eArnrLW1/rRzVwcR87bxEw$2A/rMWXO2MalZdh5hd4gbWYexoYip6qPZDyC0jg96MM",Clarice Thirumalai,student,t,6,2026-09-07 02:00:06.879652+00,2026-09-07 02:00:06.879652+00,2026,B.E. CSE
clarissa.thomas@ssn.edu.in,"$argon2id$v=19$m=19456,t=2,p=1$eArnrLW1/rRzVwcR87bxEw$2A/rMWXO2MalZdh5hd4gbWYexoYip6qPZDyC0jg96MM",Clarissa Thomas,student,t,6,2026-09-07 02:00:06.879652+00,2026-09-07 02:00:06.879652+00,2026,B.E. CSE
clark.thottungal@ssn.edu.in,"$argon2id$v=19$m=19456,t=2,p=1$eArnrLW1/rRzVwcR87bxEw$2A/rMWXO2MalZdh5hd4gbWYexoYip6qPZDyC0jg96MM",Clark Thottungal,student,t,6,2026-09-07 02:00:06.879652+00,2026-09-07 02:00:06.879652+00,2026,B.E. CSE
claude.tikoo@ssn.edu.in,"$argon2id$v=19$m=19456,t=2,p=1$eArnrLW1/rRzVwcR87bxEw$2A/rMWXO2MalZdh5hd4gbWYexoYip6qPZDyC0jg96MM",Claude Tikoo,student,t,6,2026-09-07 02:00:06.879652+00,2026-09-07 02:00:06.879652+00,2026,B.E. CSE
claudia.tilak@ssn.edu.in,"$argon2id$v=19$m=19456,t=2,p=1$eArnrLW1/rRzVwcR87bxEw$2A/rMWXO2MalZdh5hd4gbWYexoYip6qPZDyC0jg96MM",Claudia Tilak,student,t,6,2026-09-07 02:00:06.879652+00,2026-09-07 02:00:06.879652+00,2026,B.E. CSE
claudine.tipnis@ssn.edu.in,"$argon2id$v=19$m=19456,t=2,p=1$eArnrLW1/rRzVwcR87bxEw$2A/rMWXO2MalZdh5hd4gbWYexoYip6qPZDyC0jg96MM",Claudine Tipnis,student,t,6,2026-09-07 02:00:06.879652+00,2026-09-07 02:00:06.879652+00,2026,B.E. CSE
clay.tiwari@ssn.edu.in,"$argon2id$v=19$m=19456,t=2,p=1$eArnrLW1/rRzVwcR87bxEw$2A/rMWXO2MalZdh5hd4gbWYexoYip6qPZDyC0jg96MM",Clay Tiwari,student,t,6,2026-09-07 02:00:06.879652+00,2026-09-07 02:00:06.879652+00,2026,B.E. CSE
clayton.todarmal@ssn.edu.in,"$argon2id$v=19$m=19456,t=2,p=1$eArnrLW1/rRzVwcR87bxEw$2A/rMWXO2MalZdh5hd4gbWYexoYip6qPZDyC0jg96MM",Clayton Todarmal,student,t,6,2026-09-07 02:00:06.879652+00,2026-09-07 02:00:06.879652+00,2026,B.E. CSE
clement.tolani@ssn.edu.in,"$argon2id$v=19$m=19456,t=2,p=1$eArnrLW1/rRzVwcR87bxEw$2A/rMWXO2MalZdh5hd4gbWYexoYip6qPZDyC0jg96MM",Clement Tolani,student,t,6,2026-09-07 02:00:06.879652+00,2026-09-07 02:00:06.879652+00,2026,B.E. CSE
clementine.tombat@ssn.edu.in,"$argon2id$v=19$m=19456,t=2,p=1$eArnrLW1/rRzVwcR87bxEw$2A/rMWXO2MalZdh5hd4gbWYexoYip6qPZDyC0jg96MM",Clementine Tombat,student,t,6,2026-09-07 02:00:06.879652+00,2026-09-07 02:00:06.879652+00,2026,B.E. CSE
cleo.topno@ssn.edu.in,"$argon2id$v=19$m=19456,t=2,p=1$eArnrLW1/rRzVwcR87bxEw$2A/rMWXO2MalZdh5hd4gbWYexoYip6qPZDyC0jg96MM",Cleo Topno,student,t,6,2026-09-07 02:00:06.879652+00,2026-09-07 02:00:06.879652+00,2027,B.E. CSE
cliff.toshniwal@ssn.edu.in,"$argon2id$v=19$m=19456,t=2,p=1$eArnrLW1/rRzVwcR87bxEw$2A/rMWXO2MalZdh5hd4gbWYexoYip6qPZDyC0jg96MM",Cliff Toshniwal,student,t,6,2026-09-07 02:00:06.879652+00,2026-09-07 02:00:06.879652+00,2027,B.E. CSE
clifford.trehan@ssn.edu.in,"$argon2id$v=19$m=19456,t=2,p=1$eArnrLW1/rRzVwcR87bxEw$2A/rMWXO2MalZdh5hd4gbWYexoYip6qPZDyC0jg96MM",Clifford Trehan,student,t,6,2026-09-07 02:00:06.879652+00,2026-09-07 02:00:06.879652+00,2027,B.E. CSE
clifton.tripathi@ssn.edu.in,"$argon2id$v=19$m=19456,t=2,p=1$eArnrLW1/rRzVwcR87bxEw$2A/rMWXO2MalZdh5hd4gbWYexoYip6qPZDyC0jg96MM",Clifton Tripathi,student,t,6,2026-09-07 02:00:06.879652+00,2026-09-07 02:00:06.879652+00,2027,B.E. CSE
clint.trivedi@ssn.edu.in,"$argon2id$v=19$m=19456,t=2,p=1$eArnrLW1/rRzVwcR87bxEw$2A/rMWXO2MalZdh5hd4gbWYexoYip6qPZDyC0jg96MM",Clint Trivedi,student,t,6,2026-09-07 02:00:06.879652+00,2026-09-07 02:00:06.879652+00,2027,B.E. CSE
clinton.tulshan@ssn.edu.in,"$argon2id$v=19$m=19456,t=2,p=1$eArnrLW1/rRzVwcR87bxEw$2A/rMWXO2MalZdh5hd4gbWYexoYip6qPZDyC0jg96MM",Clinton Tulshan,student,t,6,2026-09-07 02:00:06.879652+00,2026-09-07 02:00:06.879652+00,2027,B.E. CSE
clive.tyagi@ssn.edu.in,"$argon2id$v=19$m=19456,t=2,p=1$eArnrLW1/rRzVwcR87bxEw$2A/rMWXO2MalZdh5hd4gbWYexoYip6qPZDyC0jg96MM",Clive Tyagi,student,t,6,2026-09-07 02:00:06.879652+00,2026-09-07 02:00:06.879652+00,2027,B.E. CSE
clyde.ubale@ssn.edu.in,"$argon2id$v=19$m=19456,t=2,p=1$eArnrLW1/rRzVwcR87bxEw$2A/rMWXO2MalZdh5hd4gbWYexoYip6qPZDyC0jg96MM",Clyde Ubale,student,t,6,2026-09-07 02:00:06.879652+00,2026-09-07 02:00:06.879652+00,2027,B.E. CSE
coby.udani@ssn.edu.in,"$argon2id$v=19$m=19456,t=2,p=1$eArnrLW1/rRzVwcR87bxEw$2A/rMWXO2MalZdh5hd4gbWYexoYip6qPZDyC0jg96MM",Coby Udani,student,t,6,2026-09-07 02:00:06.879652+00,2026-09-07 02:00:06.879652+00,2027,B.E. CSE
cody.udeshi@ssn.edu.in,"$argon2id$v=19$m=19456,t=2,p=1$eArnrLW1/rRzVwcR87bxEw$2A/rMWXO2MalZdh5hd4gbWYexoYip6qPZDyC0jg96MM",Cody Udeshi,student,t,6,2026-09-07 02:00:06.879652+00,2026-09-07 02:00:06.879652+00,2027,B.E. CSE
colbert.udupa@ssn.edu.in,"$argon2id$v=19$m=19456,t=2,p=1$eArnrLW1/rRzVwcR87bxEw$2A/rMWXO2MalZdh5hd4gbWYexoYip6qPZDyC0jg96MM",Colbert Udupa,student,t,6,2026-09-07 02:00:06.879652+00,2026-09-07 02:00:06.879652+00,2028,B.E. CSE
cole.ullal@ssn.edu.in,"$argon2id$v=19$m=19456,t=2,p=1$eArnrLW1/rRzVwcR87bxEw$2A/rMWXO2MalZdh5hd4gbWYexoYip6qPZDyC0jg96MM",Cole Ullal,student,t,6,2026-09-07 02:00:06.879652+00,2026-09-07 02:00:06.879652+00,2028,B.E. CSE
coleman.umrigar@ssn.edu.in,"$argon2id$v=19$m=19456,t=2,p=1$eArnrLW1/rRzVwcR87bxEw$2A/rMWXO2MalZdh5hd4gbWYexoYip6qPZDyC0jg96MM",Coleman Umrigar,student,t,6,2026-09-07 02:00:06.879652+00,2026-09-07 02:00:06.879652+00,2028,B.E. CSE
colette.unni@ssn.edu.in,"$argon2id$v=19$m=19456,t=2,p=1$eArnrLW1/rRzVwcR87bxEw$2A/rMWXO2MalZdh5hd4gbWYexoYip6qPZDyC0jg96MM",Colette Unni,student,t,6,2026-09-07 02:00:06.879652+00,2026-09-07 02:00:06.879652+00,2028,B.E. CSE
colin.upadhyay@ssn.edu.in,"$argon2id$v=19$m=19456,t=2,p=1$eArnrLW1/rRzVwcR87bxEw$2A/rMWXO2MalZdh5hd4gbWYexoYip6qPZDyC0jg96MM",Colin Upadhyay,student,t,6,2026-09-07 02:00:06.879652+00,2026-09-07 02:00:06.879652+00,2028,B.E. CSE
colleen.uppal@ssn.edu.in,"$argon2id$v=19$m=19456,t=2,p=1$eArnrLW1/rRzVwcR87bxEw$2A/rMWXO2MalZdh5hd4gbWYexoYip6qPZDyC0jg96MM",Colleen Uppal,student,t,6,2026-09-07 02:00:06.879652+00,2026-09-07 02:00:06.879652+00,2028,B.E. CSE
collin.ushakant@ssn.edu.in,"$argon2id$v=19$m=19456,t=2,p=1$eArnrLW1/rRzVwcR87bxEw$2A/rMWXO2MalZdh5hd4gbWYexoYip6qPZDyC0jg96MM",Collin Ushakant,student,t,6,2026-09-07 02:00:06.879652+00,2026-09-07 02:00:06.879652+00,2028,B.E. CSE
colton.usman@ssn.edu.in,"$argon2id$v=19$m=19456,t=2,p=1$eArnrLW1/rRzVwcR87bxEw$2A/rMWXO2MalZdh5hd4gbWYexoYip6qPZDyC0jg96MM",Colton Usman,student,t,6,2026-09-07 02:00:06.879652+00,2026-09-07 02:00:06.879652+00,2028,B.E. CSE
conan.vaidya@ssn.edu.in,"$argon2id$v=19$m=19456,t=2,p=1$eArnrLW1/rRzVwcR87bxEw$2A/rMWXO2MalZdh5hd4gbWYexoYip6qPZDyC0jg96MM",Conan Vaidya,student,t,6,2026-09-07 02:00:06.879652+00,2026-09-07 02:00:06.879652+00,2028,B.E. CSE
conner.vaish@ssn.edu.in,"$argon2id$v=19$m=19456,t=2,p=1$eArnrLW1/rRzVwcR87bxEw$2A/rMWXO2MalZdh5hd4gbWYexoYip6qPZDyC0jg96MM",Conner Vaish,student,t,6,2026-09-07 02:00:06.879652+00,2026-09-07 02:00:06.879652+00,2028,B.E. CSE
connie.vaishnav@ssn.edu.in,"$argon2id$v=19$m=19456,t=2,p=1$eArnrLW1/rRzVwcR87bxEw$2A/rMWXO2MalZdh5hd4gbWYexoYip6qPZDyC0jg96MM",Connie Vaishnav,student,t,6,2026-09-07 02:00:06.879652+00,2026-09-07 02:00:06.879652+00,2026,M.Tech. DS
connor.vajpayee@ssn.edu.in,"$argon2id$v=19$m=19456,t=2,p=1$eArnrLW1/rRzVwcR87bxEw$2A/rMWXO2MalZdh5hd4gbWYexoYip6qPZDyC0jg96MM",Connor Vajpayee,student,t,6,2026-09-07 02:00:06.879652+00,2026-09-07 02:00:06.879652+00,2026,M.Tech. DS
conor.vakil@ssn.edu.in,"$argon2id$v=19$m=19456,t=2,p=1$eArnrLW1/rRzVwcR87bxEw$2A/rMWXO2MalZdh5hd4gbWYexoYip6qPZDyC0jg96MM",Conor Vakil,student,t,6,2026-09-07 02:00:06.879652+00,2026-09-07 02:00:06.879652+00,2026,M.Tech. DS
conrad.vala@ssn.edu.in,"$argon2id$v=19$m=19456,t=2,p=1$eArnrLW1/rRzVwcR87bxEw$2A/rMWXO2MalZdh5hd4gbWYexoYip6qPZDyC0jg96MM",Conrad Vala,student,t,6,2026-09-07 02:00:06.879652+00,2026-09-07 02:00:06.879652+00,2026,M.Tech. DS
constance.vallabh@ssn.edu.in,"$argon2id$v=19$m=19456,t=2,p=1$eArnrLW1/rRzVwcR87bxEw$2A/rMWXO2MalZdh5hd4gbWYexoYip6qPZDyC0jg96MM",Constance Vallabh,student,t,6,2026-09-07 02:00:06.879652+00,2026-09-07 02:00:06.879652+00,2026,M.Tech. DS
cooper.valmiki@ssn.edu.in,"$argon2id$v=19$m=19456,t=2,p=1$eArnrLW1/rRzVwcR87bxEw$2A/rMWXO2MalZdh5hd4gbWYexoYip6qPZDyC0jg96MM",Cooper Valmiki,student,t,6,2026-09-07 02:00:06.879652+00,2026-09-07 02:00:06.879652+00,2026,M.Tech. DS
cora.vanarase@ssn.edu.in,"$argon2id$v=19$m=19456,t=2,p=1$eArnrLW1/rRzVwcR87bxEw$2A/rMWXO2MalZdh5hd4gbWYexoYip6qPZDyC0jg96MM",Cora Vanarase,student,t,6,2026-09-07 02:00:06.879652+00,2026-09-07 02:00:06.879652+00,2026,M.Tech. DS
coralie.vania@ssn.edu.in,"$argon2id$v=19$m=19456,t=2,p=1$eArnrLW1/rRzVwcR87bxEw$2A/rMWXO2MalZdh5hd4gbWYexoYip6qPZDyC0jg96MM",Coralie Vania,student,t,6,2026-09-07 02:00:06.879652+00,2026-09-07 02:00:06.879652+00,2026,M.Tech. DS
corbin.varde@ssn.edu.in,"$argon2id$v=19$m=19456,t=2,p=1$eArnrLW1/rRzVwcR87bxEw$2A/rMWXO2MalZdh5hd4gbWYexoYip6qPZDyC0jg96MM",Corbin Varde,student,t,6,2026-09-07 02:00:06.879652+00,2026-09-07 02:00:06.879652+00,2026,M.Tech. DS
cordelia.varghese@ssn.edu.in,"$argon2id$v=19$m=19456,t=2,p=1$eArnrLW1/rRzVwcR87bxEw$2A/rMWXO2MalZdh5hd4gbWYexoYip6qPZDyC0jg96MM",Cordelia Varghese,student,t,6,2026-09-07 02:00:06.879652+00,2026-09-07 02:00:06.879652+00,2026,M.Tech. DS
coreen.varma@ssn.edu.in,"$argon2id$v=19$m=19456,t=2,p=1$eArnrLW1/rRzVwcR87bxEw$2A/rMWXO2MalZdh5hd4gbWYexoYip6qPZDyC0jg96MM",Coreen Varma,student,t,6,2026-09-07 02:00:06.879652+00,2026-09-07 02:00:06.879652+00,2027,M.Tech. DS
corey.varshney@ssn.edu.in,"$argon2id$v=19$m=19456,t=2,p=1$eArnrLW1/rRzVwcR87bxEw$2A/rMWXO2MalZdh5hd4gbWYexoYip6qPZDyC0jg96MM",Corey Varshney,student,t,6,2026-09-07 02:00:06.879652+00,2026-09-07 02:00:06.879652+00,2027,M.Tech. DS
corina.vartak@ssn.edu.in,"$argon2id$v=19$m=19456,t=2,p=1$eArnrLW1/rRzVwcR87bxEw$2A/rMWXO2MalZdh5hd4gbWYexoYip6qPZDyC0jg96MM",Corina Vartak,student,t,6,2026-09-07 02:00:06.879652+00,2026-09-07 02:00:06.879652+00,2027,M.Tech. DS
corinne.vashisht@ssn.edu.in,"$argon2id$v=19$m=19456,t=2,p=1$eArnrLW1/rRzVwcR87bxEw$2A/rMWXO2MalZdh5hd4gbWYexoYip6qPZDyC0jg96MM",Corinne Vashisht,student,t,6,2026-09-07 02:00:06.879652+00,2026-09-07 02:00:06.879652+00,2027,M.Tech. DS
cormac.vashistha@ssn.edu.in,"$argon2id$v=19$m=19456,t=2,p=1$eArnrLW1/rRzVwcR87bxEw$2A/rMWXO2MalZdh5hd4gbWYexoYip6qPZDyC0jg96MM",Cormac Vashistha,student,t,6,2026-09-07 02:00:06.879652+00,2026-09-07 02:00:06.879652+00,2027,M.Tech. DS
cornelius.vasudev@ssn.edu.in,"$argon2id$v=19$m=19456,t=2,p=1$eArnrLW1/rRzVwcR87bxEw$2A/rMWXO2MalZdh5hd4gbWYexoYip6qPZDyC0jg96MM",Cornelius Vasudev,student,t,6,2026-09-07 02:00:06.879652+00,2026-09-07 02:00:06.879652+00,2027,M.Tech. DS
cornell.vasudeva@ssn.edu.in,"$argon2id$v=19$m=19456,t=2,p=1$eArnrLW1/rRzVwcR87bxEw$2A/rMWXO2MalZdh5hd4gbWYexoYip6qPZDyC0jg96MM",Cornell Vasudeva,student,t,6,2026-09-07 02:00:06.879652+00,2026-09-07 02:00:06.879652+00,2027,M.Tech. DS
courtney.ved@ssn.edu.in,"$argon2id$v=19$m=19456,t=2,p=1$eArnrLW1/rRzVwcR87bxEw$2A/rMWXO2MalZdh5hd4gbWYexoYip6qPZDyC0jg96MM",Courtney Ved,student,t,6,2026-09-07 02:00:06.879652+00,2026-09-07 02:00:06.879652+00,2027,M.Tech. DS
coy.velingkar@ssn.edu.in,"$argon2id$v=19$m=19456,t=2,p=1$eArnrLW1/rRzVwcR87bxEw$2A/rMWXO2MalZdh5hd4gbWYexoYip6qPZDyC0jg96MM",Coy Velingkar,student,t,6,2026-09-07 02:00:06.879652+00,2026-09-07 02:00:06.879652+00,2027,M.Tech. DS
craig.vellal@ssn.edu.in,"$argon2id$v=19$m=19456,t=2,p=1$eArnrLW1/rRzVwcR87bxEw$2A/rMWXO2MalZdh5hd4gbWYexoYip6qPZDyC0jg96MM",Craig Vellal,student,t,6,2026-09-07 02:00:06.879652+00,2026-09-07 02:00:06.879652+00,2027,M.Tech. DS
creighton.velu@ssn.edu.in,"$argon2id$v=19$m=19456,t=2,p=1$eArnrLW1/rRzVwcR87bxEw$2A/rMWXO2MalZdh5hd4gbWYexoYip6qPZDyC0jg96MM",Creighton Velu,student,t,6,2026-09-07 02:00:06.879652+00,2026-09-07 02:00:06.879652+00,2028,M.Tech. DS
crispin.vengsarkar@ssn.edu.in,"$argon2id$v=19$m=19456,t=2,p=1$eArnrLW1/rRzVwcR87bxEw$2A/rMWXO2MalZdh5hd4gbWYexoYip6qPZDyC0jg96MM",Crispin Vengsarkar,student,t,6,2026-09-07 02:00:06.879652+00,2026-09-07 02:00:06.879652+00,2028,M.Tech. DS
cristian.venkataraman@ssn.edu.in,"$argon2id$v=19$m=19456,t=2,p=1$eArnrLW1/rRzVwcR87bxEw$2A/rMWXO2MalZdh5hd4gbWYexoYip6qPZDyC0jg96MM",Cristian Venkataraman,student,t,6,2026-09-07 02:00:06.879652+00,2026-09-07 02:00:06.879652+00,2028,M.Tech. DS
crystal.venkataramani@ssn.edu.in,"$argon2id$v=19$m=19456,t=2,p=1$eArnrLW1/rRzVwcR87bxEw$2A/rMWXO2MalZdh5hd4gbWYexoYip6qPZDyC0jg96MM",Crystal Venkataramani,student,t,6,2026-09-07 02:00:06.879652+00,2026-09-07 02:00:06.879652+00,2028,M.Tech. DS
cullen.venkatesan@ssn.edu.in,"$argon2id$v=19$m=19456,t=2,p=1$eArnrLW1/rRzVwcR87bxEw$2A/rMWXO2MalZdh5hd4gbWYexoYip6qPZDyC0jg96MM",Cullen Venkatesan,student,t,6,2026-09-07 02:00:06.879652+00,2026-09-07 02:00:06.879652+00,2028,M.Tech. DS
curt.venugopal@ssn.edu.in,"$argon2id$v=19$m=19456,t=2,p=1$eArnrLW1/rRzVwcR87bxEw$2A/rMWXO2MalZdh5hd4gbWYexoYip6qPZDyC0jg96MM",Curt Venugopal,student,t,6,2026-09-07 02:00:06.879652+00,2026-09-07 02:00:06.879652+00,2028,M.Tech. DS
curtis.verghese@ssn.edu.in,"$argon2id$v=19$m=19456,t=2,p=1$eArnrLW1/rRzVwcR87bxEw$2A/rMWXO2MalZdh5hd4gbWYexoYip6qPZDyC0jg96MM",Curtis Verghese,student,t,6,2026-09-07 02:00:06.879652+00,2026-09-07 02:00:06.879652+00,2028,M.Tech. DS
cynthia.verma@ssn.edu.in,"$argon2id$v=19$m=19456,t=2,p=1$eArnrLW1/rRzVwcR87bxEw$2A/rMWXO2MalZdh5hd4gbWYexoYip6qPZDyC0jg96MM",Cynthia Verma,student,t,6,2026-09-07 02:00:06.879652+00,2026-09-07 02:00:06.879652+00,2028,M.Tech. DS
cyril.vibhakar@ssn.edu.in,"$argon2id$v=19$m=19456,t=2,p=1$eArnrLW1/rRzVwcR87bxEw$2A/rMWXO2MalZdh5hd4gbWYexoYip6qPZDyC0jg96MM",Cyril Vibhakar,student,t,6,2026-09-07 02:00:06.879652+00,2026-09-07 02:00:06.879652+00,2028,M.Tech. DS
cyrus.vidwans@ssn.edu.in,"$argon2id$v=19$m=19456,t=2,p=1$eArnrLW1/rRzVwcR87bxEw$2A/rMWXO2MalZdh5hd4gbWYexoYip6qPZDyC0jg96MM",Cyrus Vidwans,student,t,6,2026-09-07 02:00:06.879652+00,2026-09-07 02:00:06.879652+00,2028,M.Tech. DS
dahlia.vidyasagar@ssn.edu.in,"$argon2id$v=19$m=19456,t=2,p=1$eArnrLW1/rRzVwcR87bxEw$2A/rMWXO2MalZdh5hd4gbWYexoYip6qPZDyC0jg96MM",Dahlia Vidyasagar,student,t,6,2026-09-07 02:00:06.879652+00,2026-09-07 02:00:06.879652+00,2026,BBA
daisy.vijayaraghavan@ssn.edu.in,"$argon2id$v=19$m=19456,t=2,p=1$eArnrLW1/rRzVwcR87bxEw$2A/rMWXO2MalZdh5hd4gbWYexoYip6qPZDyC0jg96MM",Daisy Vijayaraghavan,student,t,6,2026-09-07 02:00:06.879652+00,2026-09-07 02:00:06.879652+00,2026,BBA
dakota.vijaykumar@ssn.edu.in,"$argon2id$v=19$m=19456,t=2,p=1$eArnrLW1/rRzVwcR87bxEw$2A/rMWXO2MalZdh5hd4gbWYexoYip6qPZDyC0jg96MM",Dakota Vijaykumar,student,t,6,2026-09-07 02:00:06.879652+00,2026-09-07 02:00:06.879652+00,2026,BBA
dale.vilekar@ssn.edu.in,"$argon2id$v=19$m=19456,t=2,p=1$eArnrLW1/rRzVwcR87bxEw$2A/rMWXO2MalZdh5hd4gbWYexoYip6qPZDyC0jg96MM",Dale Vilekar,student,t,6,2026-09-07 02:00:06.879652+00,2026-09-07 02:00:06.879652+00,2026,BBA
dallas.vinayak@ssn.edu.in,"$argon2id$v=19$m=19456,t=2,p=1$eArnrLW1/rRzVwcR87bxEw$2A/rMWXO2MalZdh5hd4gbWYexoYip6qPZDyC0jg96MM",Dallas Vinayak,student,t,6,2026-09-07 02:00:06.879652+00,2026-09-07 02:00:06.879652+00,2026,BBA
dalton.virani@ssn.edu.in,"$argon2id$v=19$m=19456,t=2,p=1$eArnrLW1/rRzVwcR87bxEw$2A/rMWXO2MalZdh5hd4gbWYexoYip6qPZDyC0jg96MM",Dalton Virani,student,t,6,2026-09-07 02:00:06.879652+00,2026-09-07 02:00:06.879652+00,2026,BBA
damian.virk@ssn.edu.in,"$argon2id$v=19$m=19456,t=2,p=1$eArnrLW1/rRzVwcR87bxEw$2A/rMWXO2MalZdh5hd4gbWYexoYip6qPZDyC0jg96MM",Damian Virk,student,t,6,2026-09-07 02:00:06.879652+00,2026-09-07 02:00:06.879652+00,2026,BBA
damien.viswanathan@ssn.edu.in,"$argon2id$v=19$m=19456,t=2,p=1$eArnrLW1/rRzVwcR87bxEw$2A/rMWXO2MalZdh5hd4gbWYexoYip6qPZDyC0jg96MM",Damien Viswanathan,student,t,6,2026-09-07 02:00:06.879652+00,2026-09-07 02:00:06.879652+00,2026,BBA
damion.vohra@ssn.edu.in,"$argon2id$v=19$m=19456,t=2,p=1$eArnrLW1/rRzVwcR87bxEw$2A/rMWXO2MalZdh5hd4gbWYexoYip6qPZDyC0jg96MM",Damion Vohra,student,t,6,2026-09-07 02:00:06.879652+00,2026-09-07 02:00:06.879652+00,2026,BBA
damon.vora@ssn.edu.in,"$argon2id$v=19$m=19456,t=2,p=1$eArnrLW1/rRzVwcR87bxEw$2A/rMWXO2MalZdh5hd4gbWYexoYip6qPZDyC0jg96MM",Damon Vora,student,t,6,2026-09-07 02:00:06.879652+00,2026-09-07 02:00:06.879652+00,2026,BBA
dan.voruganti@ssn.edu.in,"$argon2id$v=19$m=19456,t=2,p=1$eArnrLW1/rRzVwcR87bxEw$2A/rMWXO2MalZdh5hd4gbWYexoYip6qPZDyC0jg96MM",Dan Voruganti,student,t,6,2026-09-07 02:00:06.879652+00,2026-09-07 02:00:06.879652+00,2027,BBA
dana.vyas@ssn.edu.in,"$argon2id$v=19$m=19456,t=2,p=1$eArnrLW1/rRzVwcR87bxEw$2A/rMWXO2MalZdh5hd4gbWYexoYip6qPZDyC0jg96MM",Dana Vyas,student,t,6,2026-09-07 02:00:06.879652+00,2026-09-07 02:00:06.879652+00,2027,BBA
dane.wadhwa@ssn.edu.in,"$argon2id$v=19$m=19456,t=2,p=1$eArnrLW1/rRzVwcR87bxEw$2A/rMWXO2MalZdh5hd4gbWYexoYip6qPZDyC0jg96MM",Dane Wadhwa,student,t,6,2026-09-07 02:00:06.879652+00,2026-09-07 02:00:06.879652+00,2027,BBA
danica.wadia@ssn.edu.in,"$argon2id$v=19$m=19456,t=2,p=1$eArnrLW1/rRzVwcR87bxEw$2A/rMWXO2MalZdh5hd4gbWYexoYip6qPZDyC0jg96MM",Danica Wadia,student,t,6,2026-09-07 02:00:06.879652+00,2026-09-07 02:00:06.879652+00,2027,BBA
daniel.wadkar@ssn.edu.in,"$argon2id$v=19$m=19456,t=2,p=1$eArnrLW1/rRzVwcR87bxEw$2A/rMWXO2MalZdh5hd4gbWYexoYip6qPZDyC0jg96MM",Daniel Wadkar,student,t,6,2026-09-07 02:00:06.879652+00,2026-09-07 02:00:06.879652+00,2027,BBA
daniela.wagle@ssn.edu.in,"$argon2id$v=19$m=19456,t=2,p=1$eArnrLW1/rRzVwcR87bxEw$2A/rMWXO2MalZdh5hd4gbWYexoYip6qPZDyC0jg96MM",Daniela Wagle,student,t,6,2026-09-07 02:00:06.879652+00,2026-09-07 02:00:06.879652+00,2027,BBA
danielle.walia@ssn.edu.in,"$argon2id$v=19$m=19456,t=2,p=1$eArnrLW1/rRzVwcR87bxEw$2A/rMWXO2MalZdh5hd4gbWYexoYip6qPZDyC0jg96MM",Danielle Walia,student,t,6,2026-09-07 02:00:06.879652+00,2026-09-07 02:00:06.879652+00,2027,BBA
danny.walke@ssn.edu.in,"$argon2id$v=19$m=19456,t=2,p=1$eArnrLW1/rRzVwcR87bxEw$2A/rMWXO2MalZdh5hd4gbWYexoYip6qPZDyC0jg96MM",Danny Walke,student,t,6,2026-09-07 02:00:06.879652+00,2026-09-07 02:00:06.879652+00,2027,BBA
dante.wanchoo@ssn.edu.in,"$argon2id$v=19$m=19456,t=2,p=1$eArnrLW1/rRzVwcR87bxEw$2A/rMWXO2MalZdh5hd4gbWYexoYip6qPZDyC0jg96MM",Dante Wanchoo,student,t,6,2026-09-07 02:00:06.879652+00,2026-09-07 02:00:06.879652+00,2027,BBA
daphne.warrier@ssn.edu.in,"$argon2id$v=19$m=19456,t=2,p=1$eArnrLW1/rRzVwcR87bxEw$2A/rMWXO2MalZdh5hd4gbWYexoYip6qPZDyC0jg96MM",Daphne Warrier,student,t,6,2026-09-07 02:00:06.879652+00,2026-09-07 02:00:06.879652+00,2027,BBA
dara.warty@ssn.edu.in,"$argon2id$v=19$m=19456,t=2,p=1$eArnrLW1/rRzVwcR87bxEw$2A/rMWXO2MalZdh5hd4gbWYexoYip6qPZDyC0jg96MM",Dara Warty,student,t,6,2026-09-07 02:00:06.879652+00,2026-09-07 02:00:06.879652+00,2028,BBA
darcy.wasnik@ssn.edu.in,"$argon2id$v=19$m=19456,t=2,p=1$eArnrLW1/rRzVwcR87bxEw$2A/rMWXO2MalZdh5hd4gbWYexoYip6qPZDyC0jg96MM",Darcy Wasnik,student,t,6,2026-09-07 02:00:06.879652+00,2026-09-07 02:00:06.879652+00,2028,BBA
darian.watson@ssn.edu.in,"$argon2id$v=19$m=19456,t=2,p=1$eArnrLW1/rRzVwcR87bxEw$2A/rMWXO2MalZdh5hd4gbWYexoYip6qPZDyC0jg96MM",Darian Watson,student,t,6,2026-09-07 02:00:06.879652+00,2026-09-07 02:00:06.879652+00,2028,BBA
darien.white@ssn.edu.in,"$argon2id$v=19$m=19456,t=2,p=1$eArnrLW1/rRzVwcR87bxEw$2A/rMWXO2MalZdh5hd4gbWYexoYip6qPZDyC0jg96MM",Darien White,student,t,6,2026-09-07 02:00:06.879652+00,2026-09-07 02:00:06.879652+00,2028,BBA
darin.williams@ssn.edu.in,"$argon2id$v=19$m=19456,t=2,p=1$eArnrLW1/rRzVwcR87bxEw$2A/rMWXO2MalZdh5hd4gbWYexoYip6qPZDyC0jg96MM",Darin Williams,student,t,6,2026-09-07 02:00:06.879652+00,2026-09-07 02:00:06.879652+00,2028,BBA
dario.yadav@ssn.edu.in,"$argon2id$v=19$m=19456,t=2,p=1$eArnrLW1/rRzVwcR87bxEw$2A/rMWXO2MalZdh5hd4gbWYexoYip6qPZDyC0jg96MM",Dario Yadav,student,t,6,2026-09-07 02:00:06.879652+00,2026-09-07 02:00:06.879652+00,2028,BBA
darius.yagnik@ssn.edu.in,"$argon2id$v=19$m=19456,t=2,p=1$eArnrLW1/rRzVwcR87bxEw$2A/rMWXO2MalZdh5hd4gbWYexoYip6qPZDyC0jg96MM",Darius Yagnik,student,t,6,2026-09-07 02:00:06.879652+00,2026-09-07 02:00:06.879652+00,2028,BBA
darlene.yashwant@ssn.edu.in,"$argon2id$v=19$m=19456,t=2,p=1$eArnrLW1/rRzVwcR87bxEw$2A/rMWXO2MalZdh5hd4gbWYexoYip6qPZDyC0jg96MM",Darlene Yashwant,student,t,6,2026-09-07 02:00:06.879652+00,2026-09-07 02:00:06.879652+00,2028,BBA
darnell.zachariah@ssn.edu.in,"$argon2id$v=19$m=19456,t=2,p=1$eArnrLW1/rRzVwcR87bxEw$2A/rMWXO2MalZdh5hd4gbWYexoYip6qPZDyC0jg96MM",Darnell Zachariah,student,t,6,2026-09-07 02:00:06.879652+00,2026-09-07 02:00:06.879652+00,2028,BBA
darrell.zaidi@ssn.edu.in,"$argon2id$v=19$m=19456,t=2,p=1$eArnrLW1/rRzVwcR87bxEw$2A/rMWXO2MalZdh5hd4gbWYexoYip6qPZDyC0jg96MM",Darrell Zaidi,student,t,6,2026-09-07 02:00:06.879652+00,2026-09-07 02:00:06.879652+00,2028,BBA
darren.zakaria@hindustanuniv.ac.in,"$argon2id$v=19$m=19456,t=2,p=1$eArnrLW1/rRzVwcR87bxEw$2A/rMWXO2MalZdh5hd4gbWYexoYip6qPZDyC0jg96MM",Darren Zakaria,faculty,t,7,2026-09-07 02:00:06.879652+00,2026-09-07 02:00:06.879652+00,,B.Sc. Biochem
darryl.zaveri@hindustanuniv.ac.in,"$argon2id$v=19$m=19456,t=2,p=1$eArnrLW1/rRzVwcR87bxEw$2A/rMWXO2MalZdh5hd4gbWYexoYip6qPZDyC0jg96MM",Darryl Zaveri,faculty,t,7,2026-09-07 02:00:06.879652+00,2026-09-07 02:00:06.879652+00,,M.Sc. Maths
darwin.abbott@hindustanuniv.ac.in,"$argon2id$v=19$m=19456,t=2,p=1$eArnrLW1/rRzVwcR87bxEw$2A/rMWXO2MalZdh5hd4gbWYexoYip6qPZDyC0jg96MM",Darwin Abbott,faculty,t,7,2026-09-07 02:00:06.879652+00,2026-09-07 02:00:06.879652+00,,B.E. CSE
daryl.abernathy@hindustanuniv.ac.in,"$argon2id$v=19$m=19456,t=2,p=1$eArnrLW1/rRzVwcR87bxEw$2A/rMWXO2MalZdh5hd4gbWYexoYip6qPZDyC0jg96MM",Daryl Abernathy,faculty,t,7,2026-09-07 02:00:06.879652+00,2026-09-07 02:00:06.879652+00,,M.Tech. DS
dash.abrahams@hindustanuniv.ac.in,"$argon2id$v=19$m=19456,t=2,p=1$eArnrLW1/rRzVwcR87bxEw$2A/rMWXO2MalZdh5hd4gbWYexoYip6qPZDyC0jg96MM",Dash Abrahams,faculty,t,7,2026-09-07 02:00:06.879652+00,2026-09-07 02:00:06.879652+00,,BBA
dathan.ackerman@hindustanuniv.ac.in,"$argon2id$v=19$m=19456,t=2,p=1$eArnrLW1/rRzVwcR87bxEw$2A/rMWXO2MalZdh5hd4gbWYexoYip6qPZDyC0jg96MM",Dathan Ackerman,student,t,7,2026-09-07 02:00:06.879652+00,2026-09-07 02:00:06.879652+00,2026,B.Sc. Biochem
dave.adams@hindustanuniv.ac.in,"$argon2id$v=19$m=19456,t=2,p=1$eArnrLW1/rRzVwcR87bxEw$2A/rMWXO2MalZdh5hd4gbWYexoYip6qPZDyC0jg96MM",Dave Adams,student,t,7,2026-09-07 02:00:06.879652+00,2026-09-07 02:00:06.879652+00,2026,B.Sc. Biochem
david.adkins@hindustanuniv.ac.in,"$argon2id$v=19$m=19456,t=2,p=1$eArnrLW1/rRzVwcR87bxEw$2A/rMWXO2MalZdh5hd4gbWYexoYip6qPZDyC0jg96MM",David Adkins,student,t,7,2026-09-07 02:00:06.879652+00,2026-09-07 02:00:06.879652+00,2026,B.Sc. Biochem
davida.aguilar@hindustanuniv.ac.in,"$argon2id$v=19$m=19456,t=2,p=1$eArnrLW1/rRzVwcR87bxEw$2A/rMWXO2MalZdh5hd4gbWYexoYip6qPZDyC0jg96MM",Davida Aguilar,student,t,7,2026-09-07 02:00:06.879652+00,2026-09-07 02:00:06.879652+00,2026,B.Sc. Biochem
davin.albright@hindustanuniv.ac.in,"$argon2id$v=19$m=19456,t=2,p=1$eArnrLW1/rRzVwcR87bxEw$2A/rMWXO2MalZdh5hd4gbWYexoYip6qPZDyC0jg96MM",Davin Albright,student,t,7,2026-09-07 02:00:06.879652+00,2026-09-07 02:00:06.879652+00,2026,B.Sc. Biochem
davion.aldridge@hindustanuniv.ac.in,"$argon2id$v=19$m=19456,t=2,p=1$eArnrLW1/rRzVwcR87bxEw$2A/rMWXO2MalZdh5hd4gbWYexoYip6qPZDyC0jg96MM",Davion Aldridge,student,t,7,2026-09-07 02:00:06.879652+00,2026-09-07 02:00:06.879652+00,2026,B.Sc. Biochem
davis.alexander@hindustanuniv.ac.in,"$argon2id$v=19$m=19456,t=2,p=1$eArnrLW1/rRzVwcR87bxEw$2A/rMWXO2MalZdh5hd4gbWYexoYip6qPZDyC0jg96MM",Davis Alexander,student,t,7,2026-09-07 02:00:06.879652+00,2026-09-07 02:00:06.879652+00,2026,B.Sc. Biochem
dawn.alford@hindustanuniv.ac.in,"$argon2id$v=19$m=19456,t=2,p=1$eArnrLW1/rRzVwcR87bxEw$2A/rMWXO2MalZdh5hd4gbWYexoYip6qPZDyC0jg96MM",Dawn Alford,student,t,7,2026-09-07 02:00:06.879652+00,2026-09-07 02:00:06.879652+00,2026,B.Sc. Biochem
dawson.allbritton@hindustanuniv.ac.in,"$argon2id$v=19$m=19456,t=2,p=1$eArnrLW1/rRzVwcR87bxEw$2A/rMWXO2MalZdh5hd4gbWYexoYip6qPZDyC0jg96MM",Dawson Allbritton,student,t,7,2026-09-07 02:00:06.879652+00,2026-09-07 02:00:06.879652+00,2026,B.Sc. Biochem
dax.allen@hindustanuniv.ac.in,"$argon2id$v=19$m=19456,t=2,p=1$eArnrLW1/rRzVwcR87bxEw$2A/rMWXO2MalZdh5hd4gbWYexoYip6qPZDyC0jg96MM",Dax Allen,student,t,7,2026-09-07 02:00:06.879652+00,2026-09-07 02:00:06.879652+00,2026,B.Sc. Biochem
dayton.allison@hindustanuniv.ac.in,"$argon2id$v=19$m=19456,t=2,p=1$eArnrLW1/rRzVwcR87bxEw$2A/rMWXO2MalZdh5hd4gbWYexoYip6qPZDyC0jg96MM",Dayton Allison,student,t,7,2026-09-07 02:00:06.879652+00,2026-09-07 02:00:06.879652+00,2027,B.Sc. Biochem
deacon.allred@hindustanuniv.ac.in,"$argon2id$v=19$m=19456,t=2,p=1$eArnrLW1/rRzVwcR87bxEw$2A/rMWXO2MalZdh5hd4gbWYexoYip6qPZDyC0jg96MM",Deacon Allred,student,t,7,2026-09-07 02:00:06.879652+00,2026-09-07 02:00:06.879652+00,2027,B.Sc. Biochem
dean.alvarado@hindustanuniv.ac.in,"$argon2id$v=19$m=19456,t=2,p=1$eArnrLW1/rRzVwcR87bxEw$2A/rMWXO2MalZdh5hd4gbWYexoYip6qPZDyC0jg96MM",Dean Alvarado,student,t,7,2026-09-07 02:00:06.879652+00,2026-09-07 02:00:06.879652+00,2027,B.Sc. Biochem
deanna.alvarez@hindustanuniv.ac.in,"$argon2id$v=19$m=19456,t=2,p=1$eArnrLW1/rRzVwcR87bxEw$2A/rMWXO2MalZdh5hd4gbWYexoYip6qPZDyC0jg96MM",Deanna Alvarez,student,t,7,2026-09-07 02:00:06.879652+00,2026-09-07 02:00:06.879652+00,2027,B.Sc. Biochem
debbie.alvord@hindustanuniv.ac.in,"$argon2id$v=19$m=19456,t=2,p=1$eArnrLW1/rRzVwcR87bxEw$2A/rMWXO2MalZdh5hd4gbWYexoYip6qPZDyC0jg96MM",Debbie Alvord,student,t,7,2026-09-07 02:00:06.879652+00,2026-09-07 02:00:06.879652+00,2027,B.Sc. Biochem
deborah.amaya@hindustanuniv.ac.in,"$argon2id$v=19$m=19456,t=2,p=1$eArnrLW1/rRzVwcR87bxEw$2A/rMWXO2MalZdh5hd4gbWYexoYip6qPZDyC0jg96MM",Deborah Amaya,student,t,7,2026-09-07 02:00:06.879652+00,2026-09-07 02:00:06.879652+00,2027,B.Sc. Biochem
debra.ambrose@hindustanuniv.ac.in,"$argon2id$v=19$m=19456,t=2,p=1$eArnrLW1/rRzVwcR87bxEw$2A/rMWXO2MalZdh5hd4gbWYexoYip6qPZDyC0jg96MM",Debra Ambrose,student,t,7,2026-09-07 02:00:06.879652+00,2026-09-07 02:00:06.879652+00,2027,B.Sc. Biochem
declan.ames@hindustanuniv.ac.in,"$argon2id$v=19$m=19456,t=2,p=1$eArnrLW1/rRzVwcR87bxEw$2A/rMWXO2MalZdh5hd4gbWYexoYip6qPZDyC0jg96MM",Declan Ames,student,t,7,2026-09-07 02:00:06.879652+00,2026-09-07 02:00:06.879652+00,2027,B.Sc. Biochem
deedee.amundson@hindustanuniv.ac.in,"$argon2id$v=19$m=19456,t=2,p=1$eArnrLW1/rRzVwcR87bxEw$2A/rMWXO2MalZdh5hd4gbWYexoYip6qPZDyC0jg96MM",Deedee Amundson,student,t,7,2026-09-07 02:00:06.879652+00,2026-09-07 02:00:06.879652+00,2027,B.Sc. Biochem
deena.andersen@hindustanuniv.ac.in,"$argon2id$v=19$m=19456,t=2,p=1$eArnrLW1/rRzVwcR87bxEw$2A/rMWXO2MalZdh5hd4gbWYexoYip6qPZDyC0jg96MM",Deena Andersen,student,t,7,2026-09-07 02:00:06.879652+00,2026-09-07 02:00:06.879652+00,2027,B.Sc. Biochem
deidre.anderson@hindustanuniv.ac.in,"$argon2id$v=19$m=19456,t=2,p=1$eArnrLW1/rRzVwcR87bxEw$2A/rMWXO2MalZdh5hd4gbWYexoYip6qPZDyC0jg96MM",Deidre Anderson,student,t,7,2026-09-07 02:00:06.879652+00,2026-09-07 02:00:06.879652+00,2028,B.Sc. Biochem
deirdre.andrews@hindustanuniv.ac.in,"$argon2id$v=19$m=19456,t=2,p=1$eArnrLW1/rRzVwcR87bxEw$2A/rMWXO2MalZdh5hd4gbWYexoYip6qPZDyC0jg96MM",Deirdre Andrews,student,t,7,2026-09-07 02:00:06.879652+00,2026-09-07 02:00:06.879652+00,2028,B.Sc. Biochem
del.appleton@hindustanuniv.ac.in,"$argon2id$v=19$m=19456,t=2,p=1$eArnrLW1/rRzVwcR87bxEw$2A/rMWXO2MalZdh5hd4gbWYexoYip6qPZDyC0jg96MM",Del Appleton,student,t,7,2026-09-07 02:00:06.879652+00,2026-09-07 02:00:06.879652+00,2028,B.Sc. Biochem
delaney.archer@hindustanuniv.ac.in,"$argon2id$v=19$m=19456,t=2,p=1$eArnrLW1/rRzVwcR87bxEw$2A/rMWXO2MalZdh5hd4gbWYexoYip6qPZDyC0jg96MM",Delaney Archer,student,t,7,2026-09-07 02:00:06.879652+00,2026-09-07 02:00:06.879652+00,2028,B.Sc. Biochem
delbert.archibald@hindustanuniv.ac.in,"$argon2id$v=19$m=19456,t=2,p=1$eArnrLW1/rRzVwcR87bxEw$2A/rMWXO2MalZdh5hd4gbWYexoYip6qPZDyC0jg96MM",Delbert Archibald,student,t,7,2026-09-07 02:00:06.879652+00,2026-09-07 02:00:06.879652+00,2028,B.Sc. Biochem
delia.armstrong@hindustanuniv.ac.in,"$argon2id$v=19$m=19456,t=2,p=1$eArnrLW1/rRzVwcR87bxEw$2A/rMWXO2MalZdh5hd4gbWYexoYip6qPZDyC0jg96MM",Delia Armstrong,student,t,7,2026-09-07 02:00:06.879652+00,2026-09-07 02:00:06.879652+00,2028,B.Sc. Biochem
delilah.arndt@hindustanuniv.ac.in,"$argon2id$v=19$m=19456,t=2,p=1$eArnrLW1/rRzVwcR87bxEw$2A/rMWXO2MalZdh5hd4gbWYexoYip6qPZDyC0jg96MM",Delilah Arndt,student,t,7,2026-09-07 02:00:06.879652+00,2026-09-07 02:00:06.879652+00,2028,B.Sc. Biochem
della.arnold@hindustanuniv.ac.in,"$argon2id$v=19$m=19456,t=2,p=1$eArnrLW1/rRzVwcR87bxEw$2A/rMWXO2MalZdh5hd4gbWYexoYip6qPZDyC0jg96MM",Della Arnold,student,t,7,2026-09-07 02:00:06.879652+00,2026-09-07 02:00:06.879652+00,2028,B.Sc. Biochem
delores.arrington@hindustanuniv.ac.in,"$argon2id$v=19$m=19456,t=2,p=1$eArnrLW1/rRzVwcR87bxEw$2A/rMWXO2MalZdh5hd4gbWYexoYip6qPZDyC0jg96MM",Delores Arrington,student,t,7,2026-09-07 02:00:06.879652+00,2026-09-07 02:00:06.879652+00,2028,B.Sc. Biochem
delphine.arthur@hindustanuniv.ac.in,"$argon2id$v=19$m=19456,t=2,p=1$eArnrLW1/rRzVwcR87bxEw$2A/rMWXO2MalZdh5hd4gbWYexoYip6qPZDyC0jg96MM",Delphine Arthur,student,t,7,2026-09-07 02:00:06.879652+00,2026-09-07 02:00:06.879652+00,2028,B.Sc. Biochem
demarcus.asbury@hindustanuniv.ac.in,"$argon2id$v=19$m=19456,t=2,p=1$eArnrLW1/rRzVwcR87bxEw$2A/rMWXO2MalZdh5hd4gbWYexoYip6qPZDyC0jg96MM",Demarcus Asbury,student,t,7,2026-09-07 02:00:06.879652+00,2026-09-07 02:00:06.879652+00,2026,M.Sc. Maths
demetrius.ashby@hindustanuniv.ac.in,"$argon2id$v=19$m=19456,t=2,p=1$eArnrLW1/rRzVwcR87bxEw$2A/rMWXO2MalZdh5hd4gbWYexoYip6qPZDyC0jg96MM",Demetrius Ashby,student,t,7,2026-09-07 02:00:06.879652+00,2026-09-07 02:00:06.879652+00,2026,M.Sc. Maths
dena.ashcraft@hindustanuniv.ac.in,"$argon2id$v=19$m=19456,t=2,p=1$eArnrLW1/rRzVwcR87bxEw$2A/rMWXO2MalZdh5hd4gbWYexoYip6qPZDyC0jg96MM",Dena Ashcraft,student,t,7,2026-09-07 02:00:06.879652+00,2026-09-07 02:00:06.879652+00,2026,M.Sc. Maths
denis.ashford@hindustanuniv.ac.in,"$argon2id$v=19$m=19456,t=2,p=1$eArnrLW1/rRzVwcR87bxEw$2A/rMWXO2MalZdh5hd4gbWYexoYip6qPZDyC0jg96MM",Denis Ashford,student,t,7,2026-09-07 02:00:06.879652+00,2026-09-07 02:00:06.879652+00,2026,M.Sc. Maths
denise.ashley@hindustanuniv.ac.in,"$argon2id$v=19$m=19456,t=2,p=1$eArnrLW1/rRzVwcR87bxEw$2A/rMWXO2MalZdh5hd4gbWYexoYip6qPZDyC0jg96MM",Denise Ashley,student,t,7,2026-09-07 02:00:06.879652+00,2026-09-07 02:00:06.879652+00,2026,M.Sc. Maths
dennis.aston@hindustanuniv.ac.in,"$argon2id$v=19$m=19456,t=2,p=1$eArnrLW1/rRzVwcR87bxEw$2A/rMWXO2MalZdh5hd4gbWYexoYip6qPZDyC0jg96MM",Dennis Aston,student,t,7,2026-09-07 02:00:06.879652+00,2026-09-07 02:00:06.879652+00,2026,M.Sc. Maths
denver.atchison@hindustanuniv.ac.in,"$argon2id$v=19$m=19456,t=2,p=1$eArnrLW1/rRzVwcR87bxEw$2A/rMWXO2MalZdh5hd4gbWYexoYip6qPZDyC0jg96MM",Denver Atchison,student,t,7,2026-09-07 02:00:06.879652+00,2026-09-07 02:00:06.879652+00,2026,M.Sc. Maths
deon.atherton@hindustanuniv.ac.in,"$argon2id$v=19$m=19456,t=2,p=1$eArnrLW1/rRzVwcR87bxEw$2A/rMWXO2MalZdh5hd4gbWYexoYip6qPZDyC0jg96MM",Deon Atherton,student,t,7,2026-09-07 02:00:06.879652+00,2026-09-07 02:00:06.879652+00,2026,M.Sc. Maths
derek.atkins@hindustanuniv.ac.in,"$argon2id$v=19$m=19456,t=2,p=1$eArnrLW1/rRzVwcR87bxEw$2A/rMWXO2MalZdh5hd4gbWYexoYip6qPZDyC0jg96MM",Derek Atkins,student,t,7,2026-09-07 02:00:06.879652+00,2026-09-07 02:00:06.879652+00,2026,M.Sc. Maths
derrick.atkinson@hindustanuniv.ac.in,"$argon2id$v=19$m=19456,t=2,p=1$eArnrLW1/rRzVwcR87bxEw$2A/rMWXO2MalZdh5hd4gbWYexoYip6qPZDyC0jg96MM",Derrick Atkinson,student,t,7,2026-09-07 02:00:06.879652+00,2026-09-07 02:00:06.879652+00,2026,M.Sc. Maths
deshawn.atwater@hindustanuniv.ac.in,"$argon2id$v=19$m=19456,t=2,p=1$eArnrLW1/rRzVwcR87bxEw$2A/rMWXO2MalZdh5hd4gbWYexoYip6qPZDyC0jg96MM",Deshawn Atwater,student,t,7,2026-09-07 02:00:06.879652+00,2026-09-07 02:00:06.879652+00,2027,M.Sc. Maths
desirae.atwood@hindustanuniv.ac.in,"$argon2id$v=19$m=19456,t=2,p=1$eArnrLW1/rRzVwcR87bxEw$2A/rMWXO2MalZdh5hd4gbWYexoYip6qPZDyC0jg96MM",Desirae Atwood,student,t,7,2026-09-07 02:00:06.879652+00,2026-09-07 02:00:06.879652+00,2027,M.Sc. Maths
desiree.auerbach@hindustanuniv.ac.in,"$argon2id$v=19$m=19456,t=2,p=1$eArnrLW1/rRzVwcR87bxEw$2A/rMWXO2MalZdh5hd4gbWYexoYip6qPZDyC0jg96MM",Desiree Auerbach,student,t,7,2026-09-07 02:00:06.879652+00,2026-09-07 02:00:06.879652+00,2027,M.Sc. Maths
desmond.austin@hindustanuniv.ac.in,"$argon2id$v=19$m=19456,t=2,p=1$eArnrLW1/rRzVwcR87bxEw$2A/rMWXO2MalZdh5hd4gbWYexoYip6qPZDyC0jg96MM",Desmond Austin,student,t,7,2026-09-07 02:00:06.879652+00,2026-09-07 02:00:06.879652+00,2027,M.Sc. Maths
destiny.autry@hindustanuniv.ac.in,"$argon2id$v=19$m=19456,t=2,p=1$eArnrLW1/rRzVwcR87bxEw$2A/rMWXO2MalZdh5hd4gbWYexoYip6qPZDyC0jg96MM",Destiny Autry,student,t,7,2026-09-07 02:00:06.879652+00,2026-09-07 02:00:06.879652+00,2027,M.Sc. Maths
devin.avery@hindustanuniv.ac.in,"$argon2id$v=19$m=19456,t=2,p=1$eArnrLW1/rRzVwcR87bxEw$2A/rMWXO2MalZdh5hd4gbWYexoYip6qPZDyC0jg96MM",Devin Avery,student,t,7,2026-09-07 02:00:06.879652+00,2026-09-07 02:00:06.879652+00,2027,M.Sc. Maths
devon.avila@hindustanuniv.ac.in,"$argon2id$v=19$m=19456,t=2,p=1$eArnrLW1/rRzVwcR87bxEw$2A/rMWXO2MalZdh5hd4gbWYexoYip6qPZDyC0jg96MM",Devon Avila,student,t,7,2026-09-07 02:00:06.879652+00,2026-09-07 02:00:06.879652+00,2027,M.Sc. Maths
devontae.ayala@hindustanuniv.ac.in,"$argon2id$v=19$m=19456,t=2,p=1$eArnrLW1/rRzVwcR87bxEw$2A/rMWXO2MalZdh5hd4gbWYexoYip6qPZDyC0jg96MM",Devontae Ayala,student,t,7,2026-09-07 02:00:06.879652+00,2026-09-07 02:00:06.879652+00,2027,M.Sc. Maths
dewayne.ayers@hindustanuniv.ac.in,"$argon2id$v=19$m=19456,t=2,p=1$eArnrLW1/rRzVwcR87bxEw$2A/rMWXO2MalZdh5hd4gbWYexoYip6qPZDyC0jg96MM",Dewayne Ayers,student,t,7,2026-09-07 02:00:06.879652+00,2026-09-07 02:00:06.879652+00,2027,M.Sc. Maths
dexter.aylward@hindustanuniv.ac.in,"$argon2id$v=19$m=19456,t=2,p=1$eArnrLW1/rRzVwcR87bxEw$2A/rMWXO2MalZdh5hd4gbWYexoYip6qPZDyC0jg96MM",Dexter Aylward,student,t,7,2026-09-07 02:00:06.879652+00,2026-09-07 02:00:06.879652+00,2027,M.Sc. Maths
diamond.babbitt@hindustanuniv.ac.in,"$argon2id$v=19$m=19456,t=2,p=1$eArnrLW1/rRzVwcR87bxEw$2A/rMWXO2MalZdh5hd4gbWYexoYip6qPZDyC0jg96MM",Diamond Babbitt,student,t,7,2026-09-07 02:00:06.879652+00,2026-09-07 02:00:06.879652+00,2028,M.Sc. Maths
diana.babcock@hindustanuniv.ac.in,"$argon2id$v=19$m=19456,t=2,p=1$eArnrLW1/rRzVwcR87bxEw$2A/rMWXO2MalZdh5hd4gbWYexoYip6qPZDyC0jg96MM",Diana Babcock,student,t,7,2026-09-07 02:00:06.879652+00,2026-09-07 02:00:06.879652+00,2028,M.Sc. Maths
diane.bachman@hindustanuniv.ac.in,"$argon2id$v=19$m=19456,t=2,p=1$eArnrLW1/rRzVwcR87bxEw$2A/rMWXO2MalZdh5hd4gbWYexoYip6qPZDyC0jg96MM",Diane Bachman,student,t,7,2026-09-07 02:00:06.879652+00,2026-09-07 02:00:06.879652+00,2028,M.Sc. Maths
dianna.bachmann@hindustanuniv.ac.in,"$argon2id$v=19$m=19456,t=2,p=1$eArnrLW1/rRzVwcR87bxEw$2A/rMWXO2MalZdh5hd4gbWYexoYip6qPZDyC0jg96MM",Dianna Bachmann,student,t,7,2026-09-07 02:00:06.879652+00,2026-09-07 02:00:06.879652+00,2028,M.Sc. Maths
dianne.bacon@hindustanuniv.ac.in,"$argon2id$v=19$m=19456,t=2,p=1$eArnrLW1/rRzVwcR87bxEw$2A/rMWXO2MalZdh5hd4gbWYexoYip6qPZDyC0jg96MM",Dianne Bacon,student,t,7,2026-09-07 02:00:06.879652+00,2026-09-07 02:00:06.879652+00,2028,M.Sc. Maths
diego.badgley@hindustanuniv.ac.in,"$argon2id$v=19$m=19456,t=2,p=1$eArnrLW1/rRzVwcR87bxEw$2A/rMWXO2MalZdh5hd4gbWYexoYip6qPZDyC0jg96MM",Diego Badgley,student,t,7,2026-09-07 02:00:06.879652+00,2026-09-07 02:00:06.879652+00,2028,M.Sc. Maths
dillon.bagley@hindustanuniv.ac.in,"$argon2id$v=19$m=19456,t=2,p=1$eArnrLW1/rRzVwcR87bxEw$2A/rMWXO2MalZdh5hd4gbWYexoYip6qPZDyC0jg96MM",Dillon Bagley,student,t,7,2026-09-07 02:00:06.879652+00,2026-09-07 02:00:06.879652+00,2028,M.Sc. Maths
dimitri.bailey@hindustanuniv.ac.in,"$argon2id$v=19$m=19456,t=2,p=1$eArnrLW1/rRzVwcR87bxEw$2A/rMWXO2MalZdh5hd4gbWYexoYip6qPZDyC0jg96MM",Dimitri Bailey,student,t,7,2026-09-07 02:00:06.879652+00,2026-09-07 02:00:06.879652+00,2028,M.Sc. Maths
dina.bain@hindustanuniv.ac.in,"$argon2id$v=19$m=19456,t=2,p=1$eArnrLW1/rRzVwcR87bxEw$2A/rMWXO2MalZdh5hd4gbWYexoYip6qPZDyC0jg96MM",Dina Bain,student,t,7,2026-09-07 02:00:06.879652+00,2026-09-07 02:00:06.879652+00,2028,M.Sc. Maths
dinah.baines@hindustanuniv.ac.in,"$argon2id$v=19$m=19456,t=2,p=1$eArnrLW1/rRzVwcR87bxEw$2A/rMWXO2MalZdh5hd4gbWYexoYip6qPZDyC0jg96MM",Dinah Baines,student,t,7,2026-09-07 02:00:06.879652+00,2026-09-07 02:00:06.879652+00,2028,M.Sc. Maths
dino.baird@hindustanuniv.ac.in,"$argon2id$v=19$m=19456,t=2,p=1$eArnrLW1/rRzVwcR87bxEw$2A/rMWXO2MalZdh5hd4gbWYexoYip6qPZDyC0jg96MM",Dino Baird,student,t,7,2026-09-07 02:00:06.879652+00,2026-09-07 02:00:06.879652+00,2026,B.E. CSE
dion.baker@hindustanuniv.ac.in,"$argon2id$v=19$m=19456,t=2,p=1$eArnrLW1/rRzVwcR87bxEw$2A/rMWXO2MalZdh5hd4gbWYexoYip6qPZDyC0jg96MM",Dion Baker,student,t,7,2026-09-07 02:00:06.879652+00,2026-09-07 02:00:06.879652+00,2026,B.E. CSE
dirk.baldwin@hindustanuniv.ac.in,"$argon2id$v=19$m=19456,t=2,p=1$eArnrLW1/rRzVwcR87bxEw$2A/rMWXO2MalZdh5hd4gbWYexoYip6qPZDyC0jg96MM",Dirk Baldwin,student,t,7,2026-09-07 02:00:06.879652+00,2026-09-07 02:00:06.879652+00,2026,B.E. CSE
dixie.ball@hindustanuniv.ac.in,"$argon2id$v=19$m=19456,t=2,p=1$eArnrLW1/rRzVwcR87bxEw$2A/rMWXO2MalZdh5hd4gbWYexoYip6qPZDyC0jg96MM",Dixie Ball,student,t,7,2026-09-07 02:00:06.879652+00,2026-09-07 02:00:06.879652+00,2026,B.E. CSE
dolan.ballard@hindustanuniv.ac.in,"$argon2id$v=19$m=19456,t=2,p=1$eArnrLW1/rRzVwcR87bxEw$2A/rMWXO2MalZdh5hd4gbWYexoYip6qPZDyC0jg96MM",Dolan Ballard,student,t,7,2026-09-07 02:00:06.879652+00,2026-09-07 02:00:06.879652+00,2026,B.E. CSE
dolores.ballenger@hindustanuniv.ac.in,"$argon2id$v=19$m=19456,t=2,p=1$eArnrLW1/rRzVwcR87bxEw$2A/rMWXO2MalZdh5hd4gbWYexoYip6qPZDyC0jg96MM",Dolores Ballenger,student,t,7,2026-09-07 02:00:06.879652+00,2026-09-07 02:00:06.879652+00,2026,B.E. CSE
domenic.bancroft@hindustanuniv.ac.in,"$argon2id$v=19$m=19456,t=2,p=1$eArnrLW1/rRzVwcR87bxEw$2A/rMWXO2MalZdh5hd4gbWYexoYip6qPZDyC0jg96MM",Domenic Bancroft,student,t,7,2026-09-07 02:00:06.879652+00,2026-09-07 02:00:06.879652+00,2026,B.E. CSE
dominic.banker@hindustanuniv.ac.in,"$argon2id$v=19$m=19456,t=2,p=1$eArnrLW1/rRzVwcR87bxEw$2A/rMWXO2MalZdh5hd4gbWYexoYip6qPZDyC0jg96MM",Dominic Banker,student,t,7,2026-09-07 02:00:06.879652+00,2026-09-07 02:00:06.879652+00,2026,B.E. CSE
dominique.banks@hindustanuniv.ac.in,"$argon2id$v=19$m=19456,t=2,p=1$eArnrLW1/rRzVwcR87bxEw$2A/rMWXO2MalZdh5hd4gbWYexoYip6qPZDyC0jg96MM",Dominique Banks,student,t,7,2026-09-07 02:00:06.879652+00,2026-09-07 02:00:06.879652+00,2026,B.E. CSE
don.banner@hindustanuniv.ac.in,"$argon2id$v=19$m=19456,t=2,p=1$eArnrLW1/rRzVwcR87bxEw$2A/rMWXO2MalZdh5hd4gbWYexoYip6qPZDyC0jg96MM",Don Banner,student,t,7,2026-09-07 02:00:06.879652+00,2026-09-07 02:00:06.879652+00,2026,B.E. CSE
donald.banning@hindustanuniv.ac.in,"$argon2id$v=19$m=19456,t=2,p=1$eArnrLW1/rRzVwcR87bxEw$2A/rMWXO2MalZdh5hd4gbWYexoYip6qPZDyC0jg96MM",Donald Banning,student,t,7,2026-09-07 02:00:06.879652+00,2026-09-07 02:00:06.879652+00,2027,B.E. CSE
donna.barber@hindustanuniv.ac.in,"$argon2id$v=19$m=19456,t=2,p=1$eArnrLW1/rRzVwcR87bxEw$2A/rMWXO2MalZdh5hd4gbWYexoYip6qPZDyC0jg96MM",Donna Barber,student,t,7,2026-09-07 02:00:06.879652+00,2026-09-07 02:00:06.879652+00,2027,B.E. CSE
donnie.barbosa@hindustanuniv.ac.in,"$argon2id$v=19$m=19456,t=2,p=1$eArnrLW1/rRzVwcR87bxEw$2A/rMWXO2MalZdh5hd4gbWYexoYip6qPZDyC0jg96MM",Donnie Barbosa,student,t,7,2026-09-07 02:00:06.879652+00,2026-09-07 02:00:06.879652+00,2027,B.E. CSE
donovan.barclay@hindustanuniv.ac.in,"$argon2id$v=19$m=19456,t=2,p=1$eArnrLW1/rRzVwcR87bxEw$2A/rMWXO2MalZdh5hd4gbWYexoYip6qPZDyC0jg96MM",Donovan Barclay,student,t,7,2026-09-07 02:00:06.879652+00,2026-09-07 02:00:06.879652+00,2027,B.E. CSE
dora.bard@hindustanuniv.ac.in,"$argon2id$v=19$m=19456,t=2,p=1$eArnrLW1/rRzVwcR87bxEw$2A/rMWXO2MalZdh5hd4gbWYexoYip6qPZDyC0jg96MM",Dora Bard,student,t,7,2026-09-07 02:00:06.879652+00,2026-09-07 02:00:06.879652+00,2027,B.E. CSE
dorian.barden@hindustanuniv.ac.in,"$argon2id$v=19$m=19456,t=2,p=1$eArnrLW1/rRzVwcR87bxEw$2A/rMWXO2MalZdh5hd4gbWYexoYip6qPZDyC0jg96MM",Dorian Barden,student,t,7,2026-09-07 02:00:06.879652+00,2026-09-07 02:00:06.879652+00,2027,B.E. CSE
doris.barker@hindustanuniv.ac.in,"$argon2id$v=19$m=19456,t=2,p=1$eArnrLW1/rRzVwcR87bxEw$2A/rMWXO2MalZdh5hd4gbWYexoYip6qPZDyC0jg96MM",Doris Barker,student,t,7,2026-09-07 02:00:06.879652+00,2026-09-07 02:00:06.879652+00,2027,B.E. CSE
dorothy.barkley@hindustanuniv.ac.in,"$argon2id$v=19$m=19456,t=2,p=1$eArnrLW1/rRzVwcR87bxEw$2A/rMWXO2MalZdh5hd4gbWYexoYip6qPZDyC0jg96MM",Dorothy Barkley,student,t,7,2026-09-07 02:00:06.879652+00,2026-09-07 02:00:06.879652+00,2027,B.E. CSE
dorothea.barlow@hindustanuniv.ac.in,"$argon2id$v=19$m=19456,t=2,p=1$eArnrLW1/rRzVwcR87bxEw$2A/rMWXO2MalZdh5hd4gbWYexoYip6qPZDyC0jg96MM",Dorothea Barlow,student,t,7,2026-09-07 02:00:06.879652+00,2026-09-07 02:00:06.879652+00,2027,B.E. CSE
douglas.barnard@hindustanuniv.ac.in,"$argon2id$v=19$m=19456,t=2,p=1$eArnrLW1/rRzVwcR87bxEw$2A/rMWXO2MalZdh5hd4gbWYexoYip6qPZDyC0jg96MM",Douglas Barnard,student,t,7,2026-09-07 02:00:06.879652+00,2026-09-07 02:00:06.879652+00,2027,B.E. CSE
doyle.barnes@hindustanuniv.ac.in,"$argon2id$v=19$m=19456,t=2,p=1$eArnrLW1/rRzVwcR87bxEw$2A/rMWXO2MalZdh5hd4gbWYexoYip6qPZDyC0jg96MM",Doyle Barnes,student,t,7,2026-09-07 02:00:06.879652+00,2026-09-07 02:00:06.879652+00,2028,B.E. CSE
drake.barnett@hindustanuniv.ac.in,"$argon2id$v=19$m=19456,t=2,p=1$eArnrLW1/rRzVwcR87bxEw$2A/rMWXO2MalZdh5hd4gbWYexoYip6qPZDyC0jg96MM",Drake Barnett,student,t,7,2026-09-07 02:00:06.879652+00,2026-09-07 02:00:06.879652+00,2028,B.E. CSE
drew.barney@hindustanuniv.ac.in,"$argon2id$v=19$m=19456,t=2,p=1$eArnrLW1/rRzVwcR87bxEw$2A/rMWXO2MalZdh5hd4gbWYexoYip6qPZDyC0jg96MM",Drew Barney,student,t,7,2026-09-07 02:00:06.879652+00,2026-09-07 02:00:06.879652+00,2028,B.E. CSE
duane.barnhart@hindustanuniv.ac.in,"$argon2id$v=19$m=19456,t=2,p=1$eArnrLW1/rRzVwcR87bxEw$2A/rMWXO2MalZdh5hd4gbWYexoYip6qPZDyC0jg96MM",Duane Barnhart,student,t,7,2026-09-07 02:00:06.879652+00,2026-09-07 02:00:06.879652+00,2028,B.E. CSE
dudley.barr@hindustanuniv.ac.in,"$argon2id$v=19$m=19456,t=2,p=1$eArnrLW1/rRzVwcR87bxEw$2A/rMWXO2MalZdh5hd4gbWYexoYip6qPZDyC0jg96MM",Dudley Barr,student,t,7,2026-09-07 02:00:06.879652+00,2026-09-07 02:00:06.879652+00,2028,B.E. CSE
duke.barratt@hindustanuniv.ac.in,"$argon2id$v=19$m=19456,t=2,p=1$eArnrLW1/rRzVwcR87bxEw$2A/rMWXO2MalZdh5hd4gbWYexoYip6qPZDyC0jg96MM",Duke Barratt,student,t,7,2026-09-07 02:00:06.879652+00,2026-09-07 02:00:06.879652+00,2028,B.E. CSE
duncan.barrett@hindustanuniv.ac.in,"$argon2id$v=19$m=19456,t=2,p=1$eArnrLW1/rRzVwcR87bxEw$2A/rMWXO2MalZdh5hd4gbWYexoYip6qPZDyC0jg96MM",Duncan Barrett,student,t,7,2026-09-07 02:00:06.879652+00,2026-09-07 02:00:06.879652+00,2028,B.E. CSE
dustin.barrick@hindustanuniv.ac.in,"$argon2id$v=19$m=19456,t=2,p=1$eArnrLW1/rRzVwcR87bxEw$2A/rMWXO2MalZdh5hd4gbWYexoYip6qPZDyC0jg96MM",Dustin Barrick,student,t,7,2026-09-07 02:00:06.879652+00,2026-09-07 02:00:06.879652+00,2028,B.E. CSE
dusty.barron@hindustanuniv.ac.in,"$argon2id$v=19$m=19456,t=2,p=1$eArnrLW1/rRzVwcR87bxEw$2A/rMWXO2MalZdh5hd4gbWYexoYip6qPZDyC0jg96MM",Dusty Barron,student,t,7,2026-09-07 02:00:06.879652+00,2026-09-07 02:00:06.879652+00,2028,B.E. CSE
dwayne.barrow@hindustanuniv.ac.in,"$argon2id$v=19$m=19456,t=2,p=1$eArnrLW1/rRzVwcR87bxEw$2A/rMWXO2MalZdh5hd4gbWYexoYip6qPZDyC0jg96MM",Dwayne Barrow,student,t,7,2026-09-07 02:00:06.879652+00,2026-09-07 02:00:06.879652+00,2028,B.E. CSE
dwight.barry@hindustanuniv.ac.in,"$argon2id$v=19$m=19456,t=2,p=1$eArnrLW1/rRzVwcR87bxEw$2A/rMWXO2MalZdh5hd4gbWYexoYip6qPZDyC0jg96MM",Dwight Barry,student,t,7,2026-09-07 02:00:06.879652+00,2026-09-07 02:00:06.879652+00,2026,M.Tech. DS
dylan.bartholomew@hindustanuniv.ac.in,"$argon2id$v=19$m=19456,t=2,p=1$eArnrLW1/rRzVwcR87bxEw$2A/rMWXO2MalZdh5hd4gbWYexoYip6qPZDyC0jg96MM",Dylan Bartholomew,student,t,7,2026-09-07 02:00:06.879652+00,2026-09-07 02:00:06.879652+00,2026,M.Tech. DS
eamon.bartlett@hindustanuniv.ac.in,"$argon2id$v=19$m=19456,t=2,p=1$eArnrLW1/rRzVwcR87bxEw$2A/rMWXO2MalZdh5hd4gbWYexoYip6qPZDyC0jg96MM",Eamon Bartlett,student,t,7,2026-09-07 02:00:06.879652+00,2026-09-07 02:00:06.879652+00,2026,M.Tech. DS
earl.barton@hindustanuniv.ac.in,"$argon2id$v=19$m=19456,t=2,p=1$eArnrLW1/rRzVwcR87bxEw$2A/rMWXO2MalZdh5hd4gbWYexoYip6qPZDyC0jg96MM",Earl Barton,student,t,7,2026-09-07 02:00:06.879652+00,2026-09-07 02:00:06.879652+00,2026,M.Tech. DS
earle.basham@hindustanuniv.ac.in,"$argon2id$v=19$m=19456,t=2,p=1$eArnrLW1/rRzVwcR87bxEw$2A/rMWXO2MalZdh5hd4gbWYexoYip6qPZDyC0jg96MM",Earle Basham,student,t,7,2026-09-07 02:00:06.879652+00,2026-09-07 02:00:06.879652+00,2026,M.Tech. DS
earnest.bassett@hindustanuniv.ac.in,"$argon2id$v=19$m=19456,t=2,p=1$eArnrLW1/rRzVwcR87bxEw$2A/rMWXO2MalZdh5hd4gbWYexoYip6qPZDyC0jg96MM",Earnest Bassett,student,t,7,2026-09-07 02:00:06.879652+00,2026-09-07 02:00:06.879652+00,2026,M.Tech. DS
easton.bassinger@hindustanuniv.ac.in,"$argon2id$v=19$m=19456,t=2,p=1$eArnrLW1/rRzVwcR87bxEw$2A/rMWXO2MalZdh5hd4gbWYexoYip6qPZDyC0jg96MM",Easton Bassinger,student,t,7,2026-09-07 02:00:06.879652+00,2026-09-07 02:00:06.879652+00,2026,M.Tech. DS
ebony.bateman@hindustanuniv.ac.in,"$argon2id$v=19$m=19456,t=2,p=1$eArnrLW1/rRzVwcR87bxEw$2A/rMWXO2MalZdh5hd4gbWYexoYip6qPZDyC0jg96MM",Ebony Bateman,student,t,7,2026-09-07 02:00:06.879652+00,2026-09-07 02:00:06.879652+00,2026,M.Tech. DS
echo.bates@hindustanuniv.ac.in,"$argon2id$v=19$m=19456,t=2,p=1$eArnrLW1/rRzVwcR87bxEw$2A/rMWXO2MalZdh5hd4gbWYexoYip6qPZDyC0jg96MM",Echo Bates,student,t,7,2026-09-07 02:00:06.879652+00,2026-09-07 02:00:06.879652+00,2026,M.Tech. DS
ed.bathurst@hindustanuniv.ac.in,"$argon2id$v=19$m=19456,t=2,p=1$eArnrLW1/rRzVwcR87bxEw$2A/rMWXO2MalZdh5hd4gbWYexoYip6qPZDyC0jg96MM",Ed Bathurst,student,t,7,2026-09-07 02:00:06.879652+00,2026-09-07 02:00:06.879652+00,2026,M.Tech. DS
eddie.batson@hindustanuniv.ac.in,"$argon2id$v=19$m=19456,t=2,p=1$eArnrLW1/rRzVwcR87bxEw$2A/rMWXO2MalZdh5hd4gbWYexoYip6qPZDyC0jg96MM",Eddie Batson,student,t,7,2026-09-07 02:00:06.879652+00,2026-09-07 02:00:06.879652+00,2027,M.Tech. DS
eddy.battaglia@hindustanuniv.ac.in,"$argon2id$v=19$m=19456,t=2,p=1$eArnrLW1/rRzVwcR87bxEw$2A/rMWXO2MalZdh5hd4gbWYexoYip6qPZDyC0jg96MM",Eddy Battaglia,student,t,7,2026-09-07 02:00:06.879652+00,2026-09-07 02:00:06.879652+00,2027,M.Tech. DS
edgar.batten@hindustanuniv.ac.in,"$argon2id$v=19$m=19456,t=2,p=1$eArnrLW1/rRzVwcR87bxEw$2A/rMWXO2MalZdh5hd4gbWYexoYip6qPZDyC0jg96MM",Edgar Batten,student,t,7,2026-09-07 02:00:06.879652+00,2026-09-07 02:00:06.879652+00,2027,M.Tech. DS
edgardo.battles@hindustanuniv.ac.in,"$argon2id$v=19$m=19456,t=2,p=1$eArnrLW1/rRzVwcR87bxEw$2A/rMWXO2MalZdh5hd4gbWYexoYip6qPZDyC0jg96MM",Edgardo Battles,student,t,7,2026-09-07 02:00:06.879652+00,2026-09-07 02:00:06.879652+00,2027,M.Tech. DS
edison.bauer@hindustanuniv.ac.in,"$argon2id$v=19$m=19456,t=2,p=1$eArnrLW1/rRzVwcR87bxEw$2A/rMWXO2MalZdh5hd4gbWYexoYip6qPZDyC0jg96MM",Edison Bauer,student,t,7,2026-09-07 02:00:06.879652+00,2026-09-07 02:00:06.879652+00,2027,M.Tech. DS
edith.baughman@hindustanuniv.ac.in,"$argon2id$v=19$m=19456,t=2,p=1$eArnrLW1/rRzVwcR87bxEw$2A/rMWXO2MalZdh5hd4gbWYexoYip6qPZDyC0jg96MM",Edith Baughman,student,t,7,2026-09-07 02:00:06.879652+00,2026-09-07 02:00:06.879652+00,2027,M.Tech. DS
edmund.baum@hindustanuniv.ac.in,"$argon2id$v=19$m=19456,t=2,p=1$eArnrLW1/rRzVwcR87bxEw$2A/rMWXO2MalZdh5hd4gbWYexoYip6qPZDyC0jg96MM",Edmund Baum,student,t,7,2026-09-07 02:00:06.879652+00,2026-09-07 02:00:06.879652+00,2027,M.Tech. DS
eduardo.baumann@hindustanuniv.ac.in,"$argon2id$v=19$m=19456,t=2,p=1$eArnrLW1/rRzVwcR87bxEw$2A/rMWXO2MalZdh5hd4gbWYexoYip6qPZDyC0jg96MM",Eduardo Baumann,student,t,7,2026-09-07 02:00:06.879652+00,2026-09-07 02:00:06.879652+00,2027,M.Tech. DS
edward.baumgardner@hindustanuniv.ac.in,"$argon2id$v=19$m=19456,t=2,p=1$eArnrLW1/rRzVwcR87bxEw$2A/rMWXO2MalZdh5hd4gbWYexoYip6qPZDyC0jg96MM",Edward Baumgardner,student,t,7,2026-09-07 02:00:06.879652+00,2026-09-07 02:00:06.879652+00,2027,M.Tech. DS
edwin.baumgartner@hindustanuniv.ac.in,"$argon2id$v=19$m=19456,t=2,p=1$eArnrLW1/rRzVwcR87bxEw$2A/rMWXO2MalZdh5hd4gbWYexoYip6qPZDyC0jg96MM",Edwin Baumgartner,student,t,7,2026-09-07 02:00:06.879652+00,2026-09-07 02:00:06.879652+00,2027,M.Tech. DS
edwina.baxter@hindustanuniv.ac.in,"$argon2id$v=19$m=19456,t=2,p=1$eArnrLW1/rRzVwcR87bxEw$2A/rMWXO2MalZdh5hd4gbWYexoYip6qPZDyC0jg96MM",Edwina Baxter,student,t,7,2026-09-07 02:00:06.879652+00,2026-09-07 02:00:06.879652+00,2028,M.Tech. DS
effie.bayer@hindustanuniv.ac.in,"$argon2id$v=19$m=19456,t=2,p=1$eArnrLW1/rRzVwcR87bxEw$2A/rMWXO2MalZdh5hd4gbWYexoYip6qPZDyC0jg96MM",Effie Bayer,student,t,7,2026-09-07 02:00:06.879652+00,2026-09-07 02:00:06.879652+00,2028,M.Tech. DS
egan.baylor@hindustanuniv.ac.in,"$argon2id$v=19$m=19456,t=2,p=1$eArnrLW1/rRzVwcR87bxEw$2A/rMWXO2MalZdh5hd4gbWYexoYip6qPZDyC0jg96MM",Egan Baylor,student,t,7,2026-09-07 02:00:06.879652+00,2026-09-07 02:00:06.879652+00,2028,M.Tech. DS
eileen.beach@hindustanuniv.ac.in,"$argon2id$v=19$m=19456,t=2,p=1$eArnrLW1/rRzVwcR87bxEw$2A/rMWXO2MalZdh5hd4gbWYexoYip6qPZDyC0jg96MM",Eileen Beach,student,t,7,2026-09-07 02:00:06.879652+00,2026-09-07 02:00:06.879652+00,2028,M.Tech. DS
elaina.beal@hindustanuniv.ac.in,"$argon2id$v=19$m=19456,t=2,p=1$eArnrLW1/rRzVwcR87bxEw$2A/rMWXO2MalZdh5hd4gbWYexoYip6qPZDyC0jg96MM",Elaina Beal,student,t,7,2026-09-07 02:00:06.879652+00,2026-09-07 02:00:06.879652+00,2028,M.Tech. DS
elaine.beale@hindustanuniv.ac.in,"$argon2id$v=19$m=19456,t=2,p=1$eArnrLW1/rRzVwcR87bxEw$2A/rMWXO2MalZdh5hd4gbWYexoYip6qPZDyC0jg96MM",Elaine Beale,student,t,7,2026-09-07 02:00:06.879652+00,2026-09-07 02:00:06.879652+00,2028,M.Tech. DS
eldon.beall@hindustanuniv.ac.in,"$argon2id$v=19$m=19456,t=2,p=1$eArnrLW1/rRzVwcR87bxEw$2A/rMWXO2MalZdh5hd4gbWYexoYip6qPZDyC0jg96MM",Eldon Beall,student,t,7,2026-09-07 02:00:06.879652+00,2026-09-07 02:00:06.879652+00,2028,M.Tech. DS
eleanor.beals@hindustanuniv.ac.in,"$argon2id$v=19$m=19456,t=2,p=1$eArnrLW1/rRzVwcR87bxEw$2A/rMWXO2MalZdh5hd4gbWYexoYip6qPZDyC0jg96MM",Eleanor Beals,student,t,7,2026-09-07 02:00:06.879652+00,2026-09-07 02:00:06.879652+00,2028,M.Tech. DS
elena.beam@hindustanuniv.ac.in,"$argon2id$v=19$m=19456,t=2,p=1$eArnrLW1/rRzVwcR87bxEw$2A/rMWXO2MalZdh5hd4gbWYexoYip6qPZDyC0jg96MM",Elena Beam,student,t,7,2026-09-07 02:00:06.879652+00,2026-09-07 02:00:06.879652+00,2028,M.Tech. DS
eli.bean@hindustanuniv.ac.in,"$argon2id$v=19$m=19456,t=2,p=1$eArnrLW1/rRzVwcR87bxEw$2A/rMWXO2MalZdh5hd4gbWYexoYip6qPZDyC0jg96MM",Eli Bean,student,t,7,2026-09-07 02:00:06.879652+00,2026-09-07 02:00:06.879652+00,2028,M.Tech. DS
eliana.beard@hindustanuniv.ac.in,"$argon2id$v=19$m=19456,t=2,p=1$eArnrLW1/rRzVwcR87bxEw$2A/rMWXO2MalZdh5hd4gbWYexoYip6qPZDyC0jg96MM",Eliana Beard,student,t,7,2026-09-07 02:00:06.879652+00,2026-09-07 02:00:06.879652+00,2026,BBA
elias.beardsley@hindustanuniv.ac.in,"$argon2id$v=19$m=19456,t=2,p=1$eArnrLW1/rRzVwcR87bxEw$2A/rMWXO2MalZdh5hd4gbWYexoYip6qPZDyC0jg96MM",Elias Beardsley,student,t,7,2026-09-07 02:00:06.879652+00,2026-09-07 02:00:06.879652+00,2026,BBA
elijah.beasley@hindustanuniv.ac.in,"$argon2id$v=19$m=19456,t=2,p=1$eArnrLW1/rRzVwcR87bxEw$2A/rMWXO2MalZdh5hd4gbWYexoYip6qPZDyC0jg96MM",Elijah Beasley,student,t,7,2026-09-07 02:00:06.879652+00,2026-09-07 02:00:06.879652+00,2026,BBA
elinor.beattie@hindustanuniv.ac.in,"$argon2id$v=19$m=19456,t=2,p=1$eArnrLW1/rRzVwcR87bxEw$2A/rMWXO2MalZdh5hd4gbWYexoYip6qPZDyC0jg96MM",Elinor Beattie,student,t,7,2026-09-07 02:00:06.879652+00,2026-09-07 02:00:06.879652+00,2026,BBA
elisa.beatty@hindustanuniv.ac.in,"$argon2id$v=19$m=19456,t=2,p=1$eArnrLW1/rRzVwcR87bxEw$2A/rMWXO2MalZdh5hd4gbWYexoYip6qPZDyC0jg96MM",Elisa Beatty,student,t,7,2026-09-07 02:00:06.879652+00,2026-09-07 02:00:06.879652+00,2026,BBA
elisabeth.beauchamp@hindustanuniv.ac.in,"$argon2id$v=19$m=19456,t=2,p=1$eArnrLW1/rRzVwcR87bxEw$2A/rMWXO2MalZdh5hd4gbWYexoYip6qPZDyC0jg96MM",Elisabeth Beauchamp,student,t,7,2026-09-07 02:00:06.879652+00,2026-09-07 02:00:06.879652+00,2026,BBA
elise.beaudoin@hindustanuniv.ac.in,"$argon2id$v=19$m=19456,t=2,p=1$eArnrLW1/rRzVwcR87bxEw$2A/rMWXO2MalZdh5hd4gbWYexoYip6qPZDyC0jg96MM",Elise Beaudoin,student,t,7,2026-09-07 02:00:06.879652+00,2026-09-07 02:00:06.879652+00,2026,BBA
elisha.beaulieu@hindustanuniv.ac.in,"$argon2id$v=19$m=19456,t=2,p=1$eArnrLW1/rRzVwcR87bxEw$2A/rMWXO2MalZdh5hd4gbWYexoYip6qPZDyC0jg96MM",Elisha Beaulieu,student,t,7,2026-09-07 02:00:06.879652+00,2026-09-07 02:00:06.879652+00,2026,BBA
eliza.beaumont@hindustanuniv.ac.in,"$argon2id$v=19$m=19456,t=2,p=1$eArnrLW1/rRzVwcR87bxEw$2A/rMWXO2MalZdh5hd4gbWYexoYip6qPZDyC0jg96MM",Eliza Beaumont,student,t,7,2026-09-07 02:00:06.879652+00,2026-09-07 02:00:06.879652+00,2026,BBA
elizabeth.beaver@hindustanuniv.ac.in,"$argon2id$v=19$m=19456,t=2,p=1$eArnrLW1/rRzVwcR87bxEw$2A/rMWXO2MalZdh5hd4gbWYexoYip6qPZDyC0jg96MM",Elizabeth Beaver,student,t,7,2026-09-07 02:00:06.879652+00,2026-09-07 02:00:06.879652+00,2026,BBA
ella.beck@hindustanuniv.ac.in,"$argon2id$v=19$m=19456,t=2,p=1$eArnrLW1/rRzVwcR87bxEw$2A/rMWXO2MalZdh5hd4gbWYexoYip6qPZDyC0jg96MM",Ella Beck,student,t,7,2026-09-07 02:00:06.879652+00,2026-09-07 02:00:06.879652+00,2027,BBA
ellen.becker@hindustanuniv.ac.in,"$argon2id$v=19$m=19456,t=2,p=1$eArnrLW1/rRzVwcR87bxEw$2A/rMWXO2MalZdh5hd4gbWYexoYip6qPZDyC0jg96MM",Ellen Becker,student,t,7,2026-09-07 02:00:06.879652+00,2026-09-07 02:00:06.879652+00,2027,BBA
ellie.beckett@hindustanuniv.ac.in,"$argon2id$v=19$m=19456,t=2,p=1$eArnrLW1/rRzVwcR87bxEw$2A/rMWXO2MalZdh5hd4gbWYexoYip6qPZDyC0jg96MM",Ellie Beckett,student,t,7,2026-09-07 02:00:06.879652+00,2026-09-07 02:00:06.879652+00,2027,BBA
elliot.beckford@hindustanuniv.ac.in,"$argon2id$v=19$m=19456,t=2,p=1$eArnrLW1/rRzVwcR87bxEw$2A/rMWXO2MalZdh5hd4gbWYexoYip6qPZDyC0jg96MM",Elliot Beckford,student,t,7,2026-09-07 02:00:06.879652+00,2026-09-07 02:00:06.879652+00,2027,BBA
elliott.beckham@hindustanuniv.ac.in,"$argon2id$v=19$m=19456,t=2,p=1$eArnrLW1/rRzVwcR87bxEw$2A/rMWXO2MalZdh5hd4gbWYexoYip6qPZDyC0jg96MM",Elliott Beckham,student,t,7,2026-09-07 02:00:06.879652+00,2026-09-07 02:00:06.879652+00,2027,BBA
ellis.beckman@hindustanuniv.ac.in,"$argon2id$v=19$m=19456,t=2,p=1$eArnrLW1/rRzVwcR87bxEw$2A/rMWXO2MalZdh5hd4gbWYexoYip6qPZDyC0jg96MM",Ellis Beckman,student,t,7,2026-09-07 02:00:06.879652+00,2026-09-07 02:00:06.879652+00,2027,BBA
ellison.beckwith@hindustanuniv.ac.in,"$argon2id$v=19$m=19456,t=2,p=1$eArnrLW1/rRzVwcR87bxEw$2A/rMWXO2MalZdh5hd4gbWYexoYip6qPZDyC0jg96MM",Ellison Beckwith,student,t,7,2026-09-07 02:00:06.879652+00,2026-09-07 02:00:06.879652+00,2027,BBA
elmer.bedell@hindustanuniv.ac.in,"$argon2id$v=19$m=19456,t=2,p=1$eArnrLW1/rRzVwcR87bxEw$2A/rMWXO2MalZdh5hd4gbWYexoYip6qPZDyC0jg96MM",Elmer Bedell,student,t,7,2026-09-07 02:00:06.879652+00,2026-09-07 02:00:06.879652+00,2027,BBA
eloise.bedford@hindustanuniv.ac.in,"$argon2id$v=19$m=19456,t=2,p=1$eArnrLW1/rRzVwcR87bxEw$2A/rMWXO2MalZdh5hd4gbWYexoYip6qPZDyC0jg96MM",Eloise Bedford,student,t,7,2026-09-07 02:00:06.879652+00,2026-09-07 02:00:06.879652+00,2027,BBA
elora.beebe@hindustanuniv.ac.in,"$argon2id$v=19$m=19456,t=2,p=1$eArnrLW1/rRzVwcR87bxEw$2A/rMWXO2MalZdh5hd4gbWYexoYip6qPZDyC0jg96MM",Elora Beebe,student,t,7,2026-09-07 02:00:06.879652+00,2026-09-07 02:00:06.879652+00,2027,BBA
elsie.beeler@hindustanuniv.ac.in,"$argon2id$v=19$m=19456,t=2,p=1$eArnrLW1/rRzVwcR87bxEw$2A/rMWXO2MalZdh5hd4gbWYexoYip6qPZDyC0jg96MM",Elsie Beeler,student,t,7,2026-09-07 02:00:06.879652+00,2026-09-07 02:00:06.879652+00,2028,BBA
elton.beers@hindustanuniv.ac.in,"$argon2id$v=19$m=19456,t=2,p=1$eArnrLW1/rRzVwcR87bxEw$2A/rMWXO2MalZdh5hd4gbWYexoYip6qPZDyC0jg96MM",Elton Beers,student,t,7,2026-09-07 02:00:06.879652+00,2026-09-07 02:00:06.879652+00,2028,BBA
elva.begley@hindustanuniv.ac.in,"$argon2id$v=19$m=19456,t=2,p=1$eArnrLW1/rRzVwcR87bxEw$2A/rMWXO2MalZdh5hd4gbWYexoYip6qPZDyC0jg96MM",Elva Begley,student,t,7,2026-09-07 02:00:06.879652+00,2026-09-07 02:00:06.879652+00,2028,BBA
elvis.behrens@hindustanuniv.ac.in,"$argon2id$v=19$m=19456,t=2,p=1$eArnrLW1/rRzVwcR87bxEw$2A/rMWXO2MalZdh5hd4gbWYexoYip6qPZDyC0jg96MM",Elvis Behrens,student,t,7,2026-09-07 02:00:06.879652+00,2026-09-07 02:00:06.879652+00,2028,BBA
elwin.belanger@hindustanuniv.ac.in,"$argon2id$v=19$m=19456,t=2,p=1$eArnrLW1/rRzVwcR87bxEw$2A/rMWXO2MalZdh5hd4gbWYexoYip6qPZDyC0jg96MM",Elwin Belanger,student,t,7,2026-09-07 02:00:06.879652+00,2026-09-07 02:00:06.879652+00,2028,BBA
elyse.belcher@hindustanuniv.ac.in,"$argon2id$v=19$m=19456,t=2,p=1$eArnrLW1/rRzVwcR87bxEw$2A/rMWXO2MalZdh5hd4gbWYexoYip6qPZDyC0jg96MM",Elyse Belcher,student,t,7,2026-09-07 02:00:06.879652+00,2026-09-07 02:00:06.879652+00,2028,BBA
emanuel.belknap@hindustanuniv.ac.in,"$argon2id$v=19$m=19456,t=2,p=1$eArnrLW1/rRzVwcR87bxEw$2A/rMWXO2MalZdh5hd4gbWYexoYip6qPZDyC0jg96MM",Emanuel Belknap,student,t,7,2026-09-07 02:00:06.879652+00,2026-09-07 02:00:06.879652+00,2028,BBA
emerson.bell@hindustanuniv.ac.in,"$argon2id$v=19$m=19456,t=2,p=1$eArnrLW1/rRzVwcR87bxEw$2A/rMWXO2MalZdh5hd4gbWYexoYip6qPZDyC0jg96MM",Emerson Bell,student,t,7,2026-09-07 02:00:06.879652+00,2026-09-07 02:00:06.879652+00,2028,BBA
emery.bellamy@hindustanuniv.ac.in,"$argon2id$v=19$m=19456,t=2,p=1$eArnrLW1/rRzVwcR87bxEw$2A/rMWXO2MalZdh5hd4gbWYexoYip6qPZDyC0jg96MM",Emery Bellamy,student,t,7,2026-09-07 02:00:06.879652+00,2026-09-07 02:00:06.879652+00,2028,BBA
emil.bellew@hindustanuniv.ac.in,"$argon2id$v=19$m=19456,t=2,p=1$eArnrLW1/rRzVwcR87bxEw$2A/rMWXO2MalZdh5hd4gbWYexoYip6qPZDyC0jg96MM",Emil Bellew,student,t,7,2026-09-07 02:00:06.879652+00,2026-09-07 02:00:06.879652+00,2028,BBA
emilia.bellinger@srmist.edu.in,"$argon2id$v=19$m=19456,t=2,p=1$eArnrLW1/rRzVwcR87bxEw$2A/rMWXO2MalZdh5hd4gbWYexoYip6qPZDyC0jg96MM",Emilia Bellinger,faculty,t,8,2026-09-07 02:00:06.879652+00,2026-09-07 02:00:06.879652+00,,B.Sc. Biochem
emilie.belmont@srmist.edu.in,"$argon2id$v=19$m=19456,t=2,p=1$eArnrLW1/rRzVwcR87bxEw$2A/rMWXO2MalZdh5hd4gbWYexoYip6qPZDyC0jg96MM",Emilie Belmont,faculty,t,8,2026-09-07 02:00:06.879652+00,2026-09-07 02:00:06.879652+00,,M.Sc. Maths
emilio.beltran@srmist.edu.in,"$argon2id$v=19$m=19456,t=2,p=1$eArnrLW1/rRzVwcR87bxEw$2A/rMWXO2MalZdh5hd4gbWYexoYip6qPZDyC0jg96MM",Emilio Beltran,faculty,t,8,2026-09-07 02:00:06.879652+00,2026-09-07 02:00:06.879652+00,,B.E. CSE
emily.bement@srmist.edu.in,"$argon2id$v=19$m=19456,t=2,p=1$eArnrLW1/rRzVwcR87bxEw$2A/rMWXO2MalZdh5hd4gbWYexoYip6qPZDyC0jg96MM",Emily Bement,faculty,t,8,2026-09-07 02:00:06.879652+00,2026-09-07 02:00:06.879652+00,,M.Tech. DS
emma.bender@srmist.edu.in,"$argon2id$v=19$m=19456,t=2,p=1$eArnrLW1/rRzVwcR87bxEw$2A/rMWXO2MalZdh5hd4gbWYexoYip6qPZDyC0jg96MM",Emma Bender,faculty,t,8,2026-09-07 02:00:06.879652+00,2026-09-07 02:00:06.879652+00,,BBA
emmalee.benedict@srmist.edu.in,"$argon2id$v=19$m=19456,t=2,p=1$eArnrLW1/rRzVwcR87bxEw$2A/rMWXO2MalZdh5hd4gbWYexoYip6qPZDyC0jg96MM",Emmalee Benedict,student,t,8,2026-09-07 02:00:06.879652+00,2026-09-07 02:00:06.879652+00,2026,B.Sc. Biochem
emmaline.benfield@srmist.edu.in,"$argon2id$v=19$m=19456,t=2,p=1$eArnrLW1/rRzVwcR87bxEw$2A/rMWXO2MalZdh5hd4gbWYexoYip6qPZDyC0jg96MM",Emmaline Benfield,student,t,8,2026-09-07 02:00:06.879652+00,2026-09-07 02:00:06.879652+00,2026,B.Sc. Biochem
emmanuel.benitez@srmist.edu.in,"$argon2id$v=19$m=19456,t=2,p=1$eArnrLW1/rRzVwcR87bxEw$2A/rMWXO2MalZdh5hd4gbWYexoYip6qPZDyC0jg96MM",Emmanuel Benitez,student,t,8,2026-09-07 02:00:06.879652+00,2026-09-07 02:00:06.879652+00,2026,B.Sc. Biochem
emmett.benjamin@srmist.edu.in,"$argon2id$v=19$m=19456,t=2,p=1$eArnrLW1/rRzVwcR87bxEw$2A/rMWXO2MalZdh5hd4gbWYexoYip6qPZDyC0jg96MM",Emmett Benjamin,student,t,8,2026-09-07 02:00:06.879652+00,2026-09-07 02:00:06.879652+00,2026,B.Sc. Biochem
emmie.bennett@srmist.edu.in,"$argon2id$v=19$m=19456,t=2,p=1$eArnrLW1/rRzVwcR87bxEw$2A/rMWXO2MalZdh5hd4gbWYexoYip6qPZDyC0jg96MM",Emmie Bennett,student,t,8,2026-09-07 02:00:06.879652+00,2026-09-07 02:00:06.879652+00,2026,B.Sc. Biochem
emmy.bennion@srmist.edu.in,"$argon2id$v=19$m=19456,t=2,p=1$eArnrLW1/rRzVwcR87bxEw$2A/rMWXO2MalZdh5hd4gbWYexoYip6qPZDyC0jg96MM",Emmy Bennion,student,t,8,2026-09-07 02:00:06.879652+00,2026-09-07 02:00:06.879652+00,2026,B.Sc. Biochem
emory.benoit@srmist.edu.in,"$argon2id$v=19$m=19456,t=2,p=1$eArnrLW1/rRzVwcR87bxEw$2A/rMWXO2MalZdh5hd4gbWYexoYip6qPZDyC0jg96MM",Emory Benoit,student,t,8,2026-09-07 02:00:06.879652+00,2026-09-07 02:00:06.879652+00,2026,B.Sc. Biochem
enoch.benson@srmist.edu.in,"$argon2id$v=19$m=19456,t=2,p=1$eArnrLW1/rRzVwcR87bxEw$2A/rMWXO2MalZdh5hd4gbWYexoYip6qPZDyC0jg96MM",Enoch Benson,student,t,8,2026-09-07 02:00:06.879652+00,2026-09-07 02:00:06.879652+00,2026,B.Sc. Biochem
enrique.bentley@srmist.edu.in,"$argon2id$v=19$m=19456,t=2,p=1$eArnrLW1/rRzVwcR87bxEw$2A/rMWXO2MalZdh5hd4gbWYexoYip6qPZDyC0jg96MM",Enrique Bentley,student,t,8,2026-09-07 02:00:06.879652+00,2026-09-07 02:00:06.879652+00,2026,B.Sc. Biochem
eric.benton@srmist.edu.in,"$argon2id$v=19$m=19456,t=2,p=1$eArnrLW1/rRzVwcR87bxEw$2A/rMWXO2MalZdh5hd4gbWYexoYip6qPZDyC0jg96MM",Eric Benton,student,t,8,2026-09-07 02:00:06.879652+00,2026-09-07 02:00:06.879652+00,2026,B.Sc. Biochem
erica.berg@srmist.edu.in,"$argon2id$v=19$m=19456,t=2,p=1$eArnrLW1/rRzVwcR87bxEw$2A/rMWXO2MalZdh5hd4gbWYexoYip6qPZDyC0jg96MM",Erica Berg,student,t,8,2026-09-07 02:00:06.879652+00,2026-09-07 02:00:06.879652+00,2027,B.Sc. Biochem
erich.berger@srmist.edu.in,"$argon2id$v=19$m=19456,t=2,p=1$eArnrLW1/rRzVwcR87bxEw$2A/rMWXO2MalZdh5hd4gbWYexoYip6qPZDyC0jg96MM",Erich Berger,student,t,8,2026-09-07 02:00:06.879652+00,2026-09-07 02:00:06.879652+00,2027,B.Sc. Biochem
erick.bergeron@srmist.edu.in,"$argon2id$v=19$m=19456,t=2,p=1$eArnrLW1/rRzVwcR87bxEw$2A/rMWXO2MalZdh5hd4gbWYexoYip6qPZDyC0jg96MM",Erick Bergeron,student,t,8,2026-09-07 02:00:06.879652+00,2026-09-07 02:00:06.879652+00,2027,B.Sc. Biochem
erika.bergman@srmist.edu.in,"$argon2id$v=19$m=19456,t=2,p=1$eArnrLW1/rRzVwcR87bxEw$2A/rMWXO2MalZdh5hd4gbWYexoYip6qPZDyC0jg96MM",Erika Bergman,student,t,8,2026-09-07 02:00:06.879652+00,2026-09-07 02:00:06.879652+00,2027,B.Sc. Biochem
erin.berkeley@srmist.edu.in,"$argon2id$v=19$m=19456,t=2,p=1$eArnrLW1/rRzVwcR87bxEw$2A/rMWXO2MalZdh5hd4gbWYexoYip6qPZDyC0jg96MM",Erin Berkeley,student,t,8,2026-09-07 02:00:06.879652+00,2026-09-07 02:00:06.879652+00,2027,B.Sc. Biochem
erna.berman@srmist.edu.in,"$argon2id$v=19$m=19456,t=2,p=1$eArnrLW1/rRzVwcR87bxEw$2A/rMWXO2MalZdh5hd4gbWYexoYip6qPZDyC0jg96MM",Erna Berman,student,t,8,2026-09-07 02:00:06.879652+00,2026-09-07 02:00:06.879652+00,2027,B.Sc. Biochem
ernest.bernal@srmist.edu.in,"$argon2id$v=19$m=19456,t=2,p=1$eArnrLW1/rRzVwcR87bxEw$2A/rMWXO2MalZdh5hd4gbWYexoYip6qPZDyC0jg96MM",Ernest Bernal,student,t,8,2026-09-07 02:00:06.879652+00,2026-09-07 02:00:06.879652+00,2027,B.Sc. Biochem
ernestine.bernard@srmist.edu.in,"$argon2id$v=19$m=19456,t=2,p=1$eArnrLW1/rRzVwcR87bxEw$2A/rMWXO2MalZdh5hd4gbWYexoYip6qPZDyC0jg96MM",Ernestine Bernard,student,t,8,2026-09-07 02:00:06.879652+00,2026-09-07 02:00:06.879652+00,2027,B.Sc. Biochem
ernesto.berry@srmist.edu.in,"$argon2id$v=19$m=19456,t=2,p=1$eArnrLW1/rRzVwcR87bxEw$2A/rMWXO2MalZdh5hd4gbWYexoYip6qPZDyC0jg96MM",Ernesto Berry,student,t,8,2026-09-07 02:00:06.879652+00,2026-09-07 02:00:06.879652+00,2027,B.Sc. Biochem
ernie.berryman@srmist.edu.in,"$argon2id$v=19$m=19456,t=2,p=1$eArnrLW1/rRzVwcR87bxEw$2A/rMWXO2MalZdh5hd4gbWYexoYip6qPZDyC0jg96MM",Ernie Berryman,student,t,8,2026-09-07 02:00:06.879652+00,2026-09-07 02:00:06.879652+00,2027,B.Sc. Biochem
erwin.bertelsen@srmist.edu.in,"$argon2id$v=19$m=19456,t=2,p=1$eArnrLW1/rRzVwcR87bxEw$2A/rMWXO2MalZdh5hd4gbWYexoYip6qPZDyC0jg96MM",Erwin Bertelsen,student,t,8,2026-09-07 02:00:06.879652+00,2026-09-07 02:00:06.879652+00,2028,B.Sc. Biochem
esme.bertram@srmist.edu.in,"$argon2id$v=19$m=19456,t=2,p=1$eArnrLW1/rRzVwcR87bxEw$2A/rMWXO2MalZdh5hd4gbWYexoYip6qPZDyC0jg96MM",Esme Bertram,student,t,8,2026-09-07 02:00:06.879652+00,2026-09-07 02:00:06.879652+00,2028,B.Sc. Biochem
esmeralda.beshears@srmist.edu.in,"$argon2id$v=19$m=19456,t=2,p=1$eArnrLW1/rRzVwcR87bxEw$2A/rMWXO2MalZdh5hd4gbWYexoYip6qPZDyC0jg96MM",Esmeralda Beshears,student,t,8,2026-09-07 02:00:06.879652+00,2026-09-07 02:00:06.879652+00,2028,B.Sc. Biochem
esperanza.bessler@srmist.edu.in,"$argon2id$v=19$m=19456,t=2,p=1$eArnrLW1/rRzVwcR87bxEw$2A/rMWXO2MalZdh5hd4gbWYexoYip6qPZDyC0jg96MM",Esperanza Bessler,student,t,8,2026-09-07 02:00:06.879652+00,2026-09-07 02:00:06.879652+00,2028,B.Sc. Biochem
essie.best@srmist.edu.in,"$argon2id$v=19$m=19456,t=2,p=1$eArnrLW1/rRzVwcR87bxEw$2A/rMWXO2MalZdh5hd4gbWYexoYip6qPZDyC0jg96MM",Essie Best,student,t,8,2026-09-07 02:00:06.879652+00,2026-09-07 02:00:06.879652+00,2028,B.Sc. Biochem
esteban.bettencourt@srmist.edu.in,"$argon2id$v=19$m=19456,t=2,p=1$eArnrLW1/rRzVwcR87bxEw$2A/rMWXO2MalZdh5hd4gbWYexoYip6qPZDyC0jg96MM",Esteban Bettencourt,student,t,8,2026-09-07 02:00:06.879652+00,2026-09-07 02:00:06.879652+00,2028,B.Sc. Biochem
estelle.beverly@srmist.edu.in,"$argon2id$v=19$m=19456,t=2,p=1$eArnrLW1/rRzVwcR87bxEw$2A/rMWXO2MalZdh5hd4gbWYexoYip6qPZDyC0jg96MM",Estelle Beverly,student,t,8,2026-09-07 02:00:06.879652+00,2026-09-07 02:00:06.879652+00,2028,B.Sc. Biochem
ester.beyer@srmist.edu.in,"$argon2id$v=19$m=19456,t=2,p=1$eArnrLW1/rRzVwcR87bxEw$2A/rMWXO2MalZdh5hd4gbWYexoYip6qPZDyC0jg96MM",Ester Beyer,student,t,8,2026-09-07 02:00:06.879652+00,2026-09-07 02:00:06.879652+00,2028,B.Sc. Biochem
esther.bickford@srmist.edu.in,"$argon2id$v=19$m=19456,t=2,p=1$eArnrLW1/rRzVwcR87bxEw$2A/rMWXO2MalZdh5hd4gbWYexoYip6qPZDyC0jg96MM",Esther Bickford,student,t,8,2026-09-07 02:00:06.879652+00,2026-09-07 02:00:06.879652+00,2028,B.Sc. Biochem
ethan.biddle@srmist.edu.in,"$argon2id$v=19$m=19456,t=2,p=1$eArnrLW1/rRzVwcR87bxEw$2A/rMWXO2MalZdh5hd4gbWYexoYip6qPZDyC0jg96MM",Ethan Biddle,student,t,8,2026-09-07 02:00:06.879652+00,2026-09-07 02:00:06.879652+00,2028,B.Sc. Biochem
ethel.bieber@srmist.edu.in,"$argon2id$v=19$m=19456,t=2,p=1$eArnrLW1/rRzVwcR87bxEw$2A/rMWXO2MalZdh5hd4gbWYexoYip6qPZDyC0jg96MM",Ethel Bieber,student,t,8,2026-09-07 02:00:06.879652+00,2026-09-07 02:00:06.879652+00,2026,M.Sc. Maths
eugene.bigelow@srmist.edu.in,"$argon2id$v=19$m=19456,t=2,p=1$eArnrLW1/rRzVwcR87bxEw$2A/rMWXO2MalZdh5hd4gbWYexoYip6qPZDyC0jg96MM",Eugene Bigelow,student,t,8,2026-09-07 02:00:06.879652+00,2026-09-07 02:00:06.879652+00,2026,M.Sc. Maths
eugenia.biggs@srmist.edu.in,"$argon2id$v=19$m=19456,t=2,p=1$eArnrLW1/rRzVwcR87bxEw$2A/rMWXO2MalZdh5hd4gbWYexoYip6qPZDyC0jg96MM",Eugenia Biggs,student,t,8,2026-09-07 02:00:06.879652+00,2026-09-07 02:00:06.879652+00,2026,M.Sc. Maths
eula.billings@srmist.edu.in,"$argon2id$v=19$m=19456,t=2,p=1$eArnrLW1/rRzVwcR87bxEw$2A/rMWXO2MalZdh5hd4gbWYexoYip6qPZDyC0jg96MM",Eula Billings,student,t,8,2026-09-07 02:00:06.879652+00,2026-09-07 02:00:06.879652+00,2026,M.Sc. Maths
eulalia.billingsley@srmist.edu.in,"$argon2id$v=19$m=19456,t=2,p=1$eArnrLW1/rRzVwcR87bxEw$2A/rMWXO2MalZdh5hd4gbWYexoYip6qPZDyC0jg96MM",Eulalia Billingsley,student,t,8,2026-09-07 02:00:06.879652+00,2026-09-07 02:00:06.879652+00,2026,M.Sc. Maths
eunice.bingham@srmist.edu.in,"$argon2id$v=19$m=19456,t=2,p=1$eArnrLW1/rRzVwcR87bxEw$2A/rMWXO2MalZdh5hd4gbWYexoYip6qPZDyC0jg96MM",Eunice Bingham,student,t,8,2026-09-07 02:00:06.879652+00,2026-09-07 02:00:06.879652+00,2026,M.Sc. Maths
eva.birchard@srmist.edu.in,"$argon2id$v=19$m=19456,t=2,p=1$eArnrLW1/rRzVwcR87bxEw$2A/rMWXO2MalZdh5hd4gbWYexoYip6qPZDyC0jg96MM",Eva Birchard,student,t,8,2026-09-07 02:00:06.879652+00,2026-09-07 02:00:06.879652+00,2026,M.Sc. Maths
evan.bird@srmist.edu.in,"$argon2id$v=19$m=19456,t=2,p=1$eArnrLW1/rRzVwcR87bxEw$2A/rMWXO2MalZdh5hd4gbWYexoYip6qPZDyC0jg96MM",Evan Bird,student,t,8,2026-09-07 02:00:06.879652+00,2026-09-07 02:00:06.879652+00,2026,M.Sc. Maths
evangeline.birdsong@srmist.edu.in,"$argon2id$v=19$m=19456,t=2,p=1$eArnrLW1/rRzVwcR87bxEw$2A/rMWXO2MalZdh5hd4gbWYexoYip6qPZDyC0jg96MM",Evangeline Birdsong,student,t,8,2026-09-07 02:00:06.879652+00,2026-09-07 02:00:06.879652+00,2026,M.Sc. Maths
eve.birkhead@srmist.edu.in,"$argon2id$v=19$m=19456,t=2,p=1$eArnrLW1/rRzVwcR87bxEw$2A/rMWXO2MalZdh5hd4gbWYexoYip6qPZDyC0jg96MM",Eve Birkhead,student,t,8,2026-09-07 02:00:06.879652+00,2026-09-07 02:00:06.879652+00,2026,M.Sc. Maths
evelyn.birney@srmist.edu.in,"$argon2id$v=19$m=19456,t=2,p=1$eArnrLW1/rRzVwcR87bxEw$2A/rMWXO2MalZdh5hd4gbWYexoYip6qPZDyC0jg96MM",Evelyn Birney,student,t,8,2026-09-07 02:00:06.879652+00,2026-09-07 02:00:06.879652+00,2027,M.Sc. Maths
everett.bishop@srmist.edu.in,"$argon2id$v=19$m=19456,t=2,p=1$eArnrLW1/rRzVwcR87bxEw$2A/rMWXO2MalZdh5hd4gbWYexoYip6qPZDyC0jg96MM",Everett Bishop,student,t,8,2026-09-07 02:00:06.879652+00,2026-09-07 02:00:06.879652+00,2027,M.Sc. Maths
ewan.bisset@srmist.edu.in,"$argon2id$v=19$m=19456,t=2,p=1$eArnrLW1/rRzVwcR87bxEw$2A/rMWXO2MalZdh5hd4gbWYexoYip6qPZDyC0jg96MM",Ewan Bisset,student,t,8,2026-09-07 02:00:06.879652+00,2026-09-07 02:00:06.879652+00,2027,M.Sc. Maths
ezekiel.bivens@srmist.edu.in,"$argon2id$v=19$m=19456,t=2,p=1$eArnrLW1/rRzVwcR87bxEw$2A/rMWXO2MalZdh5hd4gbWYexoYip6qPZDyC0jg96MM",Ezekiel Bivens,student,t,8,2026-09-07 02:00:06.879652+00,2026-09-07 02:00:06.879652+00,2027,M.Sc. Maths
ezra.bixby@srmist.edu.in,"$argon2id$v=19$m=19456,t=2,p=1$eArnrLW1/rRzVwcR87bxEw$2A/rMWXO2MalZdh5hd4gbWYexoYip6qPZDyC0jg96MM",Ezra Bixby,student,t,8,2026-09-07 02:00:06.879652+00,2026-09-07 02:00:06.879652+00,2027,M.Sc. Maths
fabian.black@srmist.edu.in,"$argon2id$v=19$m=19456,t=2,p=1$eArnrLW1/rRzVwcR87bxEw$2A/rMWXO2MalZdh5hd4gbWYexoYip6qPZDyC0jg96MM",Fabian Black,student,t,8,2026-09-07 02:00:06.879652+00,2026-09-07 02:00:06.879652+00,2027,M.Sc. Maths
faith.blackburn@srmist.edu.in,"$argon2id$v=19$m=19456,t=2,p=1$eArnrLW1/rRzVwcR87bxEw$2A/rMWXO2MalZdh5hd4gbWYexoYip6qPZDyC0jg96MM",Faith Blackburn,student,t,8,2026-09-07 02:00:06.879652+00,2026-09-07 02:00:06.879652+00,2027,M.Sc. Maths
fallon.blackman@srmist.edu.in,"$argon2id$v=19$m=19456,t=2,p=1$eArnrLW1/rRzVwcR87bxEw$2A/rMWXO2MalZdh5hd4gbWYexoYip6qPZDyC0jg96MM",Fallon Blackman,student,t,8,2026-09-07 02:00:06.879652+00,2026-09-07 02:00:06.879652+00,2027,M.Sc. Maths
farley.blackmon@srmist.edu.in,"$argon2id$v=19$m=19456,t=2,p=1$eArnrLW1/rRzVwcR87bxEw$2A/rMWXO2MalZdh5hd4gbWYexoYip6qPZDyC0jg96MM",Farley Blackmon,student,t,8,2026-09-07 02:00:06.879652+00,2026-09-07 02:00:06.879652+00,2027,M.Sc. Maths
farrah.blackstone@srmist.edu.in,"$argon2id$v=19$m=19456,t=2,p=1$eArnrLW1/rRzVwcR87bxEw$2A/rMWXO2MalZdh5hd4gbWYexoYip6qPZDyC0jg96MM",Farrah Blackstone,student,t,8,2026-09-07 02:00:06.879652+00,2026-09-07 02:00:06.879652+00,2027,M.Sc. Maths
fatima.blackwood@srmist.edu.in,"$argon2id$v=19$m=19456,t=2,p=1$eArnrLW1/rRzVwcR87bxEw$2A/rMWXO2MalZdh5hd4gbWYexoYip6qPZDyC0jg96MM",Fatima Blackwood,student,t,8,2026-09-07 02:00:06.879652+00,2026-09-07 02:00:06.879652+00,2028,M.Sc. Maths
faye.blades@srmist.edu.in,"$argon2id$v=19$m=19456,t=2,p=1$eArnrLW1/rRzVwcR87bxEw$2A/rMWXO2MalZdh5hd4gbWYexoYip6qPZDyC0jg96MM",Faye Blades,student,t,8,2026-09-07 02:00:06.879652+00,2026-09-07 02:00:06.879652+00,2028,M.Sc. Maths
federica.blain@srmist.edu.in,"$argon2id$v=19$m=19456,t=2,p=1$eArnrLW1/rRzVwcR87bxEw$2A/rMWXO2MalZdh5hd4gbWYexoYip6qPZDyC0jg96MM",Federica Blain,student,t,8,2026-09-07 02:00:06.879652+00,2026-09-07 02:00:06.879652+00,2028,M.Sc. Maths
federico.blair@srmist.edu.in,"$argon2id$v=19$m=19456,t=2,p=1$eArnrLW1/rRzVwcR87bxEw$2A/rMWXO2MalZdh5hd4gbWYexoYip6qPZDyC0jg96MM",Federico Blair,student,t,8,2026-09-07 02:00:06.879652+00,2026-09-07 02:00:06.879652+00,2028,M.Sc. Maths
felicia.blaisdell@srmist.edu.in,"$argon2id$v=19$m=19456,t=2,p=1$eArnrLW1/rRzVwcR87bxEw$2A/rMWXO2MalZdh5hd4gbWYexoYip6qPZDyC0jg96MM",Felicia Blaisdell,student,t,8,2026-09-07 02:00:06.879652+00,2026-09-07 02:00:06.879652+00,2028,M.Sc. Maths
felicity.blake@srmist.edu.in,"$argon2id$v=19$m=19456,t=2,p=1$eArnrLW1/rRzVwcR87bxEw$2A/rMWXO2MalZdh5hd4gbWYexoYip6qPZDyC0jg96MM",Felicity Blake,student,t,8,2026-09-07 02:00:06.879652+00,2026-09-07 02:00:06.879652+00,2028,M.Sc. Maths
felipe.blakely@srmist.edu.in,"$argon2id$v=19$m=19456,t=2,p=1$eArnrLW1/rRzVwcR87bxEw$2A/rMWXO2MalZdh5hd4gbWYexoYip6qPZDyC0jg96MM",Felipe Blakely,student,t,8,2026-09-07 02:00:06.879652+00,2026-09-07 02:00:06.879652+00,2028,M.Sc. Maths
felix.blalock@srmist.edu.in,"$argon2id$v=19$m=19456,t=2,p=1$eArnrLW1/rRzVwcR87bxEw$2A/rMWXO2MalZdh5hd4gbWYexoYip6qPZDyC0jg96MM",Felix Blalock,student,t,8,2026-09-07 02:00:06.879652+00,2026-09-07 02:00:06.879652+00,2028,M.Sc. Maths
fernando.blanchard@srmist.edu.in,"$argon2id$v=19$m=19456,t=2,p=1$eArnrLW1/rRzVwcR87bxEw$2A/rMWXO2MalZdh5hd4gbWYexoYip6qPZDyC0jg96MM",Fernando Blanchard,student,t,8,2026-09-07 02:00:06.879652+00,2026-09-07 02:00:06.879652+00,2028,M.Sc. Maths
fidel.blanco@srmist.edu.in,"$argon2id$v=19$m=19456,t=2,p=1$eArnrLW1/rRzVwcR87bxEw$2A/rMWXO2MalZdh5hd4gbWYexoYip6qPZDyC0jg96MM",Fidel Blanco,student,t,8,2026-09-07 02:00:06.879652+00,2026-09-07 02:00:06.879652+00,2028,M.Sc. Maths
finbar.bland@srmist.edu.in,"$argon2id$v=19$m=19456,t=2,p=1$eArnrLW1/rRzVwcR87bxEw$2A/rMWXO2MalZdh5hd4gbWYexoYip6qPZDyC0jg96MM",Finbar Bland,student,t,8,2026-09-07 02:00:06.879652+00,2026-09-07 02:00:06.879652+00,2026,B.E. CSE
findlay.blank@srmist.edu.in,"$argon2id$v=19$m=19456,t=2,p=1$eArnrLW1/rRzVwcR87bxEw$2A/rMWXO2MalZdh5hd4gbWYexoYip6qPZDyC0jg96MM",Findlay Blank,student,t,8,2026-09-07 02:00:06.879652+00,2026-09-07 02:00:06.879652+00,2026,B.E. CSE
finley.blankenship@srmist.edu.in,"$argon2id$v=19$m=19456,t=2,p=1$eArnrLW1/rRzVwcR87bxEw$2A/rMWXO2MalZdh5hd4gbWYexoYip6qPZDyC0jg96MM",Finley Blankenship,student,t,8,2026-09-07 02:00:06.879652+00,2026-09-07 02:00:06.879652+00,2026,B.E. CSE
finn.blanton@srmist.edu.in,"$argon2id$v=19$m=19456,t=2,p=1$eArnrLW1/rRzVwcR87bxEw$2A/rMWXO2MalZdh5hd4gbWYexoYip6qPZDyC0jg96MM",Finn Blanton,student,t,8,2026-09-07 02:00:06.879652+00,2026-09-07 02:00:06.879652+00,2026,B.E. CSE
finnian.blaylock@srmist.edu.in,"$argon2id$v=19$m=19456,t=2,p=1$eArnrLW1/rRzVwcR87bxEw$2A/rMWXO2MalZdh5hd4gbWYexoYip6qPZDyC0jg96MM",Finnian Blaylock,student,t,8,2026-09-07 02:00:06.879652+00,2026-09-07 02:00:06.879652+00,2026,B.E. CSE
fiona.blevins@srmist.edu.in,"$argon2id$v=19$m=19456,t=2,p=1$eArnrLW1/rRzVwcR87bxEw$2A/rMWXO2MalZdh5hd4gbWYexoYip6qPZDyC0jg96MM",Fiona Blevins,student,t,8,2026-09-07 02:00:06.879652+00,2026-09-07 02:00:06.879652+00,2026,B.E. CSE
fletcher.bliss@srmist.edu.in,"$argon2id$v=19$m=19456,t=2,p=1$eArnrLW1/rRzVwcR87bxEw$2A/rMWXO2MalZdh5hd4gbWYexoYip6qPZDyC0jg96MM",Fletcher Bliss,student,t,8,2026-09-07 02:00:06.879652+00,2026-09-07 02:00:06.879652+00,2026,B.E. CSE
flora.blizzard@srmist.edu.in,"$argon2id$v=19$m=19456,t=2,p=1$eArnrLW1/rRzVwcR87bxEw$2A/rMWXO2MalZdh5hd4gbWYexoYip6qPZDyC0jg96MM",Flora Blizzard,student,t,8,2026-09-07 02:00:06.879652+00,2026-09-07 02:00:06.879652+00,2026,B.E. CSE
florence.blodgett@srmist.edu.in,"$argon2id$v=19$m=19456,t=2,p=1$eArnrLW1/rRzVwcR87bxEw$2A/rMWXO2MalZdh5hd4gbWYexoYip6qPZDyC0jg96MM",Florence Blodgett,student,t,8,2026-09-07 02:00:06.879652+00,2026-09-07 02:00:06.879652+00,2026,B.E. CSE
florian.bloom@srmist.edu.in,"$argon2id$v=19$m=19456,t=2,p=1$eArnrLW1/rRzVwcR87bxEw$2A/rMWXO2MalZdh5hd4gbWYexoYip6qPZDyC0jg96MM",Florian Bloom,student,t,8,2026-09-07 02:00:06.879652+00,2026-09-07 02:00:06.879652+00,2026,B.E. CSE
floyd.bloomberg@srmist.edu.in,"$argon2id$v=19$m=19456,t=2,p=1$eArnrLW1/rRzVwcR87bxEw$2A/rMWXO2MalZdh5hd4gbWYexoYip6qPZDyC0jg96MM",Floyd Bloomberg,student,t,8,2026-09-07 02:00:06.879652+00,2026-09-07 02:00:06.879652+00,2027,B.E. CSE
flynn.blossom@srmist.edu.in,"$argon2id$v=19$m=19456,t=2,p=1$eArnrLW1/rRzVwcR87bxEw$2A/rMWXO2MalZdh5hd4gbWYexoYip6qPZDyC0jg96MM",Flynn Blossom,student,t,8,2026-09-07 02:00:06.879652+00,2026-09-07 02:00:06.879652+00,2027,B.E. CSE
forest.blount@srmist.edu.in,"$argon2id$v=19$m=19456,t=2,p=1$eArnrLW1/rRzVwcR87bxEw$2A/rMWXO2MalZdh5hd4gbWYexoYip6qPZDyC0jg96MM",Forest Blount,student,t,8,2026-09-07 02:00:06.879652+00,2026-09-07 02:00:06.879652+00,2027,B.E. CSE
forrest.blue@srmist.edu.in,"$argon2id$v=19$m=19456,t=2,p=1$eArnrLW1/rRzVwcR87bxEw$2A/rMWXO2MalZdh5hd4gbWYexoYip6qPZDyC0jg96MM",Forrest Blue,student,t,8,2026-09-07 02:00:06.879652+00,2026-09-07 02:00:06.879652+00,2027,B.E. CSE
foster.blum@srmist.edu.in,"$argon2id$v=19$m=19456,t=2,p=1$eArnrLW1/rRzVwcR87bxEw$2A/rMWXO2MalZdh5hd4gbWYexoYip6qPZDyC0jg96MM",Foster Blum,student,t,8,2026-09-07 02:00:06.879652+00,2026-09-07 02:00:06.879652+00,2027,B.E. CSE
frances.blythe@srmist.edu.in,"$argon2id$v=19$m=19456,t=2,p=1$eArnrLW1/rRzVwcR87bxEw$2A/rMWXO2MalZdh5hd4gbWYexoYip6qPZDyC0jg96MM",Frances Blythe,student,t,8,2026-09-07 02:00:06.879652+00,2026-09-07 02:00:06.879652+00,2027,B.E. CSE
francesca.boardman@srmist.edu.in,"$argon2id$v=19$m=19456,t=2,p=1$eArnrLW1/rRzVwcR87bxEw$2A/rMWXO2MalZdh5hd4gbWYexoYip6qPZDyC0jg96MM",Francesca Boardman,student,t,8,2026-09-07 02:00:06.879652+00,2026-09-07 02:00:06.879652+00,2027,B.E. CSE
francesco.boatwright@srmist.edu.in,"$argon2id$v=19$m=19456,t=2,p=1$eArnrLW1/rRzVwcR87bxEw$2A/rMWXO2MalZdh5hd4gbWYexoYip6qPZDyC0jg96MM",Francesco Boatwright,student,t,8,2026-09-07 02:00:06.879652+00,2026-09-07 02:00:06.879652+00,2027,B.E. CSE
francis.bobo@srmist.edu.in,"$argon2id$v=19$m=19456,t=2,p=1$eArnrLW1/rRzVwcR87bxEw$2A/rMWXO2MalZdh5hd4gbWYexoYip6qPZDyC0jg96MM",Francis Bobo,student,t,8,2026-09-07 02:00:06.879652+00,2026-09-07 02:00:06.879652+00,2027,B.E. CSE
francisca.bock@srmist.edu.in,"$argon2id$v=19$m=19456,t=2,p=1$eArnrLW1/rRzVwcR87bxEw$2A/rMWXO2MalZdh5hd4gbWYexoYip6qPZDyC0jg96MM",Francisca Bock,student,t,8,2026-09-07 02:00:06.879652+00,2026-09-07 02:00:06.879652+00,2027,B.E. CSE
francisco.boehm@srmist.edu.in,"$argon2id$v=19$m=19456,t=2,p=1$eArnrLW1/rRzVwcR87bxEw$2A/rMWXO2MalZdh5hd4gbWYexoYip6qPZDyC0jg96MM",Francisco Boehm,student,t,8,2026-09-07 02:00:06.879652+00,2026-09-07 02:00:06.879652+00,2028,B.E. CSE
frank.bogan@srmist.edu.in,"$argon2id$v=19$m=19456,t=2,p=1$eArnrLW1/rRzVwcR87bxEw$2A/rMWXO2MalZdh5hd4gbWYexoYip6qPZDyC0jg96MM",Frank Bogan,student,t,8,2026-09-07 02:00:06.879652+00,2026-09-07 02:00:06.879652+00,2028,B.E. CSE
frankie.boggs@srmist.edu.in,"$argon2id$v=19$m=19456,t=2,p=1$eArnrLW1/rRzVwcR87bxEw$2A/rMWXO2MalZdh5hd4gbWYexoYip6qPZDyC0jg96MM",Frankie Boggs,student,t,8,2026-09-07 02:00:06.879652+00,2026-09-07 02:00:06.879652+00,2028,B.E. CSE
franklin.bogle@srmist.edu.in,"$argon2id$v=19$m=19456,t=2,p=1$eArnrLW1/rRzVwcR87bxEw$2A/rMWXO2MalZdh5hd4gbWYexoYip6qPZDyC0jg96MM",Franklin Bogle,student,t,8,2026-09-07 02:00:06.879652+00,2026-09-07 02:00:06.879652+00,2028,B.E. CSE
fred.bogue@srmist.edu.in,"$argon2id$v=19$m=19456,t=2,p=1$eArnrLW1/rRzVwcR87bxEw$2A/rMWXO2MalZdh5hd4gbWYexoYip6qPZDyC0jg96MM",Fred Bogue,student,t,8,2026-09-07 02:00:06.879652+00,2026-09-07 02:00:06.879652+00,2028,B.E. CSE
freddie.bohlmann@srmist.edu.in,"$argon2id$v=19$m=19456,t=2,p=1$eArnrLW1/rRzVwcR87bxEw$2A/rMWXO2MalZdh5hd4gbWYexoYip6qPZDyC0jg96MM",Freddie Bohlmann,student,t,8,2026-09-07 02:00:06.879652+00,2026-09-07 02:00:06.879652+00,2028,B.E. CSE
frederick.bohman@srmist.edu.in,"$argon2id$v=19$m=19456,t=2,p=1$eArnrLW1/rRzVwcR87bxEw$2A/rMWXO2MalZdh5hd4gbWYexoYip6qPZDyC0jg96MM",Frederick Bohman,student,t,8,2026-09-07 02:00:06.879652+00,2026-09-07 02:00:06.879652+00,2028,B.E. CSE
frederica.boland@srmist.edu.in,"$argon2id$v=19$m=19456,t=2,p=1$eArnrLW1/rRzVwcR87bxEw$2A/rMWXO2MalZdh5hd4gbWYexoYip6qPZDyC0jg96MM",Frederica Boland,student,t,8,2026-09-07 02:00:06.879652+00,2026-09-07 02:00:06.879652+00,2028,B.E. CSE
fredrick.bolden@srmist.edu.in,"$argon2id$v=19$m=19456,t=2,p=1$eArnrLW1/rRzVwcR87bxEw$2A/rMWXO2MalZdh5hd4gbWYexoYip6qPZDyC0jg96MM",Fredrick Bolden,student,t,8,2026-09-07 02:00:06.879652+00,2026-09-07 02:00:06.879652+00,2028,B.E. CSE
freja.boles@srmist.edu.in,"$argon2id$v=19$m=19456,t=2,p=1$eArnrLW1/rRzVwcR87bxEw$2A/rMWXO2MalZdh5hd4gbWYexoYip6qPZDyC0jg96MM",Freja Boles,student,t,8,2026-09-07 02:00:06.879652+00,2026-09-07 02:00:06.879652+00,2028,B.E. CSE
freya.bolin@srmist.edu.in,"$argon2id$v=19$m=19456,t=2,p=1$eArnrLW1/rRzVwcR87bxEw$2A/rMWXO2MalZdh5hd4gbWYexoYip6qPZDyC0jg96MM",Freya Bolin,student,t,8,2026-09-07 02:00:06.879652+00,2026-09-07 02:00:06.879652+00,2026,M.Tech. DS
fritz.boling@srmist.edu.in,"$argon2id$v=19$m=19456,t=2,p=1$eArnrLW1/rRzVwcR87bxEw$2A/rMWXO2MalZdh5hd4gbWYexoYip6qPZDyC0jg96MM",Fritz Boling,student,t,8,2026-09-07 02:00:06.879652+00,2026-09-07 02:00:06.879652+00,2026,M.Tech. DS
gabriel.bollinger@srmist.edu.in,"$argon2id$v=19$m=19456,t=2,p=1$eArnrLW1/rRzVwcR87bxEw$2A/rMWXO2MalZdh5hd4gbWYexoYip6qPZDyC0jg96MM",Gabriel Bollinger,student,t,8,2026-09-07 02:00:06.879652+00,2026-09-07 02:00:06.879652+00,2026,M.Tech. DS
gabriela.bolton@srmist.edu.in,"$argon2id$v=19$m=19456,t=2,p=1$eArnrLW1/rRzVwcR87bxEw$2A/rMWXO2MalZdh5hd4gbWYexoYip6qPZDyC0jg96MM",Gabriela Bolton,student,t,8,2026-09-07 02:00:06.879652+00,2026-09-07 02:00:06.879652+00,2026,M.Tech. DS
gabriella.bond@srmist.edu.in,"$argon2id$v=19$m=19456,t=2,p=1$eArnrLW1/rRzVwcR87bxEw$2A/rMWXO2MalZdh5hd4gbWYexoYip6qPZDyC0jg96MM",Gabriella Bond,student,t,8,2026-09-07 02:00:06.879652+00,2026-09-07 02:00:06.879652+00,2026,M.Tech. DS
gabrielle.bonds@srmist.edu.in,"$argon2id$v=19$m=19456,t=2,p=1$eArnrLW1/rRzVwcR87bxEw$2A/rMWXO2MalZdh5hd4gbWYexoYip6qPZDyC0jg96MM",Gabrielle Bonds,student,t,8,2026-09-07 02:00:06.879652+00,2026-09-07 02:00:06.879652+00,2026,M.Tech. DS
gael.bone@srmist.edu.in,"$argon2id$v=19$m=19456,t=2,p=1$eArnrLW1/rRzVwcR87bxEw$2A/rMWXO2MalZdh5hd4gbWYexoYip6qPZDyC0jg96MM",Gael Bone,student,t,8,2026-09-07 02:00:06.879652+00,2026-09-07 02:00:06.879652+00,2026,M.Tech. DS
gage.bonham@srmist.edu.in,"$argon2id$v=19$m=19456,t=2,p=1$eArnrLW1/rRzVwcR87bxEw$2A/rMWXO2MalZdh5hd4gbWYexoYip6qPZDyC0jg96MM",Gage Bonham,student,t,8,2026-09-07 02:00:06.879652+00,2026-09-07 02:00:06.879652+00,2026,M.Tech. DS
gale.boniface@srmist.edu.in,"$argon2id$v=19$m=19456,t=2,p=1$eArnrLW1/rRzVwcR87bxEw$2A/rMWXO2MalZdh5hd4gbWYexoYip6qPZDyC0jg96MM",Gale Boniface,student,t,8,2026-09-07 02:00:06.879652+00,2026-09-07 02:00:06.879652+00,2026,M.Tech. DS
galen.bonner@srmist.edu.in,"$argon2id$v=19$m=19456,t=2,p=1$eArnrLW1/rRzVwcR87bxEw$2A/rMWXO2MalZdh5hd4gbWYexoYip6qPZDyC0jg96MM",Galen Bonner,student,t,8,2026-09-07 02:00:06.879652+00,2026-09-07 02:00:06.879652+00,2026,M.Tech. DS
gannon.bonney@srmist.edu.in,"$argon2id$v=19$m=19456,t=2,p=1$eArnrLW1/rRzVwcR87bxEw$2A/rMWXO2MalZdh5hd4gbWYexoYip6qPZDyC0jg96MM",Gannon Bonney,student,t,8,2026-09-07 02:00:06.879652+00,2026-09-07 02:00:06.879652+00,2027,M.Tech. DS
gareth.bonsall@srmist.edu.in,"$argon2id$v=19$m=19456,t=2,p=1$eArnrLW1/rRzVwcR87bxEw$2A/rMWXO2MalZdh5hd4gbWYexoYip6qPZDyC0jg96MM",Gareth Bonsall,student,t,8,2026-09-07 02:00:06.879652+00,2026-09-07 02:00:06.879652+00,2027,M.Tech. DS
garrett.booker@srmist.edu.in,"$argon2id$v=19$m=19456,t=2,p=1$eArnrLW1/rRzVwcR87bxEw$2A/rMWXO2MalZdh5hd4gbWYexoYip6qPZDyC0jg96MM",Garrett Booker,student,t,8,2026-09-07 02:00:06.879652+00,2026-09-07 02:00:06.879652+00,2027,M.Tech. DS
garry.boone@srmist.edu.in,"$argon2id$v=19$m=19456,t=2,p=1$eArnrLW1/rRzVwcR87bxEw$2A/rMWXO2MalZdh5hd4gbWYexoYip6qPZDyC0jg96MM",Garry Boone,student,t,8,2026-09-07 02:00:06.879652+00,2026-09-07 02:00:06.879652+00,2027,M.Tech. DS
garth.booth@srmist.edu.in,"$argon2id$v=19$m=19456,t=2,p=1$eArnrLW1/rRzVwcR87bxEw$2A/rMWXO2MalZdh5hd4gbWYexoYip6qPZDyC0jg96MM",Garth Booth,student,t,8,2026-09-07 02:00:06.879652+00,2026-09-07 02:00:06.879652+00,2027,M.Tech. DS
gary.boothe@srmist.edu.in,"$argon2id$v=19$m=19456,t=2,p=1$eArnrLW1/rRzVwcR87bxEw$2A/rMWXO2MalZdh5hd4gbWYexoYip6qPZDyC0jg96MM",Gary Boothe,student,t,8,2026-09-07 02:00:06.879652+00,2026-09-07 02:00:06.879652+00,2027,M.Tech. DS
gavin.borden@srmist.edu.in,"$argon2id$v=19$m=19456,t=2,p=1$eArnrLW1/rRzVwcR87bxEw$2A/rMWXO2MalZdh5hd4gbWYexoYip6qPZDyC0jg96MM",Gavin Borden,student,t,8,2026-09-07 02:00:06.879652+00,2026-09-07 02:00:06.879652+00,2027,M.Tech. DS
gemma.borders@srmist.edu.in,"$argon2id$v=19$m=19456,t=2,p=1$eArnrLW1/rRzVwcR87bxEw$2A/rMWXO2MalZdh5hd4gbWYexoYip6qPZDyC0jg96MM",Gemma Borders,student,t,8,2026-09-07 02:00:06.879652+00,2026-09-07 02:00:06.879652+00,2027,M.Tech. DS
gene.boren@srmist.edu.in,"$argon2id$v=19$m=19456,t=2,p=1$eArnrLW1/rRzVwcR87bxEw$2A/rMWXO2MalZdh5hd4gbWYexoYip6qPZDyC0jg96MM",Gene Boren,student,t,8,2026-09-07 02:00:06.879652+00,2026-09-07 02:00:06.879652+00,2027,M.Tech. DS
general.borland@srmist.edu.in,"$argon2id$v=19$m=19456,t=2,p=1$eArnrLW1/rRzVwcR87bxEw$2A/rMWXO2MalZdh5hd4gbWYexoYip6qPZDyC0jg96MM",General Borland,student,t,8,2026-09-07 02:00:06.879652+00,2026-09-07 02:00:06.879652+00,2027,M.Tech. DS
geneva.borowski@srmist.edu.in,"$argon2id$v=19$m=19456,t=2,p=1$eArnrLW1/rRzVwcR87bxEw$2A/rMWXO2MalZdh5hd4gbWYexoYip6qPZDyC0jg96MM",Geneva Borowski,student,t,8,2026-09-07 02:00:06.879652+00,2026-09-07 02:00:06.879652+00,2028,M.Tech. DS
genevieve.bostick@srmist.edu.in,"$argon2id$v=19$m=19456,t=2,p=1$eArnrLW1/rRzVwcR87bxEw$2A/rMWXO2MalZdh5hd4gbWYexoYip6qPZDyC0jg96MM",Genevieve Bostick,student,t,8,2026-09-07 02:00:06.879652+00,2026-09-07 02:00:06.879652+00,2028,M.Tech. DS
geoffrey.boston@srmist.edu.in,"$argon2id$v=19$m=19456,t=2,p=1$eArnrLW1/rRzVwcR87bxEw$2A/rMWXO2MalZdh5hd4gbWYexoYip6qPZDyC0jg96MM",Geoffrey Boston,student,t,8,2026-09-07 02:00:06.879652+00,2026-09-07 02:00:06.879652+00,2028,M.Tech. DS
george.boswell@srmist.edu.in,"$argon2id$v=19$m=19456,t=2,p=1$eArnrLW1/rRzVwcR87bxEw$2A/rMWXO2MalZdh5hd4gbWYexoYip6qPZDyC0jg96MM",George Boswell,student,t,8,2026-09-07 02:00:06.879652+00,2026-09-07 02:00:06.879652+00,2028,M.Tech. DS
georgia.bosworth@srmist.edu.in,"$argon2id$v=19$m=19456,t=2,p=1$eArnrLW1/rRzVwcR87bxEw$2A/rMWXO2MalZdh5hd4gbWYexoYip6qPZDyC0jg96MM",Georgia Bosworth,student,t,8,2026-09-07 02:00:06.879652+00,2026-09-07 02:00:06.879652+00,2028,M.Tech. DS
georgina.bouchard@srmist.edu.in,"$argon2id$v=19$m=19456,t=2,p=1$eArnrLW1/rRzVwcR87bxEw$2A/rMWXO2MalZdh5hd4gbWYexoYip6qPZDyC0jg96MM",Georgina Bouchard,student,t,8,2026-09-07 02:00:06.879652+00,2026-09-07 02:00:06.879652+00,2028,M.Tech. DS
gerald.boucher@srmist.edu.in,"$argon2id$v=19$m=19456,t=2,p=1$eArnrLW1/rRzVwcR87bxEw$2A/rMWXO2MalZdh5hd4gbWYexoYip6qPZDyC0jg96MM",Gerald Boucher,student,t,8,2026-09-07 02:00:06.879652+00,2026-09-07 02:00:06.879652+00,2028,M.Tech. DS
geraldine.boudreaux@srmist.edu.in,"$argon2id$v=19$m=19456,t=2,p=1$eArnrLW1/rRzVwcR87bxEw$2A/rMWXO2MalZdh5hd4gbWYexoYip6qPZDyC0jg96MM",Geraldine Boudreaux,student,t,8,2026-09-07 02:00:06.879652+00,2026-09-07 02:00:06.879652+00,2028,M.Tech. DS
gerard.boulet@srmist.edu.in,"$argon2id$v=19$m=19456,t=2,p=1$eArnrLW1/rRzVwcR87bxEw$2A/rMWXO2MalZdh5hd4gbWYexoYip6qPZDyC0jg96MM",Gerard Boulet,student,t,8,2026-09-07 02:00:06.879652+00,2026-09-07 02:00:06.879652+00,2028,M.Tech. DS
gerardo.bourgeois@srmist.edu.in,"$argon2id$v=19$m=19456,t=2,p=1$eArnrLW1/rRzVwcR87bxEw$2A/rMWXO2MalZdh5hd4gbWYexoYip6qPZDyC0jg96MM",Gerardo Bourgeois,student,t,8,2026-09-07 02:00:06.879652+00,2026-09-07 02:00:06.879652+00,2028,M.Tech. DS
german.bourne@srmist.edu.in,"$argon2id$v=19$m=19456,t=2,p=1$eArnrLW1/rRzVwcR87bxEw$2A/rMWXO2MalZdh5hd4gbWYexoYip6qPZDyC0jg96MM",German Bourne,student,t,8,2026-09-07 02:00:06.879652+00,2026-09-07 02:00:06.879652+00,2026,BBA
gerry.boutwell@srmist.edu.in,"$argon2id$v=19$m=19456,t=2,p=1$eArnrLW1/rRzVwcR87bxEw$2A/rMWXO2MalZdh5hd4gbWYexoYip6qPZDyC0jg96MM",Gerry Boutwell,student,t,8,2026-09-07 02:00:06.879652+00,2026-09-07 02:00:06.879652+00,2026,BBA
gertrude.bovard@srmist.edu.in,"$argon2id$v=19$m=19456,t=2,p=1$eArnrLW1/rRzVwcR87bxEw$2A/rMWXO2MalZdh5hd4gbWYexoYip6qPZDyC0jg96MM",Gertrude Bovard,student,t,8,2026-09-07 02:00:06.879652+00,2026-09-07 02:00:06.879652+00,2026,BBA
gianna.bowen@srmist.edu.in,"$argon2id$v=19$m=19456,t=2,p=1$eArnrLW1/rRzVwcR87bxEw$2A/rMWXO2MalZdh5hd4gbWYexoYip6qPZDyC0jg96MM",Gianna Bowen,student,t,8,2026-09-07 02:00:06.879652+00,2026-09-07 02:00:06.879652+00,2026,BBA
gideon.bower@srmist.edu.in,"$argon2id$v=19$m=19456,t=2,p=1$eArnrLW1/rRzVwcR87bxEw$2A/rMWXO2MalZdh5hd4gbWYexoYip6qPZDyC0jg96MM",Gideon Bower,student,t,8,2026-09-07 02:00:06.879652+00,2026-09-07 02:00:06.879652+00,2026,BBA
gifford.bowers@srmist.edu.in,"$argon2id$v=19$m=19456,t=2,p=1$eArnrLW1/rRzVwcR87bxEw$2A/rMWXO2MalZdh5hd4gbWYexoYip6qPZDyC0jg96MM",Gifford Bowers,student,t,8,2026-09-07 02:00:06.879652+00,2026-09-07 02:00:06.879652+00,2026,BBA
gilbert.bowker@srmist.edu.in,"$argon2id$v=19$m=19456,t=2,p=1$eArnrLW1/rRzVwcR87bxEw$2A/rMWXO2MalZdh5hd4gbWYexoYip6qPZDyC0jg96MM",Gilbert Bowker,student,t,8,2026-09-07 02:00:06.879652+00,2026-09-07 02:00:06.879652+00,2026,BBA
gilberto.bowler@srmist.edu.in,"$argon2id$v=19$m=19456,t=2,p=1$eArnrLW1/rRzVwcR87bxEw$2A/rMWXO2MalZdh5hd4gbWYexoYip6qPZDyC0jg96MM",Gilberto Bowler,student,t,8,2026-09-07 02:00:06.879652+00,2026-09-07 02:00:06.879652+00,2026,BBA
gilda.bowles@srmist.edu.in,"$argon2id$v=19$m=19456,t=2,p=1$eArnrLW1/rRzVwcR87bxEw$2A/rMWXO2MalZdh5hd4gbWYexoYip6qPZDyC0jg96MM",Gilda Bowles,student,t,8,2026-09-07 02:00:06.879652+00,2026-09-07 02:00:06.879652+00,2026,BBA
giles.bowling@srmist.edu.in,"$argon2id$v=19$m=19456,t=2,p=1$eArnrLW1/rRzVwcR87bxEw$2A/rMWXO2MalZdh5hd4gbWYexoYip6qPZDyC0jg96MM",Giles Bowling,student,t,8,2026-09-07 02:00:06.879652+00,2026-09-07 02:00:06.879652+00,2026,BBA
gillian.bowman@srmist.edu.in,"$argon2id$v=19$m=19456,t=2,p=1$eArnrLW1/rRzVwcR87bxEw$2A/rMWXO2MalZdh5hd4gbWYexoYip6qPZDyC0jg96MM",Gillian Bowman,student,t,8,2026-09-07 02:00:06.879652+00,2026-09-07 02:00:06.879652+00,2027,BBA
gino.bowser@srmist.edu.in,"$argon2id$v=19$m=19456,t=2,p=1$eArnrLW1/rRzVwcR87bxEw$2A/rMWXO2MalZdh5hd4gbWYexoYip6qPZDyC0jg96MM",Gino Bowser,student,t,8,2026-09-07 02:00:06.879652+00,2026-09-07 02:00:06.879652+00,2027,BBA
giorgio.boyce@srmist.edu.in,"$argon2id$v=19$m=19456,t=2,p=1$eArnrLW1/rRzVwcR87bxEw$2A/rMWXO2MalZdh5hd4gbWYexoYip6qPZDyC0jg96MM",Giorgio Boyce,student,t,8,2026-09-07 02:00:06.879652+00,2026-09-07 02:00:06.879652+00,2027,BBA
giovanni.boyd@srmist.edu.in,"$argon2id$v=19$m=19456,t=2,p=1$eArnrLW1/rRzVwcR87bxEw$2A/rMWXO2MalZdh5hd4gbWYexoYip6qPZDyC0jg96MM",Giovanni Boyd,student,t,8,2026-09-07 02:00:06.879652+00,2026-09-07 02:00:06.879652+00,2027,BBA
giselle.boyer@srmist.edu.in,"$argon2id$v=19$m=19456,t=2,p=1$eArnrLW1/rRzVwcR87bxEw$2A/rMWXO2MalZdh5hd4gbWYexoYip6qPZDyC0jg96MM",Giselle Boyer,student,t,8,2026-09-07 02:00:06.879652+00,2026-09-07 02:00:06.879652+00,2027,BBA
gladys.boykin@srmist.edu.in,"$argon2id$v=19$m=19456,t=2,p=1$eArnrLW1/rRzVwcR87bxEw$2A/rMWXO2MalZdh5hd4gbWYexoYip6qPZDyC0jg96MM",Gladys Boykin,student,t,8,2026-09-07 02:00:06.879652+00,2026-09-07 02:00:06.879652+00,2027,BBA
glen.boylan@srmist.edu.in,"$argon2id$v=19$m=19456,t=2,p=1$eArnrLW1/rRzVwcR87bxEw$2A/rMWXO2MalZdh5hd4gbWYexoYip6qPZDyC0jg96MM",Glen Boylan,student,t,8,2026-09-07 02:00:06.879652+00,2026-09-07 02:00:06.879652+00,2027,BBA
glenda.boyle@srmist.edu.in,"$argon2id$v=19$m=19456,t=2,p=1$eArnrLW1/rRzVwcR87bxEw$2A/rMWXO2MalZdh5hd4gbWYexoYip6qPZDyC0jg96MM",Glenda Boyle,student,t,8,2026-09-07 02:00:06.879652+00,2026-09-07 02:00:06.879652+00,2027,BBA
glenn.boyles@srmist.edu.in,"$argon2id$v=19$m=19456,t=2,p=1$eArnrLW1/rRzVwcR87bxEw$2A/rMWXO2MalZdh5hd4gbWYexoYip6qPZDyC0jg96MM",Glenn Boyles,student,t,8,2026-09-07 02:00:06.879652+00,2026-09-07 02:00:06.879652+00,2027,BBA
gloria.boynton@srmist.edu.in,"$argon2id$v=19$m=19456,t=2,p=1$eArnrLW1/rRzVwcR87bxEw$2A/rMWXO2MalZdh5hd4gbWYexoYip6qPZDyC0jg96MM",Gloria Boynton,student,t,8,2026-09-07 02:00:06.879652+00,2026-09-07 02:00:06.879652+00,2027,BBA
gordon.bracken@srmist.edu.in,"$argon2id$v=19$m=19456,t=2,p=1$eArnrLW1/rRzVwcR87bxEw$2A/rMWXO2MalZdh5hd4gbWYexoYip6qPZDyC0jg96MM",Gordon Bracken,student,t,8,2026-09-07 02:00:06.879652+00,2026-09-07 02:00:06.879652+00,2028,BBA
grace.bradbury@srmist.edu.in,"$argon2id$v=19$m=19456,t=2,p=1$eArnrLW1/rRzVwcR87bxEw$2A/rMWXO2MalZdh5hd4gbWYexoYip6qPZDyC0jg96MM",Grace Bradbury,student,t,8,2026-09-07 02:00:06.879652+00,2026-09-07 02:00:06.879652+00,2028,BBA
gracie.bradford@srmist.edu.in,"$argon2id$v=19$m=19456,t=2,p=1$eArnrLW1/rRzVwcR87bxEw$2A/rMWXO2MalZdh5hd4gbWYexoYip6qPZDyC0jg96MM",Gracie Bradford,student,t,8,2026-09-07 02:00:06.879652+00,2026-09-07 02:00:06.879652+00,2028,BBA
graeme.bradley@srmist.edu.in,"$argon2id$v=19$m=19456,t=2,p=1$eArnrLW1/rRzVwcR87bxEw$2A/rMWXO2MalZdh5hd4gbWYexoYip6qPZDyC0jg96MM",Graeme Bradley,student,t,8,2026-09-07 02:00:06.879652+00,2026-09-07 02:00:06.879652+00,2028,BBA
graham.bradshaw@srmist.edu.in,"$argon2id$v=19$m=19456,t=2,p=1$eArnrLW1/rRzVwcR87bxEw$2A/rMWXO2MalZdh5hd4gbWYexoYip6qPZDyC0jg96MM",Graham Bradshaw,student,t,8,2026-09-07 02:00:06.879652+00,2026-09-07 02:00:06.879652+00,2028,BBA
grant.brady@srmist.edu.in,"$argon2id$v=19$m=19456,t=2,p=1$eArnrLW1/rRzVwcR87bxEw$2A/rMWXO2MalZdh5hd4gbWYexoYip6qPZDyC0jg96MM",Grant Brady,student,t,8,2026-09-07 02:00:06.879652+00,2026-09-07 02:00:06.879652+00,2028,BBA
grayson.bragg@srmist.edu.in,"$argon2id$v=19$m=19456,t=2,p=1$eArnrLW1/rRzVwcR87bxEw$2A/rMWXO2MalZdh5hd4gbWYexoYip6qPZDyC0jg96MM",Grayson Bragg,student,t,8,2026-09-07 02:00:06.879652+00,2026-09-07 02:00:06.879652+00,2028,BBA
greg.brainard@srmist.edu.in,"$argon2id$v=19$m=19456,t=2,p=1$eArnrLW1/rRzVwcR87bxEw$2A/rMWXO2MalZdh5hd4gbWYexoYip6qPZDyC0jg96MM",Greg Brainard,student,t,8,2026-09-07 02:00:06.879652+00,2026-09-07 02:00:06.879652+00,2028,BBA
gregg.bramble@srmist.edu.in,"$argon2id$v=19$m=19456,t=2,p=1$eArnrLW1/rRzVwcR87bxEw$2A/rMWXO2MalZdh5hd4gbWYexoYip6qPZDyC0jg96MM",Gregg Bramble,student,t,8,2026-09-07 02:00:06.879652+00,2026-09-07 02:00:06.879652+00,2028,BBA
gregory.bramlett@srmist.edu.in,"$argon2id$v=19$m=19456,t=2,p=1$eArnrLW1/rRzVwcR87bxEw$2A/rMWXO2MalZdh5hd4gbWYexoYip6qPZDyC0jg96MM",Gregory Bramlett,student,t,8,2026-09-07 02:00:06.879652+00,2026-09-07 02:00:06.879652+00,2028,BBA
greta.branch@cmi.ac.in,"$argon2id$v=19$m=19456,t=2,p=1$eArnrLW1/rRzVwcR87bxEw$2A/rMWXO2MalZdh5hd4gbWYexoYip6qPZDyC0jg96MM",Greta Branch,faculty,t,9,2026-09-07 02:00:06.879652+00,2026-09-07 02:00:06.879652+00,,B.Sc. Biochem
gretchen.brand@cmi.ac.in,"$argon2id$v=19$m=19456,t=2,p=1$eArnrLW1/rRzVwcR87bxEw$2A/rMWXO2MalZdh5hd4gbWYexoYip6qPZDyC0jg96MM",Gretchen Brand,faculty,t,9,2026-09-07 02:00:06.879652+00,2026-09-07 02:00:06.879652+00,,M.Sc. Maths
grey.brandeis@cmi.ac.in,"$argon2id$v=19$m=19456,t=2,p=1$eArnrLW1/rRzVwcR87bxEw$2A/rMWXO2MalZdh5hd4gbWYexoYip6qPZDyC0jg96MM",Grey Brandeis,faculty,t,9,2026-09-07 02:00:06.879652+00,2026-09-07 02:00:06.879652+00,,B.E. CSE
griffin.brandenberger@cmi.ac.in,"$argon2id$v=19$m=19456,t=2,p=1$eArnrLW1/rRzVwcR87bxEw$2A/rMWXO2MalZdh5hd4gbWYexoYip6qPZDyC0jg96MM",Griffin Brandenberger,faculty,t,9,2026-09-07 02:00:06.879652+00,2026-09-07 02:00:06.879652+00,,M.Tech. DS
grover.brandenburg@cmi.ac.in,"$argon2id$v=19$m=19456,t=2,p=1$eArnrLW1/rRzVwcR87bxEw$2A/rMWXO2MalZdh5hd4gbWYexoYip6qPZDyC0jg96MM",Grover Brandenburg,faculty,t,9,2026-09-07 02:00:06.879652+00,2026-09-07 02:00:06.879652+00,,BBA
guadalupe.brandon@cmi.ac.in,"$argon2id$v=19$m=19456,t=2,p=1$eArnrLW1/rRzVwcR87bxEw$2A/rMWXO2MalZdh5hd4gbWYexoYip6qPZDyC0jg96MM",Guadalupe Brandon,student,t,9,2026-09-07 02:00:06.879652+00,2026-09-07 02:00:06.879652+00,2026,B.Sc. Biochem
gunnar.brandt@cmi.ac.in,"$argon2id$v=19$m=19456,t=2,p=1$eArnrLW1/rRzVwcR87bxEw$2A/rMWXO2MalZdh5hd4gbWYexoYip6qPZDyC0jg96MM",Gunnar Brandt,student,t,9,2026-09-07 02:00:06.879652+00,2026-09-07 02:00:06.879652+00,2026,B.Sc. Biochem
gunther.branham@cmi.ac.in,"$argon2id$v=19$m=19456,t=2,p=1$eArnrLW1/rRzVwcR87bxEw$2A/rMWXO2MalZdh5hd4gbWYexoYip6qPZDyC0jg96MM",Gunther Branham,student,t,9,2026-09-07 02:00:06.879652+00,2026-09-07 02:00:06.879652+00,2026,B.Sc. Biochem
gus.brannon@cmi.ac.in,"$argon2id$v=19$m=19456,t=2,p=1$eArnrLW1/rRzVwcR87bxEw$2A/rMWXO2MalZdh5hd4gbWYexoYip6qPZDyC0jg96MM",Gus Brannon,student,t,9,2026-09-07 02:00:06.879652+00,2026-09-07 02:00:06.879652+00,2026,B.Sc. Biochem
gustavo.branson@cmi.ac.in,"$argon2id$v=19$m=19456,t=2,p=1$eArnrLW1/rRzVwcR87bxEw$2A/rMWXO2MalZdh5hd4gbWYexoYip6qPZDyC0jg96MM",Gustavo Branson,student,t,9,2026-09-07 02:00:06.879652+00,2026-09-07 02:00:06.879652+00,2026,B.Sc. Biochem
guy.brant@cmi.ac.in,"$argon2id$v=19$m=19456,t=2,p=1$eArnrLW1/rRzVwcR87bxEw$2A/rMWXO2MalZdh5hd4gbWYexoYip6qPZDyC0jg96MM",Guy Brant,student,t,9,2026-09-07 02:00:06.879652+00,2026-09-07 02:00:06.879652+00,2026,B.Sc. Biochem
gwen.brantley@cmi.ac.in,"$argon2id$v=19$m=19456,t=2,p=1$eArnrLW1/rRzVwcR87bxEw$2A/rMWXO2MalZdh5hd4gbWYexoYip6qPZDyC0jg96MM",Gwen Brantley,student,t,9,2026-09-07 02:00:06.879652+00,2026-09-07 02:00:06.879652+00,2026,B.Sc. Biochem
gwendolyn.brashear@cmi.ac.in,"$argon2id$v=19$m=19456,t=2,p=1$eArnrLW1/rRzVwcR87bxEw$2A/rMWXO2MalZdh5hd4gbWYexoYip6qPZDyC0jg96MM",Gwendolyn Brashear,student,t,9,2026-09-07 02:00:06.879652+00,2026-09-07 02:00:06.879652+00,2026,B.Sc. Biochem
gwyneth.brasher@cmi.ac.in,"$argon2id$v=19$m=19456,t=2,p=1$eArnrLW1/rRzVwcR87bxEw$2A/rMWXO2MalZdh5hd4gbWYexoYip6qPZDyC0jg96MM",Gwyneth Brasher,student,t,9,2026-09-07 02:00:06.879652+00,2026-09-07 02:00:06.879652+00,2026,B.Sc. Biochem
hadley.brass@cmi.ac.in,"$argon2id$v=19$m=19456,t=2,p=1$eArnrLW1/rRzVwcR87bxEw$2A/rMWXO2MalZdh5hd4gbWYexoYip6qPZDyC0jg96MM",Hadley Brass,student,t,9,2026-09-07 02:00:06.879652+00,2026-09-07 02:00:06.879652+00,2026,B.Sc. Biochem
hagen.braswell@cmi.ac.in,"$argon2id$v=19$m=19456,t=2,p=1$eArnrLW1/rRzVwcR87bxEw$2A/rMWXO2MalZdh5hd4gbWYexoYip6qPZDyC0jg96MM",Hagen Braswell,student,t,9,2026-09-07 02:00:06.879652+00,2026-09-07 02:00:06.879652+00,2027,B.Sc. Biochem
hailee.bratton@cmi.ac.in,"$argon2id$v=19$m=19456,t=2,p=1$eArnrLW1/rRzVwcR87bxEw$2A/rMWXO2MalZdh5hd4gbWYexoYip6qPZDyC0jg96MM",Hailee Bratton,student,t,9,2026-09-07 02:00:06.879652+00,2026-09-07 02:00:06.879652+00,2027,B.Sc. Biochem
hailey.braun@cmi.ac.in,"$argon2id$v=19$m=19456,t=2,p=1$eArnrLW1/rRzVwcR87bxEw$2A/rMWXO2MalZdh5hd4gbWYexoYip6qPZDyC0jg96MM",Hailey Braun,student,t,9,2026-09-07 02:00:06.879652+00,2026-09-07 02:00:06.879652+00,2027,B.Sc. Biochem
hakeem.bravo@cmi.ac.in,"$argon2id$v=19$m=19456,t=2,p=1$eArnrLW1/rRzVwcR87bxEw$2A/rMWXO2MalZdh5hd4gbWYexoYip6qPZDyC0jg96MM",Hakeem Bravo,student,t,9,2026-09-07 02:00:06.879652+00,2026-09-07 02:00:06.879652+00,2027,B.Sc. Biochem
hal.braxton@cmi.ac.in,"$argon2id$v=19$m=19456,t=2,p=1$eArnrLW1/rRzVwcR87bxEw$2A/rMWXO2MalZdh5hd4gbWYexoYip6qPZDyC0jg96MM",Hal Braxton,student,t,9,2026-09-07 02:00:06.879652+00,2026-09-07 02:00:06.879652+00,2027,B.Sc. Biochem
halee.bray@cmi.ac.in,"$argon2id$v=19$m=19456,t=2,p=1$eArnrLW1/rRzVwcR87bxEw$2A/rMWXO2MalZdh5hd4gbWYexoYip6qPZDyC0jg96MM",Halee Bray,student,t,9,2026-09-07 02:00:06.879652+00,2026-09-07 02:00:06.879652+00,2027,B.Sc. Biochem
haley.brazelton@cmi.ac.in,"$argon2id$v=19$m=19456,t=2,p=1$eArnrLW1/rRzVwcR87bxEw$2A/rMWXO2MalZdh5hd4gbWYexoYip6qPZDyC0jg96MM",Haley Brazelton,student,t,9,2026-09-07 02:00:06.879652+00,2026-09-07 02:00:06.879652+00,2027,B.Sc. Biochem
hali.breaux@cmi.ac.in,"$argon2id$v=19$m=19456,t=2,p=1$eArnrLW1/rRzVwcR87bxEw$2A/rMWXO2MalZdh5hd4gbWYexoYip6qPZDyC0jg96MM",Hali Breaux,student,t,9,2026-09-07 02:00:06.879652+00,2026-09-07 02:00:06.879652+00,2027,B.Sc. Biochem
hallie.breckenridge@cmi.ac.in,"$argon2id$v=19$m=19456,t=2,p=1$eArnrLW1/rRzVwcR87bxEw$2A/rMWXO2MalZdh5hd4gbWYexoYip6qPZDyC0jg96MM",Hallie Breckenridge,student,t,9,2026-09-07 02:00:06.879652+00,2026-09-07 02:00:06.879652+00,2027,B.Sc. Biochem
hamish.breckinridge@cmi.ac.in,"$argon2id$v=19$m=19456,t=2,p=1$eArnrLW1/rRzVwcR87bxEw$2A/rMWXO2MalZdh5hd4gbWYexoYip6qPZDyC0jg96MM",Hamish Breckinridge,student,t,9,2026-09-07 02:00:06.879652+00,2026-09-07 02:00:06.879652+00,2027,B.Sc. Biochem
hamilton.breed@cmi.ac.in,"$argon2id$v=19$m=19456,t=2,p=1$eArnrLW1/rRzVwcR87bxEw$2A/rMWXO2MalZdh5hd4gbWYexoYip6qPZDyC0jg96MM",Hamilton Breed,student,t,9,2026-09-07 02:00:06.879652+00,2026-09-07 02:00:06.879652+00,2028,B.Sc. Biochem
hank.breedlove@cmi.ac.in,"$argon2id$v=19$m=19456,t=2,p=1$eArnrLW1/rRzVwcR87bxEw$2A/rMWXO2MalZdh5hd4gbWYexoYip6qPZDyC0jg96MM",Hank Breedlove,student,t,9,2026-09-07 02:00:06.879652+00,2026-09-07 02:00:06.879652+00,2028,B.Sc. Biochem
hanna.breen@cmi.ac.in,"$argon2id$v=19$m=19456,t=2,p=1$eArnrLW1/rRzVwcR87bxEw$2A/rMWXO2MalZdh5hd4gbWYexoYip6qPZDyC0jg96MM",Hanna Breen,student,t,9,2026-09-07 02:00:06.879652+00,2026-09-07 02:00:06.879652+00,2028,B.Sc. Biochem
hannah.bremer@cmi.ac.in,"$argon2id$v=19$m=19456,t=2,p=1$eArnrLW1/rRzVwcR87bxEw$2A/rMWXO2MalZdh5hd4gbWYexoYip6qPZDyC0jg96MM",Hannah Bremer,student,t,9,2026-09-07 02:00:06.879652+00,2026-09-07 02:00:06.879652+00,2028,B.Sc. Biochem
hans.brennan@cmi.ac.in,"$argon2id$v=19$m=19456,t=2,p=1$eArnrLW1/rRzVwcR87bxEw$2A/rMWXO2MalZdh5hd4gbWYexoYip6qPZDyC0jg96MM",Hans Brennan,student,t,9,2026-09-07 02:00:06.879652+00,2026-09-07 02:00:06.879652+00,2028,B.Sc. Biochem
harlan.brenner@cmi.ac.in,"$argon2id$v=19$m=19456,t=2,p=1$eArnrLW1/rRzVwcR87bxEw$2A/rMWXO2MalZdh5hd4gbWYexoYip6qPZDyC0jg96MM",Harlan Brenner,student,t,9,2026-09-07 02:00:06.879652+00,2026-09-07 02:00:06.879652+00,2028,B.Sc. Biochem
harley.brent@cmi.ac.in,"$argon2id$v=19$m=19456,t=2,p=1$eArnrLW1/rRzVwcR87bxEw$2A/rMWXO2MalZdh5hd4gbWYexoYip6qPZDyC0jg96MM",Harley Brent,student,t,9,2026-09-07 02:00:06.879652+00,2026-09-07 02:00:06.879652+00,2028,B.Sc. Biochem
harlin.brenton@cmi.ac.in,"$argon2id$v=19$m=19456,t=2,p=1$eArnrLW1/rRzVwcR87bxEw$2A/rMWXO2MalZdh5hd4gbWYexoYip6qPZDyC0jg96MM",Harlin Brenton,student,t,9,2026-09-07 02:00:06.879652+00,2026-09-07 02:00:06.879652+00,2028,B.Sc. Biochem
harlow.brewer@cmi.ac.in,"$argon2id$v=19$m=19456,t=2,p=1$eArnrLW1/rRzVwcR87bxEw$2A/rMWXO2MalZdh5hd4gbWYexoYip6qPZDyC0jg96MM",Harlow Brewer,student,t,9,2026-09-07 02:00:06.879652+00,2026-09-07 02:00:06.879652+00,2028,B.Sc. Biochem
harold.brewster@cmi.ac.in,"$argon2id$v=19$m=19456,t=2,p=1$eArnrLW1/rRzVwcR87bxEw$2A/rMWXO2MalZdh5hd4gbWYexoYip6qPZDyC0jg96MM",Harold Brewster,student,t,9,2026-09-07 02:00:06.879652+00,2026-09-07 02:00:06.879652+00,2028,B.Sc. Biochem
harper.brian@cmi.ac.in,"$argon2id$v=19$m=19456,t=2,p=1$eArnrLW1/rRzVwcR87bxEw$2A/rMWXO2MalZdh5hd4gbWYexoYip6qPZDyC0jg96MM",Harper Brian,student,t,9,2026-09-07 02:00:06.879652+00,2026-09-07 02:00:06.879652+00,2026,M.Sc. Maths
harriet.brice@cmi.ac.in,"$argon2id$v=19$m=19456,t=2,p=1$eArnrLW1/rRzVwcR87bxEw$2A/rMWXO2MalZdh5hd4gbWYexoYip6qPZDyC0jg96MM",Harriet Brice,student,t,9,2026-09-07 02:00:06.879652+00,2026-09-07 02:00:06.879652+00,2026,M.Sc. Maths
harris.bridges@cmi.ac.in,"$argon2id$v=19$m=19456,t=2,p=1$eArnrLW1/rRzVwcR87bxEw$2A/rMWXO2MalZdh5hd4gbWYexoYip6qPZDyC0jg96MM",Harris Bridges,student,t,9,2026-09-07 02:00:06.879652+00,2026-09-07 02:00:06.879652+00,2026,M.Sc. Maths
harrison.bridgewater@cmi.ac.in,"$argon2id$v=19$m=19456,t=2,p=1$eArnrLW1/rRzVwcR87bxEw$2A/rMWXO2MalZdh5hd4gbWYexoYip6qPZDyC0jg96MM",Harrison Bridgewater,student,t,9,2026-09-07 02:00:06.879652+00,2026-09-07 02:00:06.879652+00,2026,M.Sc. Maths
harry.bridgman@cmi.ac.in,"$argon2id$v=19$m=19456,t=2,p=1$eArnrLW1/rRzVwcR87bxEw$2A/rMWXO2MalZdh5hd4gbWYexoYip6qPZDyC0jg96MM",Harry Bridgman,student,t,9,2026-09-07 02:00:06.879652+00,2026-09-07 02:00:06.879652+00,2026,M.Sc. Maths
hart.briggs@cmi.ac.in,"$argon2id$v=19$m=19456,t=2,p=1$eArnrLW1/rRzVwcR87bxEw$2A/rMWXO2MalZdh5hd4gbWYexoYip6qPZDyC0jg96MM",Hart Briggs,student,t,9,2026-09-07 02:00:06.879652+00,2026-09-07 02:00:06.879652+00,2026,M.Sc. Maths
harvey.brigham@cmi.ac.in,"$argon2id$v=19$m=19456,t=2,p=1$eArnrLW1/rRzVwcR87bxEw$2A/rMWXO2MalZdh5hd4gbWYexoYip6qPZDyC0jg96MM",Harvey Brigham,student,t,9,2026-09-07 02:00:06.879652+00,2026-09-07 02:00:06.879652+00,2026,M.Sc. Maths
haskell.bright@cmi.ac.in,"$argon2id$v=19$m=19456,t=2,p=1$eArnrLW1/rRzVwcR87bxEw$2A/rMWXO2MalZdh5hd4gbWYexoYip6qPZDyC0jg96MM",Haskell Bright,student,t,9,2026-09-07 02:00:06.879652+00,2026-09-07 02:00:06.879652+00,2026,M.Sc. Maths
hassan.brill@cmi.ac.in,"$argon2id$v=19$m=19456,t=2,p=1$eArnrLW1/rRzVwcR87bxEw$2A/rMWXO2MalZdh5hd4gbWYexoYip6qPZDyC0jg96MM",Hassan Brill,student,t,9,2026-09-07 02:00:06.879652+00,2026-09-07 02:00:06.879652+00,2026,M.Sc. Maths
hattie.brink@cmi.ac.in,"$argon2id$v=19$m=19456,t=2,p=1$eArnrLW1/rRzVwcR87bxEw$2A/rMWXO2MalZdh5hd4gbWYexoYip6qPZDyC0jg96MM",Hattie Brink,student,t,9,2026-09-07 02:00:06.879652+00,2026-09-07 02:00:06.879652+00,2026,M.Sc. Maths
haven.brinkley@cmi.ac.in,"$argon2id$v=19$m=19456,t=2,p=1$eArnrLW1/rRzVwcR87bxEw$2A/rMWXO2MalZdh5hd4gbWYexoYip6qPZDyC0jg96MM",Haven Brinkley,student,t,9,2026-09-07 02:00:06.879652+00,2026-09-07 02:00:06.879652+00,2027,M.Sc. Maths
hayden.brinkman@cmi.ac.in,"$argon2id$v=19$m=19456,t=2,p=1$eArnrLW1/rRzVwcR87bxEw$2A/rMWXO2MalZdh5hd4gbWYexoYip6qPZDyC0jg96MM",Hayden Brinkman,student,t,9,2026-09-07 02:00:06.879652+00,2026-09-07 02:00:06.879652+00,2027,M.Sc. Maths
hayes.briscoe@cmi.ac.in,"$argon2id$v=19$m=19456,t=2,p=1$eArnrLW1/rRzVwcR87bxEw$2A/rMWXO2MalZdh5hd4gbWYexoYip6qPZDyC0jg96MM",Hayes Briscoe,student,t,9,2026-09-07 02:00:06.879652+00,2026-09-07 02:00:06.879652+00,2027,M.Sc. Maths
hayley.bristol@cmi.ac.in,"$argon2id$v=19$m=19456,t=2,p=1$eArnrLW1/rRzVwcR87bxEw$2A/rMWXO2MalZdh5hd4gbWYexoYip6qPZDyC0jg96MM",Hayley Bristol,student,t,9,2026-09-07 02:00:06.879652+00,2026-09-07 02:00:06.879652+00,2027,M.Sc. Maths
hazel.britt@cmi.ac.in,"$argon2id$v=19$m=19456,t=2,p=1$eArnrLW1/rRzVwcR87bxEw$2A/rMWXO2MalZdh5hd4gbWYexoYip6qPZDyC0jg96MM",Hazel Britt,student,t,9,2026-09-07 02:00:06.879652+00,2026-09-07 02:00:06.879652+00,2027,M.Sc. Maths
heath.brittain@cmi.ac.in,"$argon2id$v=19$m=19456,t=2,p=1$eArnrLW1/rRzVwcR87bxEw$2A/rMWXO2MalZdh5hd4gbWYexoYip6qPZDyC0jg96MM",Heath Brittain,student,t,9,2026-09-07 02:00:06.879652+00,2026-09-07 02:00:06.879652+00,2027,M.Sc. Maths
heather.brittingham@cmi.ac.in,"$argon2id$v=19$m=19456,t=2,p=1$eArnrLW1/rRzVwcR87bxEw$2A/rMWXO2MalZdh5hd4gbWYexoYip6qPZDyC0jg96MM",Heather Brittingham,student,t,9,2026-09-07 02:00:06.879652+00,2026-09-07 02:00:06.879652+00,2027,M.Sc. Maths
hector.britton@cmi.ac.in,"$argon2id$v=19$m=19456,t=2,p=1$eArnrLW1/rRzVwcR87bxEw$2A/rMWXO2MalZdh5hd4gbWYexoYip6qPZDyC0jg96MM",Hector Britton,student,t,9,2026-09-07 02:00:06.879652+00,2026-09-07 02:00:06.879652+00,2027,M.Sc. Maths
heidi.broadbent@cmi.ac.in,"$argon2id$v=19$m=19456,t=2,p=1$eArnrLW1/rRzVwcR87bxEw$2A/rMWXO2MalZdh5hd4gbWYexoYip6qPZDyC0jg96MM",Heidi Broadbent,student,t,9,2026-09-07 02:00:06.879652+00,2026-09-07 02:00:06.879652+00,2027,M.Sc. Maths
helen.broadhurst@cmi.ac.in,"$argon2id$v=19$m=19456,t=2,p=1$eArnrLW1/rRzVwcR87bxEw$2A/rMWXO2MalZdh5hd4gbWYexoYip6qPZDyC0jg96MM",Helen Broadhurst,student,t,9,2026-09-07 02:00:06.879652+00,2026-09-07 02:00:06.879652+00,2027,M.Sc. Maths
helena.broadnax@cmi.ac.in,"$argon2id$v=19$m=19456,t=2,p=1$eArnrLW1/rRzVwcR87bxEw$2A/rMWXO2MalZdh5hd4gbWYexoYip6qPZDyC0jg96MM",Helena Broadnax,student,t,9,2026-09-07 02:00:06.879652+00,2026-09-07 02:00:06.879652+00,2028,M.Sc. Maths
helene.broaddus@cmi.ac.in,"$argon2id$v=19$m=19456,t=2,p=1$eArnrLW1/rRzVwcR87bxEw$2A/rMWXO2MalZdh5hd4gbWYexoYip6qPZDyC0jg96MM",Helene Broaddus,student,t,9,2026-09-07 02:00:06.879652+00,2026-09-07 02:00:06.879652+00,2028,M.Sc. Maths
helga.broadway@cmi.ac.in,"$argon2id$v=19$m=19456,t=2,p=1$eArnrLW1/rRzVwcR87bxEw$2A/rMWXO2MalZdh5hd4gbWYexoYip6qPZDyC0jg96MM",Helga Broadway,student,t,9,2026-09-07 02:00:06.879652+00,2026-09-07 02:00:06.879652+00,2028,M.Sc. Maths
henley.brocato@cmi.ac.in,"$argon2id$v=19$m=19456,t=2,p=1$eArnrLW1/rRzVwcR87bxEw$2A/rMWXO2MalZdh5hd4gbWYexoYip6qPZDyC0jg96MM",Henley Brocato,student,t,9,2026-09-07 02:00:06.879652+00,2026-09-07 02:00:06.879652+00,2028,M.Sc. Maths
henri.brock@cmi.ac.in,"$argon2id$v=19$m=19456,t=2,p=1$eArnrLW1/rRzVwcR87bxEw$2A/rMWXO2MalZdh5hd4gbWYexoYip6qPZDyC0jg96MM",Henri Brock,student,t,9,2026-09-07 02:00:06.879652+00,2026-09-07 02:00:06.879652+00,2028,M.Sc. Maths
henrik.brockman@cmi.ac.in,"$argon2id$v=19$m=19456,t=2,p=1$eArnrLW1/rRzVwcR87bxEw$2A/rMWXO2MalZdh5hd4gbWYexoYip6qPZDyC0jg96MM",Henrik Brockman,student,t,9,2026-09-07 02:00:06.879652+00,2026-09-07 02:00:06.879652+00,2028,M.Sc. Maths
henry.brockway@cmi.ac.in,"$argon2id$v=19$m=19456,t=2,p=1$eArnrLW1/rRzVwcR87bxEw$2A/rMWXO2MalZdh5hd4gbWYexoYip6qPZDyC0jg96MM",Henry Brockway,student,t,9,2026-09-07 02:00:06.879652+00,2026-09-07 02:00:06.879652+00,2028,M.Sc. Maths
herbert.broderick@cmi.ac.in,"$argon2id$v=19$m=19456,t=2,p=1$eArnrLW1/rRzVwcR87bxEw$2A/rMWXO2MalZdh5hd4gbWYexoYip6qPZDyC0jg96MM",Herbert Broderick,student,t,9,2026-09-07 02:00:06.879652+00,2026-09-07 02:00:06.879652+00,2028,M.Sc. Maths
herbie.brodsky@cmi.ac.in,"$argon2id$v=19$m=19456,t=2,p=1$eArnrLW1/rRzVwcR87bxEw$2A/rMWXO2MalZdh5hd4gbWYexoYip6qPZDyC0jg96MM",Herbie Brodsky,student,t,9,2026-09-07 02:00:06.879652+00,2026-09-07 02:00:06.879652+00,2028,M.Sc. Maths
herman.brody@cmi.ac.in,"$argon2id$v=19$m=19456,t=2,p=1$eArnrLW1/rRzVwcR87bxEw$2A/rMWXO2MalZdh5hd4gbWYexoYip6qPZDyC0jg96MM",Herman Brody,student,t,9,2026-09-07 02:00:06.879652+00,2026-09-07 02:00:06.879652+00,2028,M.Sc. Maths
herminia.brogan@cmi.ac.in,"$argon2id$v=19$m=19456,t=2,p=1$eArnrLW1/rRzVwcR87bxEw$2A/rMWXO2MalZdh5hd4gbWYexoYip6qPZDyC0jg96MM",Herminia Brogan,student,t,9,2026-09-07 02:00:06.879652+00,2026-09-07 02:00:06.879652+00,2026,B.E. CSE
herschel.bromley@cmi.ac.in,"$argon2id$v=19$m=19456,t=2,p=1$eArnrLW1/rRzVwcR87bxEw$2A/rMWXO2MalZdh5hd4gbWYexoYip6qPZDyC0jg96MM",Herschel Bromley,student,t,9,2026-09-07 02:00:06.879652+00,2026-09-07 02:00:06.879652+00,2026,B.E. CSE
hettie.bronson@cmi.ac.in,"$argon2id$v=19$m=19456,t=2,p=1$eArnrLW1/rRzVwcR87bxEw$2A/rMWXO2MalZdh5hd4gbWYexoYip6qPZDyC0jg96MM",Hettie Bronson,student,t,9,2026-09-07 02:00:06.879652+00,2026-09-07 02:00:06.879652+00,2026,B.E. CSE
hilary.brooke@cmi.ac.in,"$argon2id$v=19$m=19456,t=2,p=1$eArnrLW1/rRzVwcR87bxEw$2A/rMWXO2MalZdh5hd4gbWYexoYip6qPZDyC0jg96MM",Hilary Brooke,student,t,9,2026-09-07 02:00:06.879652+00,2026-09-07 02:00:06.879652+00,2026,B.E. CSE
hilda.brookins@cmi.ac.in,"$argon2id$v=19$m=19456,t=2,p=1$eArnrLW1/rRzVwcR87bxEw$2A/rMWXO2MalZdh5hd4gbWYexoYip6qPZDyC0jg96MM",Hilda Brookins,student,t,9,2026-09-07 02:00:06.879652+00,2026-09-07 02:00:06.879652+00,2026,B.E. CSE
hillary.brookman@cmi.ac.in,"$argon2id$v=19$m=19456,t=2,p=1$eArnrLW1/rRzVwcR87bxEw$2A/rMWXO2MalZdh5hd4gbWYexoYip6qPZDyC0jg96MM",Hillary Brookman,student,t,9,2026-09-07 02:00:06.879652+00,2026-09-07 02:00:06.879652+00,2026,B.E. CSE
holden.brooks@cmi.ac.in,"$argon2id$v=19$m=19456,t=2,p=1$eArnrLW1/rRzVwcR87bxEw$2A/rMWXO2MalZdh5hd4gbWYexoYip6qPZDyC0jg96MM",Holden Brooks,student,t,9,2026-09-07 02:00:06.879652+00,2026-09-07 02:00:06.879652+00,2026,B.E. CSE
hollie.broughton@cmi.ac.in,"$argon2id$v=19$m=19456,t=2,p=1$eArnrLW1/rRzVwcR87bxEw$2A/rMWXO2MalZdh5hd4gbWYexoYip6qPZDyC0jg96MM",Hollie Broughton,student,t,9,2026-09-07 02:00:06.879652+00,2026-09-07 02:00:06.879652+00,2026,B.E. CSE
hollis.broussard@cmi.ac.in,"$argon2id$v=19$m=19456,t=2,p=1$eArnrLW1/rRzVwcR87bxEw$2A/rMWXO2MalZdh5hd4gbWYexoYip6qPZDyC0jg96MM",Hollis Broussard,student,t,9,2026-09-07 02:00:06.879652+00,2026-09-07 02:00:06.879652+00,2026,B.E. CSE
holly.browder@cmi.ac.in,"$argon2id$v=19$m=19456,t=2,p=1$eArnrLW1/rRzVwcR87bxEw$2A/rMWXO2MalZdh5hd4gbWYexoYip6qPZDyC0jg96MM",Holly Browder,student,t,9,2026-09-07 02:00:06.879652+00,2026-09-07 02:00:06.879652+00,2026,B.E. CSE
homer.brower@cmi.ac.in,"$argon2id$v=19$m=19456,t=2,p=1$eArnrLW1/rRzVwcR87bxEw$2A/rMWXO2MalZdh5hd4gbWYexoYip6qPZDyC0jg96MM",Homer Brower,student,t,9,2026-09-07 02:00:06.879652+00,2026-09-07 02:00:06.879652+00,2027,B.E. CSE
hope.brown@cmi.ac.in,"$argon2id$v=19$m=19456,t=2,p=1$eArnrLW1/rRzVwcR87bxEw$2A/rMWXO2MalZdh5hd4gbWYexoYip6qPZDyC0jg96MM",Hope Brown,student,t,9,2026-09-07 02:00:06.879652+00,2026-09-07 02:00:06.879652+00,2027,B.E. CSE
horace.browne@cmi.ac.in,"$argon2id$v=19$m=19456,t=2,p=1$eArnrLW1/rRzVwcR87bxEw$2A/rMWXO2MalZdh5hd4gbWYexoYip6qPZDyC0jg96MM",Horace Browne,student,t,9,2026-09-07 02:00:06.879652+00,2026-09-07 02:00:06.879652+00,2027,B.E. CSE
horatio.browning@cmi.ac.in,"$argon2id$v=19$m=19456,t=2,p=1$eArnrLW1/rRzVwcR87bxEw$2A/rMWXO2MalZdh5hd4gbWYexoYip6qPZDyC0jg96MM",Horatio Browning,student,t,9,2026-09-07 02:00:06.879652+00,2026-09-07 02:00:06.879652+00,2027,B.E. CSE
houston.brownlee@cmi.ac.in,"$argon2id$v=19$m=19456,t=2,p=1$eArnrLW1/rRzVwcR87bxEw$2A/rMWXO2MalZdh5hd4gbWYexoYip6qPZDyC0jg96MM",Houston Brownlee,student,t,9,2026-09-07 02:00:06.879652+00,2026-09-07 02:00:06.879652+00,2027,B.E. CSE
howard.broyles@cmi.ac.in,"$argon2id$v=19$m=19456,t=2,p=1$eArnrLW1/rRzVwcR87bxEw$2A/rMWXO2MalZdh5hd4gbWYexoYip6qPZDyC0jg96MM",Howard Broyles,student,t,9,2026-09-07 02:00:06.879652+00,2026-09-07 02:00:06.879652+00,2027,B.E. CSE
hoyt.brubaker@cmi.ac.in,"$argon2id$v=19$m=19456,t=2,p=1$eArnrLW1/rRzVwcR87bxEw$2A/rMWXO2MalZdh5hd4gbWYexoYip6qPZDyC0jg96MM",Hoyt Brubaker,student,t,9,2026-09-07 02:00:06.879652+00,2026-09-07 02:00:06.879652+00,2027,B.E. CSE
hubert.bruce@cmi.ac.in,"$argon2id$v=19$m=19456,t=2,p=1$eArnrLW1/rRzVwcR87bxEw$2A/rMWXO2MalZdh5hd4gbWYexoYip6qPZDyC0jg96MM",Hubert Bruce,student,t,9,2026-09-07 02:00:06.879652+00,2026-09-07 02:00:06.879652+00,2027,B.E. CSE
hudson.bruckner@cmi.ac.in,"$argon2id$v=19$m=19456,t=2,p=1$eArnrLW1/rRzVwcR87bxEw$2A/rMWXO2MalZdh5hd4gbWYexoYip6qPZDyC0jg96MM",Hudson Bruckner,student,t,9,2026-09-07 02:00:06.879652+00,2026-09-07 02:00:06.879652+00,2027,B.E. CSE
hugh.bruen@cmi.ac.in,"$argon2id$v=19$m=19456,t=2,p=1$eArnrLW1/rRzVwcR87bxEw$2A/rMWXO2MalZdh5hd4gbWYexoYip6qPZDyC0jg96MM",Hugh Bruen,student,t,9,2026-09-07 02:00:06.879652+00,2026-09-07 02:00:06.879652+00,2027,B.E. CSE
hugo.bruhn@cmi.ac.in,"$argon2id$v=19$m=19456,t=2,p=1$eArnrLW1/rRzVwcR87bxEw$2A/rMWXO2MalZdh5hd4gbWYexoYip6qPZDyC0jg96MM",Hugo Bruhn,student,t,9,2026-09-07 02:00:06.879652+00,2026-09-07 02:00:06.879652+00,2028,B.E. CSE
humberto.brumfield@cmi.ac.in,"$argon2id$v=19$m=19456,t=2,p=1$eArnrLW1/rRzVwcR87bxEw$2A/rMWXO2MalZdh5hd4gbWYexoYip6qPZDyC0jg96MM",Humberto Brumfield,student,t,9,2026-09-07 02:00:06.879652+00,2026-09-07 02:00:06.879652+00,2028,B.E. CSE
hunter.brumley@cmi.ac.in,"$argon2id$v=19$m=19456,t=2,p=1$eArnrLW1/rRzVwcR87bxEw$2A/rMWXO2MalZdh5hd4gbWYexoYip6qPZDyC0jg96MM",Hunter Brumley,student,t,9,2026-09-07 02:00:06.879652+00,2026-09-07 02:00:06.879652+00,2028,B.E. CSE
huxley.brunelle@cmi.ac.in,"$argon2id$v=19$m=19456,t=2,p=1$eArnrLW1/rRzVwcR87bxEw$2A/rMWXO2MalZdh5hd4gbWYexoYip6qPZDyC0jg96MM",Huxley Brunelle,student,t,9,2026-09-07 02:00:06.879652+00,2026-09-07 02:00:06.879652+00,2028,B.E. CSE
ian.bruner@cmi.ac.in,"$argon2id$v=19$m=19456,t=2,p=1$eArnrLW1/rRzVwcR87bxEw$2A/rMWXO2MalZdh5hd4gbWYexoYip6qPZDyC0jg96MM",Ian Bruner,student,t,9,2026-09-07 02:00:06.879652+00,2026-09-07 02:00:06.879652+00,2028,B.E. CSE
ida.brunet@cmi.ac.in,"$argon2id$v=19$m=19456,t=2,p=1$eArnrLW1/rRzVwcR87bxEw$2A/rMWXO2MalZdh5hd4gbWYexoYip6qPZDyC0jg96MM",Ida Brunet,student,t,9,2026-09-07 02:00:06.879652+00,2026-09-07 02:00:06.879652+00,2028,B.E. CSE
ignacio.bruno@cmi.ac.in,"$argon2id$v=19$m=19456,t=2,p=1$eArnrLW1/rRzVwcR87bxEw$2A/rMWXO2MalZdh5hd4gbWYexoYip6qPZDyC0jg96MM",Ignacio Bruno,student,t,9,2026-09-07 02:00:06.879652+00,2026-09-07 02:00:06.879652+00,2028,B.E. CSE
igor.brunson@cmi.ac.in,"$argon2id$v=19$m=19456,t=2,p=1$eArnrLW1/rRzVwcR87bxEw$2A/rMWXO2MalZdh5hd4gbWYexoYip6qPZDyC0jg96MM",Igor Brunson,student,t,9,2026-09-07 02:00:06.879652+00,2026-09-07 02:00:06.879652+00,2028,B.E. CSE
ike.bruton@cmi.ac.in,"$argon2id$v=19$m=19456,t=2,p=1$eArnrLW1/rRzVwcR87bxEw$2A/rMWXO2MalZdh5hd4gbWYexoYip6qPZDyC0jg96MM",Ike Bruton,student,t,9,2026-09-07 02:00:06.879652+00,2026-09-07 02:00:06.879652+00,2028,B.E. CSE
ila.bryan@cmi.ac.in,"$argon2id$v=19$m=19456,t=2,p=1$eArnrLW1/rRzVwcR87bxEw$2A/rMWXO2MalZdh5hd4gbWYexoYip6qPZDyC0jg96MM",Ila Bryan,student,t,9,2026-09-07 02:00:06.879652+00,2026-09-07 02:00:06.879652+00,2028,B.E. CSE
ilene.bryant@cmi.ac.in,"$argon2id$v=19$m=19456,t=2,p=1$eArnrLW1/rRzVwcR87bxEw$2A/rMWXO2MalZdh5hd4gbWYexoYip6qPZDyC0jg96MM",Ilene Bryant,student,t,9,2026-09-07 02:00:06.879652+00,2026-09-07 02:00:06.879652+00,2026,M.Tech. DS
iliana.bryce@cmi.ac.in,"$argon2id$v=19$m=19456,t=2,p=1$eArnrLW1/rRzVwcR87bxEw$2A/rMWXO2MalZdh5hd4gbWYexoYip6qPZDyC0jg96MM",Iliana Bryce,student,t,9,2026-09-07 02:00:06.879652+00,2026-09-07 02:00:06.879652+00,2026,M.Tech. DS
ilya.bryson@cmi.ac.in,"$argon2id$v=19$m=19456,t=2,p=1$eArnrLW1/rRzVwcR87bxEw$2A/rMWXO2MalZdh5hd4gbWYexoYip6qPZDyC0jg96MM",Ilya Bryson,student,t,9,2026-09-07 02:00:06.879652+00,2026-09-07 02:00:06.879652+00,2026,M.Tech. DS
imelda.buchanan@cmi.ac.in,"$argon2id$v=19$m=19456,t=2,p=1$eArnrLW1/rRzVwcR87bxEw$2A/rMWXO2MalZdh5hd4gbWYexoYip6qPZDyC0jg96MM",Imelda Buchanan,student,t,9,2026-09-07 02:00:06.879652+00,2026-09-07 02:00:06.879652+00,2026,M.Tech. DS
immanuel.bucher@cmi.ac.in,"$argon2id$v=19$m=19456,t=2,p=1$eArnrLW1/rRzVwcR87bxEw$2A/rMWXO2MalZdh5hd4gbWYexoYip6qPZDyC0jg96MM",Immanuel Bucher,student,t,9,2026-09-07 02:00:06.879652+00,2026-09-07 02:00:06.879652+00,2026,M.Tech. DS
imogene.buchholz@cmi.ac.in,"$argon2id$v=19$m=19456,t=2,p=1$eArnrLW1/rRzVwcR87bxEw$2A/rMWXO2MalZdh5hd4gbWYexoYip6qPZDyC0jg96MM",Imogene Buchholz,student,t,9,2026-09-07 02:00:06.879652+00,2026-09-07 02:00:06.879652+00,2026,M.Tech. DS
ines.buck@cmi.ac.in,"$argon2id$v=19$m=19456,t=2,p=1$eArnrLW1/rRzVwcR87bxEw$2A/rMWXO2MalZdh5hd4gbWYexoYip6qPZDyC0jg96MM",Ines Buck,student,t,9,2026-09-07 02:00:06.879652+00,2026-09-07 02:00:06.879652+00,2026,M.Tech. DS
ingrid.buckingham@cmi.ac.in,"$argon2id$v=19$m=19456,t=2,p=1$eArnrLW1/rRzVwcR87bxEw$2A/rMWXO2MalZdh5hd4gbWYexoYip6qPZDyC0jg96MM",Ingrid Buckingham,student,t,9,2026-09-07 02:00:06.879652+00,2026-09-07 02:00:06.879652+00,2026,M.Tech. DS
ira.buckland@cmi.ac.in,"$argon2id$v=19$m=19456,t=2,p=1$eArnrLW1/rRzVwcR87bxEw$2A/rMWXO2MalZdh5hd4gbWYexoYip6qPZDyC0jg96MM",Ira Buckland,student,t,9,2026-09-07 02:00:06.879652+00,2026-09-07 02:00:06.879652+00,2026,M.Tech. DS
irene.buckley@cmi.ac.in,"$argon2id$v=19$m=19456,t=2,p=1$eArnrLW1/rRzVwcR87bxEw$2A/rMWXO2MalZdh5hd4gbWYexoYip6qPZDyC0jg96MM",Irene Buckley,student,t,9,2026-09-07 02:00:06.879652+00,2026-09-07 02:00:06.879652+00,2026,M.Tech. DS
irina.buckner@cmi.ac.in,"$argon2id$v=19$m=19456,t=2,p=1$eArnrLW1/rRzVwcR87bxEw$2A/rMWXO2MalZdh5hd4gbWYexoYip6qPZDyC0jg96MM",Irina Buckner,student,t,9,2026-09-07 02:00:06.879652+00,2026-09-07 02:00:06.879652+00,2027,M.Tech. DS
iris.buckstein@cmi.ac.in,"$argon2id$v=19$m=19456,t=2,p=1$eArnrLW1/rRzVwcR87bxEw$2A/rMWXO2MalZdh5hd4gbWYexoYip6qPZDyC0jg96MM",Iris Buckstein,student,t,9,2026-09-07 02:00:06.879652+00,2026-09-07 02:00:06.879652+00,2027,M.Tech. DS
irma.buda@cmi.ac.in,"$argon2id$v=19$m=19456,t=2,p=1$eArnrLW1/rRzVwcR87bxEw$2A/rMWXO2MalZdh5hd4gbWYexoYip6qPZDyC0jg96MM",Irma Buda,student,t,9,2026-09-07 02:00:06.879652+00,2026-09-07 02:00:06.879652+00,2027,M.Tech. DS
irvin.budd@cmi.ac.in,"$argon2id$v=19$m=19456,t=2,p=1$eArnrLW1/rRzVwcR87bxEw$2A/rMWXO2MalZdh5hd4gbWYexoYip6qPZDyC0jg96MM",Irvin Budd,student,t,9,2026-09-07 02:00:06.879652+00,2026-09-07 02:00:06.879652+00,2027,M.Tech. DS
irving.budde@cmi.ac.in,"$argon2id$v=19$m=19456,t=2,p=1$eArnrLW1/rRzVwcR87bxEw$2A/rMWXO2MalZdh5hd4gbWYexoYip6qPZDyC0jg96MM",Irving Budde,student,t,9,2026-09-07 02:00:06.879652+00,2026-09-07 02:00:06.879652+00,2027,M.Tech. DS
isaac.buehler@cmi.ac.in,"$argon2id$v=19$m=19456,t=2,p=1$eArnrLW1/rRzVwcR87bxEw$2A/rMWXO2MalZdh5hd4gbWYexoYip6qPZDyC0jg96MM",Isaac Buehler,student,t,9,2026-09-07 02:00:06.879652+00,2026-09-07 02:00:06.879652+00,2027,M.Tech. DS
isabel.buell@cmi.ac.in,"$argon2id$v=19$m=19456,t=2,p=1$eArnrLW1/rRzVwcR87bxEw$2A/rMWXO2MalZdh5hd4gbWYexoYip6qPZDyC0jg96MM",Isabel Buell,student,t,9,2026-09-07 02:00:06.879652+00,2026-09-07 02:00:06.879652+00,2027,M.Tech. DS
isabella.buffington@cmi.ac.in,"$argon2id$v=19$m=19456,t=2,p=1$eArnrLW1/rRzVwcR87bxEw$2A/rMWXO2MalZdh5hd4gbWYexoYip6qPZDyC0jg96MM",Isabella Buffington,student,t,9,2026-09-07 02:00:06.879652+00,2026-09-07 02:00:06.879652+00,2027,M.Tech. DS
isabelle.buford@cmi.ac.in,"$argon2id$v=19$m=19456,t=2,p=1$eArnrLW1/rRzVwcR87bxEw$2A/rMWXO2MalZdh5hd4gbWYexoYip6qPZDyC0jg96MM",Isabelle Buford,student,t,9,2026-09-07 02:00:06.879652+00,2026-09-07 02:00:06.879652+00,2027,M.Tech. DS
isaak.buhler@cmi.ac.in,"$argon2id$v=19$m=19456,t=2,p=1$eArnrLW1/rRzVwcR87bxEw$2A/rMWXO2MalZdh5hd4gbWYexoYip6qPZDyC0jg96MM",Isaak Buhler,student,t,9,2026-09-07 02:00:06.879652+00,2026-09-07 02:00:06.879652+00,2027,M.Tech. DS
isaias.bullard@cmi.ac.in,"$argon2id$v=19$m=19456,t=2,p=1$eArnrLW1/rRzVwcR87bxEw$2A/rMWXO2MalZdh5hd4gbWYexoYip6qPZDyC0jg96MM",Isaias Bullard,student,t,9,2026-09-07 02:00:06.879652+00,2026-09-07 02:00:06.879652+00,2028,M.Tech. DS
isaiah.bullock@cmi.ac.in,"$argon2id$v=19$m=19456,t=2,p=1$eArnrLW1/rRzVwcR87bxEw$2A/rMWXO2MalZdh5hd4gbWYexoYip6qPZDyC0jg96MM",Isaiah Bullock,student,t,9,2026-09-07 02:00:06.879652+00,2026-09-07 02:00:06.879652+00,2028,M.Tech. DS
ismael.bumpus@cmi.ac.in,"$argon2id$v=19$m=19456,t=2,p=1$eArnrLW1/rRzVwcR87bxEw$2A/rMWXO2MalZdh5hd4gbWYexoYip6qPZDyC0jg96MM",Ismael Bumpus,student,t,9,2026-09-07 02:00:06.879652+00,2026-09-07 02:00:06.879652+00,2028,M.Tech. DS
isobel.bundy@cmi.ac.in,"$argon2id$v=19$m=19456,t=2,p=1$eArnrLW1/rRzVwcR87bxEw$2A/rMWXO2MalZdh5hd4gbWYexoYip6qPZDyC0jg96MM",Isobel Bundy,student,t,9,2026-09-07 02:00:06.879652+00,2026-09-07 02:00:06.879652+00,2028,M.Tech. DS
israel.bunker@cmi.ac.in,"$argon2id$v=19$m=19456,t=2,p=1$eArnrLW1/rRzVwcR87bxEw$2A/rMWXO2MalZdh5hd4gbWYexoYip6qPZDyC0jg96MM",Israel Bunker,student,t,9,2026-09-07 02:00:06.879652+00,2026-09-07 02:00:06.879652+00,2028,M.Tech. DS
issac.bunnell@cmi.ac.in,"$argon2id$v=19$m=19456,t=2,p=1$eArnrLW1/rRzVwcR87bxEw$2A/rMWXO2MalZdh5hd4gbWYexoYip6qPZDyC0jg96MM",Issac Bunnell,student,t,9,2026-09-07 02:00:06.879652+00,2026-09-07 02:00:06.879652+00,2028,M.Tech. DS
itzel.bunting@cmi.ac.in,"$argon2id$v=19$m=19456,t=2,p=1$eArnrLW1/rRzVwcR87bxEw$2A/rMWXO2MalZdh5hd4gbWYexoYip6qPZDyC0jg96MM",Itzel Bunting,student,t,9,2026-09-07 02:00:06.879652+00,2026-09-07 02:00:06.879652+00,2028,M.Tech. DS
ivan.burch@cmi.ac.in,"$argon2id$v=19$m=19456,t=2,p=1$eArnrLW1/rRzVwcR87bxEw$2A/rMWXO2MalZdh5hd4gbWYexoYip6qPZDyC0jg96MM",Ivan Burch,student,t,9,2026-09-07 02:00:06.879652+00,2026-09-07 02:00:06.879652+00,2028,M.Tech. DS
ivana.burcham@cmi.ac.in,"$argon2id$v=19$m=19456,t=2,p=1$eArnrLW1/rRzVwcR87bxEw$2A/rMWXO2MalZdh5hd4gbWYexoYip6qPZDyC0jg96MM",Ivana Burcham,student,t,9,2026-09-07 02:00:06.879652+00,2026-09-07 02:00:06.879652+00,2028,M.Tech. DS
ivor.burchett@cmi.ac.in,"$argon2id$v=19$m=19456,t=2,p=1$eArnrLW1/rRzVwcR87bxEw$2A/rMWXO2MalZdh5hd4gbWYexoYip6qPZDyC0jg96MM",Ivor Burchett,student,t,9,2026-09-07 02:00:06.879652+00,2026-09-07 02:00:06.879652+00,2028,M.Tech. DS
ivy.burchette@cmi.ac.in,"$argon2id$v=19$m=19456,t=2,p=1$eArnrLW1/rRzVwcR87bxEw$2A/rMWXO2MalZdh5hd4gbWYexoYip6qPZDyC0jg96MM",Ivy Burchette,student,t,9,2026-09-07 02:00:06.879652+00,2026-09-07 02:00:06.879652+00,2026,BBA
izabella.burckhardt@cmi.ac.in,"$argon2id$v=19$m=19456,t=2,p=1$eArnrLW1/rRzVwcR87bxEw$2A/rMWXO2MalZdh5hd4gbWYexoYip6qPZDyC0jg96MM",Izabella Burckhardt,student,t,9,2026-09-07 02:00:06.879652+00,2026-09-07 02:00:06.879652+00,2026,BBA
jace.burdette@cmi.ac.in,"$argon2id$v=19$m=19456,t=2,p=1$eArnrLW1/rRzVwcR87bxEw$2A/rMWXO2MalZdh5hd4gbWYexoYip6qPZDyC0jg96MM",Jace Burdette,student,t,9,2026-09-07 02:00:06.879652+00,2026-09-07 02:00:06.879652+00,2026,BBA
jacinto.burdick@cmi.ac.in,"$argon2id$v=19$m=19456,t=2,p=1$eArnrLW1/rRzVwcR87bxEw$2A/rMWXO2MalZdh5hd4gbWYexoYip6qPZDyC0jg96MM",Jacinto Burdick,student,t,9,2026-09-07 02:00:06.879652+00,2026-09-07 02:00:06.879652+00,2026,BBA
jack.burge@cmi.ac.in,"$argon2id$v=19$m=19456,t=2,p=1$eArnrLW1/rRzVwcR87bxEw$2A/rMWXO2MalZdh5hd4gbWYexoYip6qPZDyC0jg96MM",Jack Burge,student,t,9,2026-09-07 02:00:06.879652+00,2026-09-07 02:00:06.879652+00,2026,BBA
jackie.burger@cmi.ac.in,"$argon2id$v=19$m=19456,t=2,p=1$eArnrLW1/rRzVwcR87bxEw$2A/rMWXO2MalZdh5hd4gbWYexoYip6qPZDyC0jg96MM",Jackie Burger,student,t,9,2026-09-07 02:00:06.879652+00,2026-09-07 02:00:06.879652+00,2026,BBA
jackson.burgess@cmi.ac.in,"$argon2id$v=19$m=19456,t=2,p=1$eArnrLW1/rRzVwcR87bxEw$2A/rMWXO2MalZdh5hd4gbWYexoYip6qPZDyC0jg96MM",Jackson Burgess,student,t,9,2026-09-07 02:00:06.879652+00,2026-09-07 02:00:06.879652+00,2026,BBA
jacob.burghardt@cmi.ac.in,"$argon2id$v=19$m=19456,t=2,p=1$eArnrLW1/rRzVwcR87bxEw$2A/rMWXO2MalZdh5hd4gbWYexoYip6qPZDyC0jg96MM",Jacob Burghardt,student,t,9,2026-09-07 02:00:06.879652+00,2026-09-07 02:00:06.879652+00,2026,BBA
jacqueline.burk@cmi.ac.in,"$argon2id$v=19$m=19456,t=2,p=1$eArnrLW1/rRzVwcR87bxEw$2A/rMWXO2MalZdh5hd4gbWYexoYip6qPZDyC0jg96MM",Jacqueline Burk,student,t,9,2026-09-07 02:00:06.879652+00,2026-09-07 02:00:06.879652+00,2026,BBA
jacques.burke@cmi.ac.in,"$argon2id$v=19$m=19456,t=2,p=1$eArnrLW1/rRzVwcR87bxEw$2A/rMWXO2MalZdh5hd4gbWYexoYip6qPZDyC0jg96MM",Jacques Burke,student,t,9,2026-09-07 02:00:06.879652+00,2026-09-07 02:00:06.879652+00,2026,BBA
jada.burkett@cmi.ac.in,"$argon2id$v=19$m=19456,t=2,p=1$eArnrLW1/rRzVwcR87bxEw$2A/rMWXO2MalZdh5hd4gbWYexoYip6qPZDyC0jg96MM",Jada Burkett,student,t,9,2026-09-07 02:00:06.879652+00,2026-09-07 02:00:06.879652+00,2027,BBA
jade.burkhardt@cmi.ac.in,"$argon2id$v=19$m=19456,t=2,p=1$eArnrLW1/rRzVwcR87bxEw$2A/rMWXO2MalZdh5hd4gbWYexoYip6qPZDyC0jg96MM",Jade Burkhardt,student,t,9,2026-09-07 02:00:06.879652+00,2026-09-07 02:00:06.879652+00,2027,BBA
jaden.burkholder@cmi.ac.in,"$argon2id$v=19$m=19456,t=2,p=1$eArnrLW1/rRzVwcR87bxEw$2A/rMWXO2MalZdh5hd4gbWYexoYip6qPZDyC0jg96MM",Jaden Burkholder,student,t,9,2026-09-07 02:00:06.879652+00,2026-09-07 02:00:06.879652+00,2027,BBA
jadon.burks@cmi.ac.in,"$argon2id$v=19$m=19456,t=2,p=1$eArnrLW1/rRzVwcR87bxEw$2A/rMWXO2MalZdh5hd4gbWYexoYip6qPZDyC0jg96MM",Jadon Burks,student,t,9,2026-09-07 02:00:06.879652+00,2026-09-07 02:00:06.879652+00,2027,BBA
jagger.burley@cmi.ac.in,"$argon2id$v=19$m=19456,t=2,p=1$eArnrLW1/rRzVwcR87bxEw$2A/rMWXO2MalZdh5hd4gbWYexoYip6qPZDyC0jg96MM",Jagger Burley,student,t,9,2026-09-07 02:00:06.879652+00,2026-09-07 02:00:06.879652+00,2027,BBA
jaime.burnell@cmi.ac.in,"$argon2id$v=19$m=19456,t=2,p=1$eArnrLW1/rRzVwcR87bxEw$2A/rMWXO2MalZdh5hd4gbWYexoYip6qPZDyC0jg96MM",Jaime Burnell,student,t,9,2026-09-07 02:00:06.879652+00,2026-09-07 02:00:06.879652+00,2027,BBA
jair.burnett@cmi.ac.in,"$argon2id$v=19$m=19456,t=2,p=1$eArnrLW1/rRzVwcR87bxEw$2A/rMWXO2MalZdh5hd4gbWYexoYip6qPZDyC0jg96MM",Jair Burnett,student,t,9,2026-09-07 02:00:06.879652+00,2026-09-07 02:00:06.879652+00,2027,BBA
jairo.burnham@cmi.ac.in,"$argon2id$v=19$m=19456,t=2,p=1$eArnrLW1/rRzVwcR87bxEw$2A/rMWXO2MalZdh5hd4gbWYexoYip6qPZDyC0jg96MM",Jairo Burnham,student,t,9,2026-09-07 02:00:06.879652+00,2026-09-07 02:00:06.879652+00,2027,BBA
jake.burnley@cmi.ac.in,"$argon2id$v=19$m=19456,t=2,p=1$eArnrLW1/rRzVwcR87bxEw$2A/rMWXO2MalZdh5hd4gbWYexoYip6qPZDyC0jg96MM",Jake Burnley,student,t,9,2026-09-07 02:00:06.879652+00,2026-09-07 02:00:06.879652+00,2027,BBA
jakob.burns@cmi.ac.in,"$argon2id$v=19$m=19456,t=2,p=1$eArnrLW1/rRzVwcR87bxEw$2A/rMWXO2MalZdh5hd4gbWYexoYip6qPZDyC0jg96MM",Jakob Burns,student,t,9,2026-09-07 02:00:06.879652+00,2026-09-07 02:00:06.879652+00,2027,BBA
jalen.burr@cmi.ac.in,"$argon2id$v=19$m=19456,t=2,p=1$eArnrLW1/rRzVwcR87bxEw$2A/rMWXO2MalZdh5hd4gbWYexoYip6qPZDyC0jg96MM",Jalen Burr,student,t,9,2026-09-07 02:00:06.879652+00,2026-09-07 02:00:06.879652+00,2028,BBA
jamal.burrell@cmi.ac.in,"$argon2id$v=19$m=19456,t=2,p=1$eArnrLW1/rRzVwcR87bxEw$2A/rMWXO2MalZdh5hd4gbWYexoYip6qPZDyC0jg96MM",Jamal Burrell,student,t,9,2026-09-07 02:00:06.879652+00,2026-09-07 02:00:06.879652+00,2028,BBA
jamar.burris@cmi.ac.in,"$argon2id$v=19$m=19456,t=2,p=1$eArnrLW1/rRzVwcR87bxEw$2A/rMWXO2MalZdh5hd4gbWYexoYip6qPZDyC0jg96MM",Jamar Burris,student,t,9,2026-09-07 02:00:06.879652+00,2026-09-07 02:00:06.879652+00,2028,BBA
jameel.burroughs@cmi.ac.in,"$argon2id$v=19$m=19456,t=2,p=1$eArnrLW1/rRzVwcR87bxEw$2A/rMWXO2MalZdh5hd4gbWYexoYip6qPZDyC0jg96MM",Jameel Burroughs,student,t,9,2026-09-07 02:00:06.879652+00,2026-09-07 02:00:06.879652+00,2028,BBA
james.burrow@cmi.ac.in,"$argon2id$v=19$m=19456,t=2,p=1$eArnrLW1/rRzVwcR87bxEw$2A/rMWXO2MalZdh5hd4gbWYexoYip6qPZDyC0jg96MM",James Burrow,student,t,9,2026-09-07 02:00:06.879652+00,2026-09-07 02:00:06.879652+00,2028,BBA
jameson.burrows@cmi.ac.in,"$argon2id$v=19$m=19456,t=2,p=1$eArnrLW1/rRzVwcR87bxEw$2A/rMWXO2MalZdh5hd4gbWYexoYip6qPZDyC0jg96MM",Jameson Burrows,student,t,9,2026-09-07 02:00:06.879652+00,2026-09-07 02:00:06.879652+00,2028,BBA
jamey.burt@cmi.ac.in,"$argon2id$v=19$m=19456,t=2,p=1$eArnrLW1/rRzVwcR87bxEw$2A/rMWXO2MalZdh5hd4gbWYexoYip6qPZDyC0jg96MM",Jamey Burt,student,t,9,2026-09-07 02:00:06.879652+00,2026-09-07 02:00:06.879652+00,2028,BBA
jamie.burton@cmi.ac.in,"$argon2id$v=19$m=19456,t=2,p=1$eArnrLW1/rRzVwcR87bxEw$2A/rMWXO2MalZdh5hd4gbWYexoYip6qPZDyC0jg96MM",Jamie Burton,student,t,9,2026-09-07 02:00:06.879652+00,2026-09-07 02:00:06.879652+00,2028,BBA
jan.busch@cmi.ac.in,"$argon2id$v=19$m=19456,t=2,p=1$eArnrLW1/rRzVwcR87bxEw$2A/rMWXO2MalZdh5hd4gbWYexoYip6qPZDyC0jg96MM",Jan Busch,student,t,9,2026-09-07 02:00:06.879652+00,2026-09-07 02:00:06.879652+00,2028,BBA
jane.bush@cmi.ac.in,"$argon2id$v=19$m=19456,t=2,p=1$eArnrLW1/rRzVwcR87bxEw$2A/rMWXO2MalZdh5hd4gbWYexoYip6qPZDyC0jg96MM",Jane Bush,student,t,9,2026-09-07 02:00:06.879652+00,2026-09-07 02:00:06.879652+00,2028,BBA
janet.bushnell@psgtech.edu,"$argon2id$v=19$m=19456,t=2,p=1$eArnrLW1/rRzVwcR87bxEw$2A/rMWXO2MalZdh5hd4gbWYexoYip6qPZDyC0jg96MM",Janet Bushnell,faculty,t,10,2026-09-07 02:00:06.879652+00,2026-09-07 02:00:06.879652+00,,B.Sc. Biochem
janelle.buss@psgtech.edu,"$argon2id$v=19$m=19456,t=2,p=1$eArnrLW1/rRzVwcR87bxEw$2A/rMWXO2MalZdh5hd4gbWYexoYip6qPZDyC0jg96MM",Janelle Buss,faculty,t,10,2026-09-07 02:00:06.879652+00,2026-09-07 02:00:06.879652+00,,M.Sc. Maths
janette.busse@psgtech.edu,"$argon2id$v=19$m=19456,t=2,p=1$eArnrLW1/rRzVwcR87bxEw$2A/rMWXO2MalZdh5hd4gbWYexoYip6qPZDyC0jg96MM",Janette Busse,faculty,t,10,2026-09-07 02:00:06.879652+00,2026-09-07 02:00:06.879652+00,,B.E. CSE
janice.buster@psgtech.edu,"$argon2id$v=19$m=19456,t=2,p=1$eArnrLW1/rRzVwcR87bxEw$2A/rMWXO2MalZdh5hd4gbWYexoYip6qPZDyC0jg96MM",Janice Buster,faculty,t,10,2026-09-07 02:00:06.879652+00,2026-09-07 02:00:06.879652+00,,M.Tech. DS
janie.butcher@psgtech.edu,"$argon2id$v=19$m=19456,t=2,p=1$eArnrLW1/rRzVwcR87bxEw$2A/rMWXO2MalZdh5hd4gbWYexoYip6qPZDyC0jg96MM",Janie Butcher,faculty,t,10,2026-09-07 02:00:06.879652+00,2026-09-07 02:00:06.879652+00,,BBA
janine.butler@psgtech.edu,"$argon2id$v=19$m=19456,t=2,p=1$eArnrLW1/rRzVwcR87bxEw$2A/rMWXO2MalZdh5hd4gbWYexoYip6qPZDyC0jg96MM",Janine Butler,student,t,10,2026-09-07 02:00:06.879652+00,2026-09-07 02:00:06.879652+00,2026,B.Sc. Biochem
jared.butterworth@psgtech.edu,"$argon2id$v=19$m=19456,t=2,p=1$eArnrLW1/rRzVwcR87bxEw$2A/rMWXO2MalZdh5hd4gbWYexoYip6qPZDyC0jg96MM",Jared Butterworth,student,t,10,2026-09-07 02:00:06.879652+00,2026-09-07 02:00:06.879652+00,2026,B.Sc. Biochem
jaron.butts@psgtech.edu,"$argon2id$v=19$m=19456,t=2,p=1$eArnrLW1/rRzVwcR87bxEw$2A/rMWXO2MalZdh5hd4gbWYexoYip6qPZDyC0jg96MM",Jaron Butts,student,t,10,2026-09-07 02:00:06.879652+00,2026-09-07 02:00:06.879652+00,2026,B.Sc. Biochem
jarret.buxton@psgtech.edu,"$argon2id$v=19$m=19456,t=2,p=1$eArnrLW1/rRzVwcR87bxEw$2A/rMWXO2MalZdh5hd4gbWYexoYip6qPZDyC0jg96MM",Jarret Buxton,student,t,10,2026-09-07 02:00:06.879652+00,2026-09-07 02:00:06.879652+00,2026,B.Sc. Biochem
jarrett.byerly@psgtech.edu,"$argon2id$v=19$m=19456,t=2,p=1$eArnrLW1/rRzVwcR87bxEw$2A/rMWXO2MalZdh5hd4gbWYexoYip6qPZDyC0jg96MM",Jarrett Byerly,student,t,10,2026-09-07 02:00:06.879652+00,2026-09-07 02:00:06.879652+00,2026,B.Sc. Biochem
jarrod.byers@psgtech.edu,"$argon2id$v=19$m=19456,t=2,p=1$eArnrLW1/rRzVwcR87bxEw$2A/rMWXO2MalZdh5hd4gbWYexoYip6qPZDyC0jg96MM",Jarrod Byers,student,t,10,2026-09-07 02:00:06.879652+00,2026-09-07 02:00:06.879652+00,2026,B.Sc. Biochem
jarvis.byler@psgtech.edu,"$argon2id$v=19$m=19456,t=2,p=1$eArnrLW1/rRzVwcR87bxEw$2A/rMWXO2MalZdh5hd4gbWYexoYip6qPZDyC0jg96MM",Jarvis Byler,student,t,10,2026-09-07 02:00:06.879652+00,2026-09-07 02:00:06.879652+00,2026,B.Sc. Biochem
jasmine.bynum@psgtech.edu,"$argon2id$v=19$m=19456,t=2,p=1$eArnrLW1/rRzVwcR87bxEw$2A/rMWXO2MalZdh5hd4gbWYexoYip6qPZDyC0jg96MM",Jasmine Bynum,student,t,10,2026-09-07 02:00:06.879652+00,2026-09-07 02:00:06.879652+00,2026,B.Sc. Biochem
jason.byrd@psgtech.edu,"$argon2id$v=19$m=19456,t=2,p=1$eArnrLW1/rRzVwcR87bxEw$2A/rMWXO2MalZdh5hd4gbWYexoYip6qPZDyC0jg96MM",Jason Byrd,student,t,10,2026-09-07 02:00:06.879652+00,2026-09-07 02:00:06.879652+00,2026,B.Sc. Biochem
jasper.byrne@psgtech.edu,"$argon2id$v=19$m=19456,t=2,p=1$eArnrLW1/rRzVwcR87bxEw$2A/rMWXO2MalZdh5hd4gbWYexoYip6qPZDyC0jg96MM",Jasper Byrne,student,t,10,2026-09-07 02:00:06.879652+00,2026-09-07 02:00:06.879652+00,2026,B.Sc. Biochem
javier.byron@psgtech.edu,"$argon2id$v=19$m=19456,t=2,p=1$eArnrLW1/rRzVwcR87bxEw$2A/rMWXO2MalZdh5hd4gbWYexoYip6qPZDyC0jg96MM",Javier Byron,student,t,10,2026-09-07 02:00:06.879652+00,2026-09-07 02:00:06.879652+00,2027,B.Sc. Biochem
jaxon.caballero@psgtech.edu,"$argon2id$v=19$m=19456,t=2,p=1$eArnrLW1/rRzVwcR87bxEw$2A/rMWXO2MalZdh5hd4gbWYexoYip6qPZDyC0jg96MM",Jaxon Caballero,student,t,10,2026-09-07 02:00:06.879652+00,2026-09-07 02:00:06.879652+00,2027,B.Sc. Biochem
jaxson.cable@psgtech.edu,"$argon2id$v=19$m=19456,t=2,p=1$eArnrLW1/rRzVwcR87bxEw$2A/rMWXO2MalZdh5hd4gbWYexoYip6qPZDyC0jg96MM",Jaxson Cable,student,t,10,2026-09-07 02:00:06.879652+00,2026-09-07 02:00:06.879652+00,2027,B.Sc. Biochem
jayce.cabral@psgtech.edu,"$argon2id$v=19$m=19456,t=2,p=1$eArnrLW1/rRzVwcR87bxEw$2A/rMWXO2MalZdh5hd4gbWYexoYip6qPZDyC0jg96MM",Jayce Cabral,student,t,10,2026-09-07 02:00:06.879652+00,2026-09-07 02:00:06.879652+00,2027,B.Sc. Biochem
jayda.cabrera@psgtech.edu,"$argon2id$v=19$m=19456,t=2,p=1$eArnrLW1/rRzVwcR87bxEw$2A/rMWXO2MalZdh5hd4gbWYexoYip6qPZDyC0jg96MM",Jayda Cabrera,student,t,10,2026-09-07 02:00:06.879652+00,2026-09-07 02:00:06.879652+00,2027,B.Sc. Biochem
jayden.caddy@psgtech.edu,"$argon2id$v=19$m=19456,t=2,p=1$eArnrLW1/rRzVwcR87bxEw$2A/rMWXO2MalZdh5hd4gbWYexoYip6qPZDyC0jg96MM",Jayden Caddy,student,t,10,2026-09-07 02:00:06.879652+00,2026-09-07 02:00:06.879652+00,2027,B.Sc. Biochem
jayla.cade@psgtech.edu,"$argon2id$v=19$m=19456,t=2,p=1$eArnrLW1/rRzVwcR87bxEw$2A/rMWXO2MalZdh5hd4gbWYexoYip6qPZDyC0jg96MM",Jayla Cade,student,t,10,2026-09-07 02:00:06.879652+00,2026-09-07 02:00:06.879652+00,2027,B.Sc. Biochem
jaylen.cadenhead@psgtech.edu,"$argon2id$v=19$m=19456,t=2,p=1$eArnrLW1/rRzVwcR87bxEw$2A/rMWXO2MalZdh5hd4gbWYexoYip6qPZDyC0jg96MM",Jaylen Cadenhead,student,t,10,2026-09-07 02:00:06.879652+00,2026-09-07 02:00:06.879652+00,2027,B.Sc. Biochem
jaylin.cadle@psgtech.edu,"$argon2id$v=19$m=19456,t=2,p=1$eArnrLW1/rRzVwcR87bxEw$2A/rMWXO2MalZdh5hd4gbWYexoYip6qPZDyC0jg96MM",Jaylin Cadle,student,t,10,2026-09-07 02:00:06.879652+00,2026-09-07 02:00:06.879652+00,2027,B.Sc. Biochem
jaylon.cadwallader@psgtech.edu,"$argon2id$v=19$m=19456,t=2,p=1$eArnrLW1/rRzVwcR87bxEw$2A/rMWXO2MalZdh5hd4gbWYexoYip6qPZDyC0jg96MM",Jaylon Cadwallader,student,t,10,2026-09-07 02:00:06.879652+00,2026-09-07 02:00:06.879652+00,2027,B.Sc. Biochem
jayme.cady@psgtech.edu,"$argon2id$v=19$m=19456,t=2,p=1$eArnrLW1/rRzVwcR87bxEw$2A/rMWXO2MalZdh5hd4gbWYexoYip6qPZDyC0jg96MM",Jayme Cady,student,t,10,2026-09-07 02:00:06.879652+00,2026-09-07 02:00:06.879652+00,2028,B.Sc. Biochem
jayne.caffey@psgtech.edu,"$argon2id$v=19$m=19456,t=2,p=1$eArnrLW1/rRzVwcR87bxEw$2A/rMWXO2MalZdh5hd4gbWYexoYip6qPZDyC0jg96MM",Jayne Caffey,student,t,10,2026-09-07 02:00:06.879652+00,2026-09-07 02:00:06.879652+00,2028,B.Sc. Biochem
jean.cagle@psgtech.edu,"$argon2id$v=19$m=19456,t=2,p=1$eArnrLW1/rRzVwcR87bxEw$2A/rMWXO2MalZdh5hd4gbWYexoYip6qPZDyC0jg96MM",Jean Cagle,student,t,10,2026-09-07 02:00:06.879652+00,2026-09-07 02:00:06.879652+00,2028,B.Sc. Biochem
jeannette.cahill@psgtech.edu,"$argon2id$v=19$m=19456,t=2,p=1$eArnrLW1/rRzVwcR87bxEw$2A/rMWXO2MalZdh5hd4gbWYexoYip6qPZDyC0jg96MM",Jeannette Cahill,student,t,10,2026-09-07 02:00:06.879652+00,2026-09-07 02:00:06.879652+00,2028,B.Sc. Biochem
jeanine.cain@psgtech.edu,"$argon2id$v=19$m=19456,t=2,p=1$eArnrLW1/rRzVwcR87bxEw$2A/rMWXO2MalZdh5hd4gbWYexoYip6qPZDyC0jg96MM",Jeanine Cain,student,t,10,2026-09-07 02:00:06.879652+00,2026-09-07 02:00:06.879652+00,2028,B.Sc. Biochem
jedediah.caine@psgtech.edu,"$argon2id$v=19$m=19456,t=2,p=1$eArnrLW1/rRzVwcR87bxEw$2A/rMWXO2MalZdh5hd4gbWYexoYip6qPZDyC0jg96MM",Jedediah Caine,student,t,10,2026-09-07 02:00:06.879652+00,2026-09-07 02:00:06.879652+00,2028,B.Sc. Biochem
jefferson.caldwell@psgtech.edu,"$argon2id$v=19$m=19456,t=2,p=1$eArnrLW1/rRzVwcR87bxEw$2A/rMWXO2MalZdh5hd4gbWYexoYip6qPZDyC0jg96MM",Jefferson Caldwell,student,t,10,2026-09-07 02:00:06.879652+00,2026-09-07 02:00:06.879652+00,2028,B.Sc. Biochem
jeffrey.calhoun@psgtech.edu,"$argon2id$v=19$m=19456,t=2,p=1$eArnrLW1/rRzVwcR87bxEw$2A/rMWXO2MalZdh5hd4gbWYexoYip6qPZDyC0jg96MM",Jeffrey Calhoun,student,t,10,2026-09-07 02:00:06.879652+00,2026-09-07 02:00:06.879652+00,2028,B.Sc. Biochem
jeffery.calkins@psgtech.edu,"$argon2id$v=19$m=19456,t=2,p=1$eArnrLW1/rRzVwcR87bxEw$2A/rMWXO2MalZdh5hd4gbWYexoYip6qPZDyC0jg96MM",Jeffery Calkins,student,t,10,2026-09-07 02:00:06.879652+00,2026-09-07 02:00:06.879652+00,2028,B.Sc. Biochem
jemma.callaghan@psgtech.edu,"$argon2id$v=19$m=19456,t=2,p=1$eArnrLW1/rRzVwcR87bxEw$2A/rMWXO2MalZdh5hd4gbWYexoYip6qPZDyC0jg96MM",Jemma Callaghan,student,t,10,2026-09-07 02:00:06.879652+00,2026-09-07 02:00:06.879652+00,2028,B.Sc. Biochem
jenelle.callahan@psgtech.edu,"$argon2id$v=19$m=19456,t=2,p=1$eArnrLW1/rRzVwcR87bxEw$2A/rMWXO2MalZdh5hd4gbWYexoYip6qPZDyC0jg96MM",Jenelle Callahan,student,t,10,2026-09-07 02:00:06.879652+00,2026-09-07 02:00:06.879652+00,2026,M.Sc. Maths
jenna.callaway@psgtech.edu,"$argon2id$v=19$m=19456,t=2,p=1$eArnrLW1/rRzVwcR87bxEw$2A/rMWXO2MalZdh5hd4gbWYexoYip6qPZDyC0jg96MM",Jenna Callaway,student,t,10,2026-09-07 02:00:06.879652+00,2026-09-07 02:00:06.879652+00,2026,M.Sc. Maths
jenni.callender@psgtech.edu,"$argon2id$v=19$m=19456,t=2,p=1$eArnrLW1/rRzVwcR87bxEw$2A/rMWXO2MalZdh5hd4gbWYexoYip6qPZDyC0jg96MM",Jenni Callender,student,t,10,2026-09-07 02:00:06.879652+00,2026-09-07 02:00:06.879652+00,2026,M.Sc. Maths
jennifer.callis@psgtech.edu,"$argon2id$v=19$m=19456,t=2,p=1$eArnrLW1/rRzVwcR87bxEw$2A/rMWXO2MalZdh5hd4gbWYexoYip6qPZDyC0jg96MM",Jennifer Callis,student,t,10,2026-09-07 02:00:06.879652+00,2026-09-07 02:00:06.879652+00,2026,M.Sc. Maths
jenny.callison@psgtech.edu,"$argon2id$v=19$m=19456,t=2,p=1$eArnrLW1/rRzVwcR87bxEw$2A/rMWXO2MalZdh5hd4gbWYexoYip6qPZDyC0jg96MM",Jenny Callison,student,t,10,2026-09-07 02:00:06.879652+00,2026-09-07 02:00:06.879652+00,2026,M.Sc. Maths
jensen.calloway@psgtech.edu,"$argon2id$v=19$m=19456,t=2,p=1$eArnrLW1/rRzVwcR87bxEw$2A/rMWXO2MalZdh5hd4gbWYexoYip6qPZDyC0jg96MM",Jensen Calloway,student,t,10,2026-09-07 02:00:06.879652+00,2026-09-07 02:00:06.879652+00,2026,M.Sc. Maths
jens.calvert@psgtech.edu,"$argon2id$v=19$m=19456,t=2,p=1$eArnrLW1/rRzVwcR87bxEw$2A/rMWXO2MalZdh5hd4gbWYexoYip6qPZDyC0jg96MM",Jens Calvert,student,t,10,2026-09-07 02:00:06.879652+00,2026-09-07 02:00:06.879652+00,2026,M.Sc. Maths
jeremy.camacho@psgtech.edu,"$argon2id$v=19$m=19456,t=2,p=1$eArnrLW1/rRzVwcR87bxEw$2A/rMWXO2MalZdh5hd4gbWYexoYip6qPZDyC0jg96MM",Jeremy Camacho,student,t,10,2026-09-07 02:00:06.879652+00,2026-09-07 02:00:06.879652+00,2026,M.Sc. Maths
jeremiah.cameron@psgtech.edu,"$argon2id$v=19$m=19456,t=2,p=1$eArnrLW1/rRzVwcR87bxEw$2A/rMWXO2MalZdh5hd4gbWYexoYip6qPZDyC0jg96MM",Jeremiah Cameron,student,t,10,2026-09-07 02:00:06.879652+00,2026-09-07 02:00:06.879652+00,2026,M.Sc. Maths
jeri.campanella@psgtech.edu,"$argon2id$v=19$m=19456,t=2,p=1$eArnrLW1/rRzVwcR87bxEw$2A/rMWXO2MalZdh5hd4gbWYexoYip6qPZDyC0jg96MM",Jeri Campanella,student,t,10,2026-09-07 02:00:06.879652+00,2026-09-07 02:00:06.879652+00,2026,M.Sc. Maths
jermaine.campbell@psgtech.edu,"$argon2id$v=19$m=19456,t=2,p=1$eArnrLW1/rRzVwcR87bxEw$2A/rMWXO2MalZdh5hd4gbWYexoYip6qPZDyC0jg96MM",Jermaine Campbell,student,t,10,2026-09-07 02:00:06.879652+00,2026-09-07 02:00:06.879652+00,2027,M.Sc. Maths
jerold.campos@psgtech.edu,"$argon2id$v=19$m=19456,t=2,p=1$eArnrLW1/rRzVwcR87bxEw$2A/rMWXO2MalZdh5hd4gbWYexoYip6qPZDyC0jg96MM",Jerold Campos,student,t,10,2026-09-07 02:00:06.879652+00,2026-09-07 02:00:06.879652+00,2027,M.Sc. Maths
jerome.canales@psgtech.edu,"$argon2id$v=19$m=19456,t=2,p=1$eArnrLW1/rRzVwcR87bxEw$2A/rMWXO2MalZdh5hd4gbWYexoYip6qPZDyC0jg96MM",Jerome Canales,student,t,10,2026-09-07 02:00:06.879652+00,2026-09-07 02:00:06.879652+00,2027,M.Sc. Maths
jeronimo.canby@psgtech.edu,"$argon2id$v=19$m=19456,t=2,p=1$eArnrLW1/rRzVwcR87bxEw$2A/rMWXO2MalZdh5hd4gbWYexoYip6qPZDyC0jg96MM",Jeronimo Canby,student,t,10,2026-09-07 02:00:06.879652+00,2026-09-07 02:00:06.879652+00,2027,M.Sc. Maths
jerry.candler@psgtech.edu,"$argon2id$v=19$m=19456,t=2,p=1$eArnrLW1/rRzVwcR87bxEw$2A/rMWXO2MalZdh5hd4gbWYexoYip6qPZDyC0jg96MM",Jerry Candler,student,t,10,2026-09-07 02:00:06.879652+00,2026-09-07 02:00:06.879652+00,2027,M.Sc. Maths
jesse.candy@psgtech.edu,"$argon2id$v=19$m=19456,t=2,p=1$eArnrLW1/rRzVwcR87bxEw$2A/rMWXO2MalZdh5hd4gbWYexoYip6qPZDyC0jg96MM",Jesse Candy,student,t,10,2026-09-07 02:00:06.879652+00,2026-09-07 02:00:06.879652+00,2027,M.Sc. Maths
jessica.canfield@psgtech.edu,"$argon2id$v=19$m=19456,t=2,p=1$eArnrLW1/rRzVwcR87bxEw$2A/rMWXO2MalZdh5hd4gbWYexoYip6qPZDyC0jg96MM",Jessica Canfield,student,t,10,2026-09-07 02:00:06.879652+00,2026-09-07 02:00:06.879652+00,2027,M.Sc. Maths
jessie.cannon@psgtech.edu,"$argon2id$v=19$m=19456,t=2,p=1$eArnrLW1/rRzVwcR87bxEw$2A/rMWXO2MalZdh5hd4gbWYexoYip6qPZDyC0jg96MM",Jessie Cannon,student,t,10,2026-09-07 02:00:06.879652+00,2026-09-07 02:00:06.879652+00,2027,M.Sc. Maths
jesus.cantrell@psgtech.edu,"$argon2id$v=19$m=19456,t=2,p=1$eArnrLW1/rRzVwcR87bxEw$2A/rMWXO2MalZdh5hd4gbWYexoYip6qPZDyC0jg96MM",Jesus Cantrell,student,t,10,2026-09-07 02:00:06.879652+00,2026-09-07 02:00:06.879652+00,2027,M.Sc. Maths
jethro.cantu@psgtech.edu,"$argon2id$v=19$m=19456,t=2,p=1$eArnrLW1/rRzVwcR87bxEw$2A/rMWXO2MalZdh5hd4gbWYexoYip6qPZDyC0jg96MM",Jethro Cantu,student,t,10,2026-09-07 02:00:06.879652+00,2026-09-07 02:00:06.879652+00,2027,M.Sc. Maths
jett.cantwell@psgtech.edu,"$argon2id$v=19$m=19456,t=2,p=1$eArnrLW1/rRzVwcR87bxEw$2A/rMWXO2MalZdh5hd4gbWYexoYip6qPZDyC0jg96MM",Jett Cantwell,student,t,10,2026-09-07 02:00:06.879652+00,2026-09-07 02:00:06.879652+00,2028,M.Sc. Maths
jewel.cape@psgtech.edu,"$argon2id$v=19$m=19456,t=2,p=1$eArnrLW1/rRzVwcR87bxEw$2A/rMWXO2MalZdh5hd4gbWYexoYip6qPZDyC0jg96MM",Jewel Cape,student,t,10,2026-09-07 02:00:06.879652+00,2026-09-07 02:00:06.879652+00,2028,M.Sc. Maths
jill.capen@psgtech.edu,"$argon2id$v=19$m=19456,t=2,p=1$eArnrLW1/rRzVwcR87bxEw$2A/rMWXO2MalZdh5hd4gbWYexoYip6qPZDyC0jg96MM",Jill Capen,student,t,10,2026-09-07 02:00:06.879652+00,2026-09-07 02:00:06.879652+00,2028,M.Sc. Maths
jillian.capers@psgtech.edu,"$argon2id$v=19$m=19456,t=2,p=1$eArnrLW1/rRzVwcR87bxEw$2A/rMWXO2MalZdh5hd4gbWYexoYip6qPZDyC0jg96MM",Jillian Capers,student,t,10,2026-09-07 02:00:06.879652+00,2026-09-07 02:00:06.879652+00,2028,M.Sc. Maths
jim.capp@psgtech.edu,"$argon2id$v=19$m=19456,t=2,p=1$eArnrLW1/rRzVwcR87bxEw$2A/rMWXO2MalZdh5hd4gbWYexoYip6qPZDyC0jg96MM",Jim Capp,student,t,10,2026-09-07 02:00:06.879652+00,2026-09-07 02:00:06.879652+00,2028,M.Sc. Maths
jimmie.capra@psgtech.edu,"$argon2id$v=19$m=19456,t=2,p=1$eArnrLW1/rRzVwcR87bxEw$2A/rMWXO2MalZdh5hd4gbWYexoYip6qPZDyC0jg96MM",Jimmie Capra,student,t,10,2026-09-07 02:00:06.879652+00,2026-09-07 02:00:06.879652+00,2028,M.Sc. Maths
jimmy.caraballo@psgtech.edu,"$argon2id$v=19$m=19456,t=2,p=1$eArnrLW1/rRzVwcR87bxEw$2A/rMWXO2MalZdh5hd4gbWYexoYip6qPZDyC0jg96MM",Jimmy Caraballo,student,t,10,2026-09-07 02:00:06.879652+00,2026-09-07 02:00:06.879652+00,2028,M.Sc. Maths
jo.caraway@psgtech.edu,"$argon2id$v=19$m=19456,t=2,p=1$eArnrLW1/rRzVwcR87bxEw$2A/rMWXO2MalZdh5hd4gbWYexoYip6qPZDyC0jg96MM",Jo Caraway,student,t,10,2026-09-07 02:00:06.879652+00,2026-09-07 02:00:06.879652+00,2028,M.Sc. Maths
joan.carbone@psgtech.edu,"$argon2id$v=19$m=19456,t=2,p=1$eArnrLW1/rRzVwcR87bxEw$2A/rMWXO2MalZdh5hd4gbWYexoYip6qPZDyC0jg96MM",Joan Carbone,student,t,10,2026-09-07 02:00:06.879652+00,2026-09-07 02:00:06.879652+00,2028,M.Sc. Maths
joana.card@psgtech.edu,"$argon2id$v=19$m=19456,t=2,p=1$eArnrLW1/rRzVwcR87bxEw$2A/rMWXO2MalZdh5hd4gbWYexoYip6qPZDyC0jg96MM",Joana Card,student,t,10,2026-09-07 02:00:06.879652+00,2026-09-07 02:00:06.879652+00,2028,M.Sc. Maths
joanna.carden@psgtech.edu,"$argon2id$v=19$m=19456,t=2,p=1$eArnrLW1/rRzVwcR87bxEw$2A/rMWXO2MalZdh5hd4gbWYexoYip6qPZDyC0jg96MM",Joanna Carden,student,t,10,2026-09-07 02:00:06.879652+00,2026-09-07 02:00:06.879652+00,2026,B.E. CSE
joanne.cardenas@psgtech.edu,"$argon2id$v=19$m=19456,t=2,p=1$eArnrLW1/rRzVwcR87bxEw$2A/rMWXO2MalZdh5hd4gbWYexoYip6qPZDyC0jg96MM",Joanne Cardenas,student,t,10,2026-09-07 02:00:06.879652+00,2026-09-07 02:00:06.879652+00,2026,B.E. CSE
joaquin.carder@psgtech.edu,"$argon2id$v=19$m=19456,t=2,p=1$eArnrLW1/rRzVwcR87bxEw$2A/rMWXO2MalZdh5hd4gbWYexoYip6qPZDyC0jg96MM",Joaquin Carder,student,t,10,2026-09-07 02:00:06.879652+00,2026-09-07 02:00:06.879652+00,2026,B.E. CSE
jocelyn.cardinal@psgtech.edu,"$argon2id$v=19$m=19456,t=2,p=1$eArnrLW1/rRzVwcR87bxEw$2A/rMWXO2MalZdh5hd4gbWYexoYip6qPZDyC0jg96MM",Jocelyn Cardinal,student,t,10,2026-09-07 02:00:06.879652+00,2026-09-07 02:00:06.879652+00,2026,B.E. CSE
jodi.cardona@psgtech.edu,"$argon2id$v=19$m=19456,t=2,p=1$eArnrLW1/rRzVwcR87bxEw$2A/rMWXO2MalZdh5hd4gbWYexoYip6qPZDyC0jg96MM",Jodi Cardona,student,t,10,2026-09-07 02:00:06.879652+00,2026-09-07 02:00:06.879652+00,2026,B.E. CSE
jodie.cardoza@psgtech.edu,"$argon2id$v=19$m=19456,t=2,p=1$eArnrLW1/rRzVwcR87bxEw$2A/rMWXO2MalZdh5hd4gbWYexoYip6qPZDyC0jg96MM",Jodie Cardoza,student,t,10,2026-09-07 02:00:06.879652+00,2026-09-07 02:00:06.879652+00,2026,B.E. CSE
jody.cardwell@psgtech.edu,"$argon2id$v=19$m=19456,t=2,p=1$eArnrLW1/rRzVwcR87bxEw$2A/rMWXO2MalZdh5hd4gbWYexoYip6qPZDyC0jg96MM",Jody Cardwell,student,t,10,2026-09-07 02:00:06.879652+00,2026-09-07 02:00:06.879652+00,2026,B.E. CSE
joe.carey@psgtech.edu,"$argon2id$v=19$m=19456,t=2,p=1$eArnrLW1/rRzVwcR87bxEw$2A/rMWXO2MalZdh5hd4gbWYexoYip6qPZDyC0jg96MM",Joe Carey,student,t,10,2026-09-07 02:00:06.879652+00,2026-09-07 02:00:06.879652+00,2026,B.E. CSE
joel.carico@psgtech.edu,"$argon2id$v=19$m=19456,t=2,p=1$eArnrLW1/rRzVwcR87bxEw$2A/rMWXO2MalZdh5hd4gbWYexoYip6qPZDyC0jg96MM",Joel Carico,student,t,10,2026-09-07 02:00:06.879652+00,2026-09-07 02:00:06.879652+00,2026,B.E. CSE
joey.carl@psgtech.edu,"$argon2id$v=19$m=19456,t=2,p=1$eArnrLW1/rRzVwcR87bxEw$2A/rMWXO2MalZdh5hd4gbWYexoYip6qPZDyC0jg96MM",Joey Carl,student,t,10,2026-09-07 02:00:06.879652+00,2026-09-07 02:00:06.879652+00,2026,B.E. CSE
johan.carle@psgtech.edu,"$argon2id$v=19$m=19456,t=2,p=1$eArnrLW1/rRzVwcR87bxEw$2A/rMWXO2MalZdh5hd4gbWYexoYip6qPZDyC0jg96MM",Johan Carle,student,t,10,2026-09-07 02:00:06.879652+00,2026-09-07 02:00:06.879652+00,2027,B.E. CSE
johanna.carleton@psgtech.edu,"$argon2id$v=19$m=19456,t=2,p=1$eArnrLW1/rRzVwcR87bxEw$2A/rMWXO2MalZdh5hd4gbWYexoYip6qPZDyC0jg96MM",Johanna Carleton,student,t,10,2026-09-07 02:00:06.879652+00,2026-09-07 02:00:06.879652+00,2027,B.E. CSE
john.carley@psgtech.edu,"$argon2id$v=19$m=19456,t=2,p=1$eArnrLW1/rRzVwcR87bxEw$2A/rMWXO2MalZdh5hd4gbWYexoYip6qPZDyC0jg96MM",John Carley,student,t,10,2026-09-07 02:00:06.879652+00,2026-09-07 02:00:06.879652+00,2027,B.E. CSE
johnathan.carlisle@psgtech.edu,"$argon2id$v=19$m=19456,t=2,p=1$eArnrLW1/rRzVwcR87bxEw$2A/rMWXO2MalZdh5hd4gbWYexoYip6qPZDyC0jg96MM",Johnathan Carlisle,student,t,10,2026-09-07 02:00:06.879652+00,2026-09-07 02:00:06.879652+00,2027,B.E. CSE
johnnie.carlson@psgtech.edu,"$argon2id$v=19$m=19456,t=2,p=1$eArnrLW1/rRzVwcR87bxEw$2A/rMWXO2MalZdh5hd4gbWYexoYip6qPZDyC0jg96MM",Johnnie Carlson,student,t,10,2026-09-07 02:00:06.879652+00,2026-09-07 02:00:06.879652+00,2027,B.E. CSE
johnny.carlton@psgtech.edu,"$argon2id$v=19$m=19456,t=2,p=1$eArnrLW1/rRzVwcR87bxEw$2A/rMWXO2MalZdh5hd4gbWYexoYip6qPZDyC0jg96MM",Johnny Carlton,student,t,10,2026-09-07 02:00:06.879652+00,2026-09-07 02:00:06.879652+00,2027,B.E. CSE
jonah.carman@psgtech.edu,"$argon2id$v=19$m=19456,t=2,p=1$eArnrLW1/rRzVwcR87bxEw$2A/rMWXO2MalZdh5hd4gbWYexoYip6qPZDyC0jg96MM",Jonah Carman,student,t,10,2026-09-07 02:00:06.879652+00,2026-09-07 02:00:06.879652+00,2027,B.E. CSE
jonas.carmichael@psgtech.edu,"$argon2id$v=19$m=19456,t=2,p=1$eArnrLW1/rRzVwcR87bxEw$2A/rMWXO2MalZdh5hd4gbWYexoYip6qPZDyC0jg96MM",Jonas Carmichael,student,t,10,2026-09-07 02:00:06.879652+00,2026-09-07 02:00:06.879652+00,2027,B.E. CSE
jonathan.carmody@psgtech.edu,"$argon2id$v=19$m=19456,t=2,p=1$eArnrLW1/rRzVwcR87bxEw$2A/rMWXO2MalZdh5hd4gbWYexoYip6qPZDyC0jg96MM",Jonathan Carmody,student,t,10,2026-09-07 02:00:06.879652+00,2026-09-07 02:00:06.879652+00,2027,B.E. CSE
jonathon.carnahan@psgtech.edu,"$argon2id$v=19$m=19456,t=2,p=1$eArnrLW1/rRzVwcR87bxEw$2A/rMWXO2MalZdh5hd4gbWYexoYip6qPZDyC0jg96MM",Jonathon Carnahan,student,t,10,2026-09-07 02:00:06.879652+00,2026-09-07 02:00:06.879652+00,2027,B.E. CSE
jordan.carnes@psgtech.edu,"$argon2id$v=19$m=19456,t=2,p=1$eArnrLW1/rRzVwcR87bxEw$2A/rMWXO2MalZdh5hd4gbWYexoYip6qPZDyC0jg96MM",Jordan Carnes,student,t,10,2026-09-07 02:00:06.879652+00,2026-09-07 02:00:06.879652+00,2028,B.E. CSE
jordana.carney@psgtech.edu,"$argon2id$v=19$m=19456,t=2,p=1$eArnrLW1/rRzVwcR87bxEw$2A/rMWXO2MalZdh5hd4gbWYexoYip6qPZDyC0jg96MM",Jordana Carney,student,t,10,2026-09-07 02:00:06.879652+00,2026-09-07 02:00:06.879652+00,2028,B.E. CSE
jordyn.carns@psgtech.edu,"$argon2id$v=19$m=19456,t=2,p=1$eArnrLW1/rRzVwcR87bxEw$2A/rMWXO2MalZdh5hd4gbWYexoYip6qPZDyC0jg96MM",Jordyn Carns,student,t,10,2026-09-07 02:00:06.879652+00,2026-09-07 02:00:06.879652+00,2028,B.E. CSE
jorge.caro@psgtech.edu,"$argon2id$v=19$m=19456,t=2,p=1$eArnrLW1/rRzVwcR87bxEw$2A/rMWXO2MalZdh5hd4gbWYexoYip6qPZDyC0jg96MM",Jorge Caro,student,t,10,2026-09-07 02:00:06.879652+00,2026-09-07 02:00:06.879652+00,2028,B.E. CSE
jose.caron@psgtech.edu,"$argon2id$v=19$m=19456,t=2,p=1$eArnrLW1/rRzVwcR87bxEw$2A/rMWXO2MalZdh5hd4gbWYexoYip6qPZDyC0jg96MM",Jose Caron,student,t,10,2026-09-07 02:00:06.879652+00,2026-09-07 02:00:06.879652+00,2028,B.E. CSE
josef.carpenter@psgtech.edu,"$argon2id$v=19$m=19456,t=2,p=1$eArnrLW1/rRzVwcR87bxEw$2A/rMWXO2MalZdh5hd4gbWYexoYip6qPZDyC0jg96MM",Josef Carpenter,student,t,10,2026-09-07 02:00:06.879652+00,2026-09-07 02:00:06.879652+00,2028,B.E. CSE
josefa.carr@psgtech.edu,"$argon2id$v=19$m=19456,t=2,p=1$eArnrLW1/rRzVwcR87bxEw$2A/rMWXO2MalZdh5hd4gbWYexoYip6qPZDyC0jg96MM",Josefa Carr,student,t,10,2026-09-07 02:00:06.879652+00,2026-09-07 02:00:06.879652+00,2028,B.E. CSE
josefina.carrasco@psgtech.edu,"$argon2id$v=19$m=19456,t=2,p=1$eArnrLW1/rRzVwcR87bxEw$2A/rMWXO2MalZdh5hd4gbWYexoYip6qPZDyC0jg96MM",Josefina Carrasco,student,t,10,2026-09-07 02:00:06.879652+00,2026-09-07 02:00:06.879652+00,2028,B.E. CSE
joseph.carreiro@psgtech.edu,"$argon2id$v=19$m=19456,t=2,p=1$eArnrLW1/rRzVwcR87bxEw$2A/rMWXO2MalZdh5hd4gbWYexoYip6qPZDyC0jg96MM",Joseph Carreiro,student,t,10,2026-09-07 02:00:06.879652+00,2026-09-07 02:00:06.879652+00,2028,B.E. CSE
josephine.carrera@psgtech.edu,"$argon2id$v=19$m=19456,t=2,p=1$eArnrLW1/rRzVwcR87bxEw$2A/rMWXO2MalZdh5hd4gbWYexoYip6qPZDyC0jg96MM",Josephine Carrera,student,t,10,2026-09-07 02:00:06.879652+00,2026-09-07 02:00:06.879652+00,2028,B.E. CSE
josh.carrico@psgtech.edu,"$argon2id$v=19$m=19456,t=2,p=1$eArnrLW1/rRzVwcR87bxEw$2A/rMWXO2MalZdh5hd4gbWYexoYip6qPZDyC0jg96MM",Josh Carrico,student,t,10,2026-09-07 02:00:06.879652+00,2026-09-07 02:00:06.879652+00,2026,M.Tech. DS
joshua.carrier@psgtech.edu,"$argon2id$v=19$m=19456,t=2,p=1$eArnrLW1/rRzVwcR87bxEw$2A/rMWXO2MalZdh5hd4gbWYexoYip6qPZDyC0jg96MM",Joshua Carrier,student,t,10,2026-09-07 02:00:06.879652+00,2026-09-07 02:00:06.879652+00,2026,M.Tech. DS
josiah.carrington@psgtech.edu,"$argon2id$v=19$m=19456,t=2,p=1$eArnrLW1/rRzVwcR87bxEw$2A/rMWXO2MalZdh5hd4gbWYexoYip6qPZDyC0jg96MM",Josiah Carrington,student,t,10,2026-09-07 02:00:06.879652+00,2026-09-07 02:00:06.879652+00,2026,M.Tech. DS
josie.carrion@psgtech.edu,"$argon2id$v=19$m=19456,t=2,p=1$eArnrLW1/rRzVwcR87bxEw$2A/rMWXO2MalZdh5hd4gbWYexoYip6qPZDyC0jg96MM",Josie Carrion,student,t,10,2026-09-07 02:00:06.879652+00,2026-09-07 02:00:06.879652+00,2026,M.Tech. DS
joy.carroll@psgtech.edu,"$argon2id$v=19$m=19456,t=2,p=1$eArnrLW1/rRzVwcR87bxEw$2A/rMWXO2MalZdh5hd4gbWYexoYip6qPZDyC0jg96MM",Joy Carroll,student,t,10,2026-09-07 02:00:06.879652+00,2026-09-07 02:00:06.879652+00,2026,M.Tech. DS
joyce.carson@psgtech.edu,"$argon2id$v=19$m=19456,t=2,p=1$eArnrLW1/rRzVwcR87bxEw$2A/rMWXO2MalZdh5hd4gbWYexoYip6qPZDyC0jg96MM",Joyce Carson,student,t,10,2026-09-07 02:00:06.879652+00,2026-09-07 02:00:06.879652+00,2026,M.Tech. DS
juan.carstens@psgtech.edu,"$argon2id$v=19$m=19456,t=2,p=1$eArnrLW1/rRzVwcR87bxEw$2A/rMWXO2MalZdh5hd4gbWYexoYip6qPZDyC0jg96MM",Juan Carstens,student,t,10,2026-09-07 02:00:06.879652+00,2026-09-07 02:00:06.879652+00,2026,M.Tech. DS
juana.carswell@psgtech.edu,"$argon2id$v=19$m=19456,t=2,p=1$eArnrLW1/rRzVwcR87bxEw$2A/rMWXO2MalZdh5hd4gbWYexoYip6qPZDyC0jg96MM",Juana Carswell,student,t,10,2026-09-07 02:00:06.879652+00,2026-09-07 02:00:06.879652+00,2026,M.Tech. DS
juanita.carter@psgtech.edu,"$argon2id$v=19$m=19456,t=2,p=1$eArnrLW1/rRzVwcR87bxEw$2A/rMWXO2MalZdh5hd4gbWYexoYip6qPZDyC0jg96MM",Juanita Carter,student,t,10,2026-09-07 02:00:06.879652+00,2026-09-07 02:00:06.879652+00,2026,M.Tech. DS
jude.cartwright@psgtech.edu,"$argon2id$v=19$m=19456,t=2,p=1$eArnrLW1/rRzVwcR87bxEw$2A/rMWXO2MalZdh5hd4gbWYexoYip6qPZDyC0jg96MM",Jude Cartwright,student,t,10,2026-09-07 02:00:06.879652+00,2026-09-07 02:00:06.879652+00,2026,M.Tech. DS
judith.caruso@psgtech.edu,"$argon2id$v=19$m=19456,t=2,p=1$eArnrLW1/rRzVwcR87bxEw$2A/rMWXO2MalZdh5hd4gbWYexoYip6qPZDyC0jg96MM",Judith Caruso,student,t,10,2026-09-07 02:00:06.879652+00,2026-09-07 02:00:06.879652+00,2027,M.Tech. DS
judson.carver@psgtech.edu,"$argon2id$v=19$m=19456,t=2,p=1$eArnrLW1/rRzVwcR87bxEw$2A/rMWXO2MalZdh5hd4gbWYexoYip6qPZDyC0jg96MM",Judson Carver,student,t,10,2026-09-07 02:00:06.879652+00,2026-09-07 02:00:06.879652+00,2027,M.Tech. DS
judy.cary@psgtech.edu,"$argon2id$v=19$m=19456,t=2,p=1$eArnrLW1/rRzVwcR87bxEw$2A/rMWXO2MalZdh5hd4gbWYexoYip6qPZDyC0jg96MM",Judy Cary,student,t,10,2026-09-07 02:00:06.879652+00,2026-09-07 02:00:06.879652+00,2027,M.Tech. DS
julian.casale@psgtech.edu,"$argon2id$v=19$m=19456,t=2,p=1$eArnrLW1/rRzVwcR87bxEw$2A/rMWXO2MalZdh5hd4gbWYexoYip6qPZDyC0jg96MM",Julian Casale,student,t,10,2026-09-07 02:00:06.879652+00,2026-09-07 02:00:06.879652+00,2027,M.Tech. DS
juliana.casas@psgtech.edu,"$argon2id$v=19$m=19456,t=2,p=1$eArnrLW1/rRzVwcR87bxEw$2A/rMWXO2MalZdh5hd4gbWYexoYip6qPZDyC0jg96MM",Juliana Casas,student,t,10,2026-09-07 02:00:06.879652+00,2026-09-07 02:00:06.879652+00,2027,M.Tech. DS
juliane.casavant@psgtech.edu,"$argon2id$v=19$m=19456,t=2,p=1$eArnrLW1/rRzVwcR87bxEw$2A/rMWXO2MalZdh5hd4gbWYexoYip6qPZDyC0jg96MM",Juliane Casavant,student,t,10,2026-09-07 02:00:06.879652+00,2026-09-07 02:00:06.879652+00,2027,M.Tech. DS
julianna.case@psgtech.edu,"$argon2id$v=19$m=19456,t=2,p=1$eArnrLW1/rRzVwcR87bxEw$2A/rMWXO2MalZdh5hd4gbWYexoYip6qPZDyC0jg96MM",Julianna Case,student,t,10,2026-09-07 02:00:06.879652+00,2026-09-07 02:00:06.879652+00,2027,M.Tech. DS
julianne.casey@psgtech.edu,"$argon2id$v=19$m=19456,t=2,p=1$eArnrLW1/rRzVwcR87bxEw$2A/rMWXO2MalZdh5hd4gbWYexoYip6qPZDyC0jg96MM",Julianne Casey,student,t,10,2026-09-07 02:00:06.879652+00,2026-09-07 02:00:06.879652+00,2027,M.Tech. DS
julie.cash@psgtech.edu,"$argon2id$v=19$m=19456,t=2,p=1$eArnrLW1/rRzVwcR87bxEw$2A/rMWXO2MalZdh5hd4gbWYexoYip6qPZDyC0jg96MM",Julie Cash,student,t,10,2026-09-07 02:00:06.879652+00,2026-09-07 02:00:06.879652+00,2027,M.Tech. DS
julien.cashel@psgtech.edu,"$argon2id$v=19$m=19456,t=2,p=1$eArnrLW1/rRzVwcR87bxEw$2A/rMWXO2MalZdh5hd4gbWYexoYip6qPZDyC0jg96MM",Julien Cashel,student,t,10,2026-09-07 02:00:06.879652+00,2026-09-07 02:00:06.879652+00,2027,M.Tech. DS
juliette.casillas@psgtech.edu,"$argon2id$v=19$m=19456,t=2,p=1$eArnrLW1/rRzVwcR87bxEw$2A/rMWXO2MalZdh5hd4gbWYexoYip6qPZDyC0jg96MM",Juliette Casillas,student,t,10,2026-09-07 02:00:06.879652+00,2026-09-07 02:00:06.879652+00,2028,M.Tech. DS
julio.caskey@psgtech.edu,"$argon2id$v=19$m=19456,t=2,p=1$eArnrLW1/rRzVwcR87bxEw$2A/rMWXO2MalZdh5hd4gbWYexoYip6qPZDyC0jg96MM",Julio Caskey,student,t,10,2026-09-07 02:00:06.879652+00,2026-09-07 02:00:06.879652+00,2028,M.Tech. DS
julius.casper@psgtech.edu,"$argon2id$v=19$m=19456,t=2,p=1$eArnrLW1/rRzVwcR87bxEw$2A/rMWXO2MalZdh5hd4gbWYexoYip6qPZDyC0jg96MM",Julius Casper,student,t,10,2026-09-07 02:00:06.879652+00,2026-09-07 02:00:06.879652+00,2028,M.Tech. DS
june.cass@psgtech.edu,"$argon2id$v=19$m=19456,t=2,p=1$eArnrLW1/rRzVwcR87bxEw$2A/rMWXO2MalZdh5hd4gbWYexoYip6qPZDyC0jg96MM",June Cass,student,t,10,2026-09-07 02:00:06.879652+00,2026-09-07 02:00:06.879652+00,2028,M.Tech. DS
junior.cassidy@psgtech.edu,"$argon2id$v=19$m=19456,t=2,p=1$eArnrLW1/rRzVwcR87bxEw$2A/rMWXO2MalZdh5hd4gbWYexoYip6qPZDyC0jg96MM",Junior Cassidy,student,t,10,2026-09-07 02:00:06.879652+00,2026-09-07 02:00:06.879652+00,2028,M.Tech. DS
justice.castaneda@psgtech.edu,"$argon2id$v=19$m=19456,t=2,p=1$eArnrLW1/rRzVwcR87bxEw$2A/rMWXO2MalZdh5hd4gbWYexoYip6qPZDyC0jg96MM",Justice Castaneda,student,t,10,2026-09-07 02:00:06.879652+00,2026-09-07 02:00:06.879652+00,2028,M.Tech. DS
justin.castellano@psgtech.edu,"$argon2id$v=19$m=19456,t=2,p=1$eArnrLW1/rRzVwcR87bxEw$2A/rMWXO2MalZdh5hd4gbWYexoYip6qPZDyC0jg96MM",Justin Castellano,student,t,10,2026-09-07 02:00:06.879652+00,2026-09-07 02:00:06.879652+00,2028,M.Tech. DS
justine.castilleja@psgtech.edu,"$argon2id$v=19$m=19456,t=2,p=1$eArnrLW1/rRzVwcR87bxEw$2A/rMWXO2MalZdh5hd4gbWYexoYip6qPZDyC0jg96MM",Justine Castilleja,student,t,10,2026-09-07 02:00:06.879652+00,2026-09-07 02:00:06.879652+00,2028,M.Tech. DS
justus.castillo@psgtech.edu,"$argon2id$v=19$m=19456,t=2,p=1$eArnrLW1/rRzVwcR87bxEw$2A/rMWXO2MalZdh5hd4gbWYexoYip6qPZDyC0jg96MM",Justus Castillo,student,t,10,2026-09-07 02:00:06.879652+00,2026-09-07 02:00:06.879652+00,2028,M.Tech. DS
kabir.castle@psgtech.edu,"$argon2id$v=19$m=19456,t=2,p=1$eArnrLW1/rRzVwcR87bxEw$2A/rMWXO2MalZdh5hd4gbWYexoYip6qPZDyC0jg96MM",Kabir Castle,student,t,10,2026-09-07 02:00:06.879652+00,2026-09-07 02:00:06.879652+00,2028,M.Tech. DS
kade.castro@psgtech.edu,"$argon2id$v=19$m=19456,t=2,p=1$eArnrLW1/rRzVwcR87bxEw$2A/rMWXO2MalZdh5hd4gbWYexoYip6qPZDyC0jg96MM",Kade Castro,student,t,10,2026-09-07 02:00:06.879652+00,2026-09-07 02:00:06.879652+00,2026,BBA
kaden.caswell@psgtech.edu,"$argon2id$v=19$m=19456,t=2,p=1$eArnrLW1/rRzVwcR87bxEw$2A/rMWXO2MalZdh5hd4gbWYexoYip6qPZDyC0jg96MM",Kaden Caswell,student,t,10,2026-09-07 02:00:06.879652+00,2026-09-07 02:00:06.879652+00,2026,BBA
kaeden.catalano@psgtech.edu,"$argon2id$v=19$m=19456,t=2,p=1$eArnrLW1/rRzVwcR87bxEw$2A/rMWXO2MalZdh5hd4gbWYexoYip6qPZDyC0jg96MM",Kaeden Catalano,student,t,10,2026-09-07 02:00:06.879652+00,2026-09-07 02:00:06.879652+00,2026,BBA
kael.cates@psgtech.edu,"$argon2id$v=19$m=19456,t=2,p=1$eArnrLW1/rRzVwcR87bxEw$2A/rMWXO2MalZdh5hd4gbWYexoYip6qPZDyC0jg96MM",Kael Cates,student,t,10,2026-09-07 02:00:06.879652+00,2026-09-07 02:00:06.879652+00,2026,BBA
kaela.cathcart@psgtech.edu,"$argon2id$v=19$m=19456,t=2,p=1$eArnrLW1/rRzVwcR87bxEw$2A/rMWXO2MalZdh5hd4gbWYexoYip6qPZDyC0jg96MM",Kaela Cathcart,student,t,10,2026-09-07 02:00:06.879652+00,2026-09-07 02:00:06.879652+00,2026,BBA
kagome.cathey@psgtech.edu,"$argon2id$v=19$m=19456,t=2,p=1$eArnrLW1/rRzVwcR87bxEw$2A/rMWXO2MalZdh5hd4gbWYexoYip6qPZDyC0jg96MM",Kagome Cathey,student,t,10,2026-09-07 02:00:06.879652+00,2026-09-07 02:00:06.879652+00,2026,BBA
kai.catlett@psgtech.edu,"$argon2id$v=19$m=19456,t=2,p=1$eArnrLW1/rRzVwcR87bxEw$2A/rMWXO2MalZdh5hd4gbWYexoYip6qPZDyC0jg96MM",Kai Catlett,student,t,10,2026-09-07 02:00:06.879652+00,2026-09-07 02:00:06.879652+00,2026,BBA
kaia.cato@psgtech.edu,"$argon2id$v=19$m=19456,t=2,p=1$eArnrLW1/rRzVwcR87bxEw$2A/rMWXO2MalZdh5hd4gbWYexoYip6qPZDyC0jg96MM",Kaia Cato,student,t,10,2026-09-07 02:00:06.879652+00,2026-09-07 02:00:06.879652+00,2026,BBA
kailyn.catterall@psgtech.edu,"$argon2id$v=19$m=19456,t=2,p=1$eArnrLW1/rRzVwcR87bxEw$2A/rMWXO2MalZdh5hd4gbWYexoYip6qPZDyC0jg96MM",Kailyn Catterall,student,t,10,2026-09-07 02:00:06.879652+00,2026-09-07 02:00:06.879652+00,2026,BBA
kaitlin.caudill@psgtech.edu,"$argon2id$v=19$m=19456,t=2,p=1$eArnrLW1/rRzVwcR87bxEw$2A/rMWXO2MalZdh5hd4gbWYexoYip6qPZDyC0jg96MM",Kaitlin Caudill,student,t,10,2026-09-07 02:00:06.879652+00,2026-09-07 02:00:06.879652+00,2026,BBA
kaitlyn.caughman@psgtech.edu,"$argon2id$v=19$m=19456,t=2,p=1$eArnrLW1/rRzVwcR87bxEw$2A/rMWXO2MalZdh5hd4gbWYexoYip6qPZDyC0jg96MM",Kaitlyn Caughman,student,t,10,2026-09-07 02:00:06.879652+00,2026-09-07 02:00:06.879652+00,2027,BBA
kaleb.caulfield@psgtech.edu,"$argon2id$v=19$m=19456,t=2,p=1$eArnrLW1/rRzVwcR87bxEw$2A/rMWXO2MalZdh5hd4gbWYexoYip6qPZDyC0jg96MM",Kaleb Caulfield,student,t,10,2026-09-07 02:00:06.879652+00,2026-09-07 02:00:06.879652+00,2027,BBA
kalel.cavanaugh@psgtech.edu,"$argon2id$v=19$m=19456,t=2,p=1$eArnrLW1/rRzVwcR87bxEw$2A/rMWXO2MalZdh5hd4gbWYexoYip6qPZDyC0jg96MM",Kalel Cavanaugh,student,t,10,2026-09-07 02:00:06.879652+00,2026-09-07 02:00:06.879652+00,2027,BBA
kali.cave@psgtech.edu,"$argon2id$v=19$m=19456,t=2,p=1$eArnrLW1/rRzVwcR87bxEw$2A/rMWXO2MalZdh5hd4gbWYexoYip6qPZDyC0jg96MM",Kali Cave,student,t,10,2026-09-07 02:00:06.879652+00,2026-09-07 02:00:06.879652+00,2027,BBA
kallie.caverly@psgtech.edu,"$argon2id$v=19$m=19456,t=2,p=1$eArnrLW1/rRzVwcR87bxEw$2A/rMWXO2MalZdh5hd4gbWYexoYip6qPZDyC0jg96MM",Kallie Caverly,student,t,10,2026-09-07 02:00:06.879652+00,2026-09-07 02:00:06.879652+00,2027,BBA
kamari.cawley@psgtech.edu,"$argon2id$v=19$m=19456,t=2,p=1$eArnrLW1/rRzVwcR87bxEw$2A/rMWXO2MalZdh5hd4gbWYexoYip6qPZDyC0jg96MM",Kamari Cawley,student,t,10,2026-09-07 02:00:06.879652+00,2026-09-07 02:00:06.879652+00,2027,BBA
kamala.caylor@psgtech.edu,"$argon2id$v=19$m=19456,t=2,p=1$eArnrLW1/rRzVwcR87bxEw$2A/rMWXO2MalZdh5hd4gbWYexoYip6qPZDyC0jg96MM",Kamala Caylor,student,t,10,2026-09-07 02:00:06.879652+00,2026-09-07 02:00:06.879652+00,2027,BBA
kamden.cecil@psgtech.edu,"$argon2id$v=19$m=19456,t=2,p=1$eArnrLW1/rRzVwcR87bxEw$2A/rMWXO2MalZdh5hd4gbWYexoYip6qPZDyC0jg96MM",Kamden Cecil,student,t,10,2026-09-07 02:00:06.879652+00,2026-09-07 02:00:06.879652+00,2027,BBA
kamil.cederberg@psgtech.edu,"$argon2id$v=19$m=19456,t=2,p=1$eArnrLW1/rRzVwcR87bxEw$2A/rMWXO2MalZdh5hd4gbWYexoYip6qPZDyC0jg96MM",Kamil Cederberg,student,t,10,2026-09-07 02:00:06.879652+00,2026-09-07 02:00:06.879652+00,2027,BBA
kane.centeno@psgtech.edu,"$argon2id$v=19$m=19456,t=2,p=1$eArnrLW1/rRzVwcR87bxEw$2A/rMWXO2MalZdh5hd4gbWYexoYip6qPZDyC0jg96MM",Kane Centeno,student,t,10,2026-09-07 02:00:06.879652+00,2026-09-07 02:00:06.879652+00,2027,BBA
kara.cerda@psgtech.edu,"$argon2id$v=19$m=19456,t=2,p=1$eArnrLW1/rRzVwcR87bxEw$2A/rMWXO2MalZdh5hd4gbWYexoYip6qPZDyC0jg96MM",Kara Cerda,student,t,10,2026-09-07 02:00:06.879652+00,2026-09-07 02:00:06.879652+00,2028,BBA
kareem.cernak@psgtech.edu,"$argon2id$v=19$m=19456,t=2,p=1$eArnrLW1/rRzVwcR87bxEw$2A/rMWXO2MalZdh5hd4gbWYexoYip6qPZDyC0jg96MM",Kareem Cernak,student,t,10,2026-09-07 02:00:06.879652+00,2026-09-07 02:00:06.879652+00,2028,BBA
karen.chacon@psgtech.edu,"$argon2id$v=19$m=19456,t=2,p=1$eArnrLW1/rRzVwcR87bxEw$2A/rMWXO2MalZdh5hd4gbWYexoYip6qPZDyC0jg96MM",Karen Chacon,student,t,10,2026-09-07 02:00:06.879652+00,2026-09-07 02:00:06.879652+00,2028,BBA
kari.chadbourne@psgtech.edu,"$argon2id$v=19$m=19456,t=2,p=1$eArnrLW1/rRzVwcR87bxEw$2A/rMWXO2MalZdh5hd4gbWYexoYip6qPZDyC0jg96MM",Kari Chadbourne,student,t,10,2026-09-07 02:00:06.879652+00,2026-09-07 02:00:06.879652+00,2028,BBA
karin.chadwick@psgtech.edu,"$argon2id$v=19$m=19456,t=2,p=1$eArnrLW1/rRzVwcR87bxEw$2A/rMWXO2MalZdh5hd4gbWYexoYip6qPZDyC0jg96MM",Karin Chadwick,student,t,10,2026-09-07 02:00:06.879652+00,2026-09-07 02:00:06.879652+00,2028,BBA
karina.chaffee@psgtech.edu,"$argon2id$v=19$m=19456,t=2,p=1$eArnrLW1/rRzVwcR87bxEw$2A/rMWXO2MalZdh5hd4gbWYexoYip6qPZDyC0jg96MM",Karina Chaffee,student,t,10,2026-09-07 02:00:06.879652+00,2026-09-07 02:00:06.879652+00,2028,BBA
karis.chaffin@psgtech.edu,"$argon2id$v=19$m=19456,t=2,p=1$eArnrLW1/rRzVwcR87bxEw$2A/rMWXO2MalZdh5hd4gbWYexoYip6qPZDyC0jg96MM",Karis Chaffin,student,t,10,2026-09-07 02:00:06.879652+00,2026-09-07 02:00:06.879652+00,2028,BBA
karla.chalmers@psgtech.edu,"$argon2id$v=19$m=19456,t=2,p=1$eArnrLW1/rRzVwcR87bxEw$2A/rMWXO2MalZdh5hd4gbWYexoYip6qPZDyC0jg96MM",Karla Chalmers,student,t,10,2026-09-07 02:00:06.879652+00,2026-09-07 02:00:06.879652+00,2028,BBA
karol.chamberlain@psgtech.edu,"$argon2id$v=19$m=19456,t=2,p=1$eArnrLW1/rRzVwcR87bxEw$2A/rMWXO2MalZdh5hd4gbWYexoYip6qPZDyC0jg96MM",Karol Chamberlain,student,t,10,2026-09-07 02:00:06.879652+00,2026-09-07 02:00:06.879652+00,2028,BBA
karolina.chambers@psgtech.edu,"$argon2id$v=19$m=19456,t=2,p=1$eArnrLW1/rRzVwcR87bxEw$2A/rMWXO2MalZdh5hd4gbWYexoYip6qPZDyC0jg96MM",Karolina Chambers,student,t,10,2026-09-07 02:00:06.879652+00,2026-09-07 02:00:06.879652+00,2028,BBA
