email,password_hash,full_name,role,avatar_url,is_active,department,institution_id,created_at,updated_at,batch,class,branch
aahana.akula@dgvaishnav.edu.in,"$argon2id$v=19$m=19456,t=2,p=1$eArnrLW1/rRzVwcR87bxEw$2A/rMWXO2MalZdh5hd4gbWYexoYip6qPZDyC0jg96MM",Aahana Akula,student,,t,B.Sc. Biochem,183b3f5e-8a32-4972-ac8b-cf77dfe6a6c5,2026-09-07 02:00:06.879652+00,2026-09-07 02:00:06.879652+00,2026,,B.Sc. Biochem
aanya.adiga@dgvaishnav.edu.in,"$argon2id$v=19$m=19456,t=2,p=1$eArnrLW1/rRzVwcR87bxEw$2A/rMWXO2MalZdh5hd4gbWYexoYip6qPZDyC0jg96MM",Aanya Adiga,faculty,,t,M.Sc. Maths,183b3f5e-8a32-4972-ac8b-cf77dfe6a6c5,2026-09-07 02:00:06.879652+00,2026-09-07 02:00:06.879652+00,,,M.Sc. Maths
aarav.acharya@dgvaishnav.edu.in,"$argon2id$v=19$m=19456,t=2,p=1$eArnrLW1/rRzVwcR87bxEw$2A/rMWXO2MalZdh5hd4gbWYexoYip6qPZDyC0jg96MM",Aarav Acharya,faculty,,t,B.Sc. Biochem,183b3f5e-8a32-4972-ac8b-cf77dfe6a6c5,2026-09-07 02:00:06.879652+00,2026-09-07 02:00:06.879652+00,,,B.Sc. Biochem
aarush.agarwal@dgvaishnav.edu.in,"$argon2id$v=19$m=19456,t=2,p=1$eArnrLW1/rRzVwcR87bxEw$2A/rMWXO2MalZdh5hd4gbWYexoYip6qPZDyC0jg96MM",Aarush Agarwal,faculty,,t,B.E. CSE,183b3f5e-8a32-4972-ac8b-cf77dfe6a6c5,2026-09-07 02:00:06.879652+00,2026-09-07 02:00:06.879652+00,,,B.E. CSE
aayush.agnihotri@dgvaishnav.edu.in,"$argon2id$v=19$m=19456,t=2,p=1$eArnrLW1/rRzVwcR87bxEw$2A/rMWXO2MalZdh5hd4gbWYexoYip6qPZDyC0jg96MM",Aayush Agnihotri,faculty,,t,M.Tech. DS,183b3f5e-8a32-4972-ac8b-cf77dfe6a6c5,2026-09-07 02:00:06.879652+00,2026-09-07 02:00:06.879652+00,,,M.Tech. DS
abhay.nangia@presidency.edu.in,"$argon2id$v=19$m=19456,t=2,p=1$eArnrLW1/rRzVwcR87bxEw$2A/rMWXO2MalZdh5hd4gbWYexoYip6qPZDyC0jg96MM",Abhay Nangia,student,,t,M.Sc. Maths,785e7c89-2068-4c2c-8790-dbcf18b64a4a,2026-09-07 02:00:06.879652+00,2026-09-07 02:00:06.879652+00,2027,,M.Sc. Maths
abigail.naoroji@presidency.edu.in,"$argon2id$v=19$m=19456,t=2,p=1$eArnrLW1/rRzVwcR87bxEw$2A/rMWXO2MalZdh5hd4gbWYexoYip6qPZDyC0jg96MM",Abigail Naoroji,student,,t,M.Sc. Maths,785e7c89-2068-4c2c-8790-dbcf18b64a4a,2026-09-07 02:00:06.879652+00,2026-09-07 02:00:06.879652+00,2027,,M.Sc. Maths
abraham.narang@presidency.edu.in,"$argon2id$v=19$m=19456,t=2,p=1$eArnrLW1/rRzVwcR87bxEw$2A/rMWXO2MalZdh5hd4gbWYexoYip6qPZDyC0jg96MM",Abraham Narang,student,,t,M.Sc. Maths,785e7c89-2068-4c2c-8790-dbcf18b64a4a,2026-09-07 02:00:06.879652+00,2026-09-07 02:00:06.879652+00,2027,,M.Sc. Maths
adaline.narayanan@presidency.edu.in,"$argon2id$v=19$m=19456,t=2,p=1$eArnrLW1/rRzVwcR87bxEw$2A/rMWXO2MalZdh5hd4gbWYexoYip6qPZDyC0jg96MM",Adaline Narayanan,student,,t,M.Sc. Maths,785e7c89-2068-4c2c-8790-dbcf18b64a4a,2026-09-07 02:00:06.879652+00,2026-09-07 02:00:06.879652+00,2027,,M.Sc. Maths
adam.narayan@presidency.edu.in,"$argon2id$v=19$m=19456,t=2,p=1$eArnrLW1/rRzVwcR87bxEw$2A/rMWXO2MalZdh5hd4gbWYexoYip6qPZDyC0jg96MM",Adam Narayan,student,,t,M.Sc. Maths,785e7c89-2068-4c2c-8790-dbcf18b64a4a,2026-09-07 02:00:06.879652+00,2026-09-07 02:00:06.879652+00,2027,,M.Sc. Maths
ada.narasimhan@presidency.edu.in,"$argon2id$v=19$m=19456,t=2,p=1$eArnrLW1/rRzVwcR87bxEw$2A/rMWXO2MalZdh5hd4gbWYexoYip6qPZDyC0jg96MM",Ada Narasimhan,student,,t,M.Sc. Maths,785e7c89-2068-4c2c-8790-dbcf18b64a4a,2026-09-07 02:00:06.879652+00,2026-09-07 02:00:06.879652+00,2027,,M.Sc. Maths
adelaide.narendran@presidency.edu.in,"$argon2id$v=19$m=19456,t=2,p=1$eArnrLW1/rRzVwcR87bxEw$2A/rMWXO2MalZdh5hd4gbWYexoYip6qPZDyC0jg96MM",Adelaide Narendran,student,,t,M.Sc. Maths,785e7c89-2068-4c2c-8790-dbcf18b64a4a,2026-09-07 02:00:06.879652+00,2026-09-07 02:00:06.879652+00,2027,,M.Sc. Maths
adele.nariman@presidency.edu.in,"$argon2id$v=19$m=19456,t=2,p=1$eArnrLW1/rRzVwcR87bxEw$2A/rMWXO2MalZdh5hd4gbWYexoYip6qPZDyC0jg96MM",Adele Nariman,student,,t,M.Sc. Maths,785e7c89-2068-4c2c-8790-dbcf18b64a4a,2026-09-07 02:00:06.879652+00,2026-09-07 02:00:06.879652+00,2027,,M.Sc. Maths
aden.narlikar@presidency.edu.in,"$argon2id$v=19$m=19456,t=2,p=1$eArnrLW1/rRzVwcR87bxEw$2A/rMWXO2MalZdh5hd4gbWYexoYip6qPZDyC0jg96MM",Aden Narlikar,student,,t,M.Sc. Maths,785e7c89-2068-4c2c-8790-dbcf18b64a4a,2026-09-07 02:00:06.879652+00,2026-09-07 02:00:06.879652+00,2027,,M.Sc. Maths
aditi.ahuja@dgvaishnav.edu.in,"$argon2id$v=19$m=19456,t=2,p=1$eArnrLW1/rRzVwcR87bxEw$2A/rMWXO2MalZdh5hd4gbWYexoYip6qPZDyC0jg96MM",Aditi Ahuja,student,,t,B.Sc. Biochem,183b3f5e-8a32-4972-ac8b-cf77dfe6a6c5,2026-09-07 02:00:06.879652+00,2026-09-07 02:00:06.879652+00,2026,,B.Sc. Biochem
aditiya.narula@presidency.edu.in,"$argon2id$v=19$m=19456,t=2,p=1$eArnrLW1/rRzVwcR87bxEw$2A/rMWXO2MalZdh5hd4gbWYexoYip6qPZDyC0jg96MM",Aditiya Narula,student,,t,M.Sc. Maths,785e7c89-2068-4c2c-8790-dbcf18b64a4a,2026-09-07 02:00:06.879652+00,2026-09-07 02:00:06.879652+00,2027,,M.Sc. Maths
adley.nasir@presidency.edu.in,"$argon2id$v=19$m=19456,t=2,p=1$eArnrLW1/rRzVwcR87bxEw$2A/rMWXO2MalZdh5hd4gbWYexoYip6qPZDyC0jg96MM",Adley Nasir,student,,t,M.Sc. Maths,785e7c89-2068-4c2c-8790-dbcf18b64a4a,2026-09-07 02:00:06.879652+00,2026-09-07 02:00:06.879652+00,2028,,M.Sc. Maths
admin@janv.dev,"$argon2id$v=19$m=19456,t=2,p=1$4cBOIf/FRdiMlcb5CHu+pQ$QpPwP1Z6j0eWbmVbaCIa96n2DuG/Mr4jkIT69c+FtQg",Super Admin,super_admin,,t,,,2026-09-06 10:58:00.454279+00,2026-09-06 10:58:00.454279+00,,,
adriana.nathani@presidency.edu.in,"$argon2id$v=19$m=19456,t=2,p=1$eArnrLW1/rRzVwcR87bxEw$2A/rMWXO2MalZdh5hd4gbWYexoYip6qPZDyC0jg96MM",Adriana Nathani,student,,t,M.Sc. Maths,785e7c89-2068-4c2c-8790-dbcf18b64a4a,2026-09-07 02:00:06.879652+00,2026-09-07 02:00:06.879652+00,2028,,M.Sc. Maths
adrian.natarajan@presidency.edu.in,"$argon2id$v=19$m=19456,t=2,p=1$eArnrLW1/rRzVwcR87bxEw$2A/rMWXO2MalZdh5hd4gbWYexoYip6qPZDyC0jg96MM",Adrian Natarajan,student,,t,M.Sc. Maths,785e7c89-2068-4c2c-8790-dbcf18b64a4a,2026-09-07 02:00:06.879652+00,2026-09-07 02:00:06.879652+00,2028,,M.Sc. Maths
adrienne.nathawat@presidency.edu.in,"$argon2id$v=19$m=19456,t=2,p=1$eArnrLW1/rRzVwcR87bxEw$2A/rMWXO2MalZdh5hd4gbWYexoYip6qPZDyC0jg96MM",Adrienne Nathawat,student,,t,M.Sc. Maths,785e7c89-2068-4c2c-8790-dbcf18b64a4a,2026-09-07 02:00:06.879652+00,2026-09-07 02:00:06.879652+00,2028,,M.Sc. Maths
advait.ahluwalia@dgvaishnav.edu.in,"$argon2id$v=19$m=19456,t=2,p=1$eArnrLW1/rRzVwcR87bxEw$2A/rMWXO2MalZdh5hd4gbWYexoYip6qPZDyC0jg96MM",Advait Ahluwalia,faculty,,t,BBA,183b3f5e-8a32-4972-ac8b-cf77dfe6a6c5,2026-09-07 02:00:06.879652+00,2026-09-07 02:00:06.879652+00,,,BBA
agastya.aiyer@dgvaishnav.edu.in,"$argon2id$v=19$m=19456,t=2,p=1$eArnrLW1/rRzVwcR87bxEw$2A/rMWXO2MalZdh5hd4gbWYexoYip6qPZDyC0jg96MM",Agastya Aiyer,student,,t,B.Sc. Biochem,183b3f5e-8a32-4972-ac8b-cf77dfe6a6c5,2026-09-07 02:00:06.879652+00,2026-09-07 02:00:06.879652+00,2026,,B.Sc. Biochem
agatha.nautiyal@presidency.edu.in,"$argon2id$v=19$m=19456,t=2,p=1$eArnrLW1/rRzVwcR87bxEw$2A/rMWXO2MalZdh5hd4gbWYexoYip6qPZDyC0jg96MM",Agatha Nautiyal,student,,t,M.Sc. Maths,785e7c89-2068-4c2c-8790-dbcf18b64a4a,2026-09-07 02:00:06.879652+00,2026-09-07 02:00:06.879652+00,2028,,M.Sc. Maths
agnes.nayak@presidency.edu.in,"$argon2id$v=19$m=19456,t=2,p=1$eArnrLW1/rRzVwcR87bxEw$2A/rMWXO2MalZdh5hd4gbWYexoYip6qPZDyC0jg96MM",Agnes Nayak,student,,t,M.Sc. Maths,785e7c89-2068-4c2c-8790-dbcf18b64a4a,2026-09-07 02:00:06.879652+00,2026-09-07 02:00:06.879652+00,2028,,M.Sc. Maths
aidan.nayar@presidency.edu.in,"$argon2id$v=19$m=19456,t=2,p=1$eArnrLW1/rRzVwcR87bxEw$2A/rMWXO2MalZdh5hd4gbWYexoYip6qPZDyC0jg96MM",Aidan Nayar,student,,t,M.Sc. Maths,785e7c89-2068-4c2c-8790-dbcf18b64a4a,2026-09-07 02:00:06.879652+00,2026-09-07 02:00:06.879652+00,2028,,M.Sc. Maths
aileen.negi@presidency.edu.in,"$argon2id$v=19$m=19456,t=2,p=1$eArnrLW1/rRzVwcR87bxEw$2A/rMWXO2MalZdh5hd4gbWYexoYip6qPZDyC0jg96MM",Aileen Negi,student,,t,M.Sc. Maths,785e7c89-2068-4c2c-8790-dbcf18b64a4a,2026-09-07 02:00:06.879652+00,2026-09-07 02:00:06.879652+00,2028,,M.Sc. Maths
ainsley.nerurkar@presidency.edu.in,"$argon2id$v=19$m=19456,t=2,p=1$eArnrLW1/rRzVwcR87bxEw$2A/rMWXO2MalZdh5hd4gbWYexoYip6qPZDyC0jg96MM",Ainsley Nerurkar,student,,t,M.Sc. Maths,785e7c89-2068-4c2c-8790-dbcf18b64a4a,2026-09-07 02:00:06.879652+00,2026-09-07 02:00:06.879652+00,2028,,M.Sc. Maths
akash.alam@dgvaishnav.edu.in,"$argon2id$v=19$m=19456,t=2,p=1$eArnrLW1/rRzVwcR87bxEw$2A/rMWXO2MalZdh5hd4gbWYexoYip6qPZDyC0jg96MM",Akash Alam,student,,t,B.Sc. Biochem,183b3f5e-8a32-4972-ac8b-cf77dfe6a6c5,2026-09-07 02:00:06.879652+00,2026-09-07 02:00:06.879652+00,2026,,B.Sc. Biochem
akshara.alva@dgvaishnav.edu.in,"$argon2id$v=19$m=19456,t=2,p=1$eArnrLW1/rRzVwcR87bxEw$2A/rMWXO2MalZdh5hd4gbWYexoYip6qPZDyC0jg96MM",Akshara Alva,student,,t,B.Sc. Biochem,183b3f5e-8a32-4972-ac8b-cf77dfe6a6c5,2026-09-07 02:00:06.879652+00,2026-09-07 02:00:06.879652+00,2026,,B.Sc. Biochem
alana.nihalani@presidency.edu.in,"$argon2id$v=19$m=19456,t=2,p=1$eArnrLW1/rRzVwcR87bxEw$2A/rMWXO2MalZdh5hd4gbWYexoYip6qPZDyC0jg96MM",Alana Nihalani,student,,t,B.E. CSE,785e7c89-2068-4c2c-8790-dbcf18b64a4a,2026-09-07 02:00:06.879652+00,2026-09-07 02:00:06.879652+00,2026,,B.E. CSE
alanna.nimbalkar@presidency.edu.in,"$argon2id$v=19$m=19456,t=2,p=1$eArnrLW1/rRzVwcR87bxEw$2A/rMWXO2MalZdh5hd4gbWYexoYip6qPZDyC0jg96MM",Alanna Nimbalkar,student,,t,B.E. CSE,785e7c89-2068-4c2c-8790-dbcf18b64a4a,2026-09-07 02:00:06.879652+00,2026-09-07 02:00:06.879652+00,2026,,B.E. CSE
alan.nigam@presidency.edu.in,"$argon2id$v=19$m=19456,t=2,p=1$eArnrLW1/rRzVwcR87bxEw$2A/rMWXO2MalZdh5hd4gbWYexoYip6qPZDyC0jg96MM",Alan Nigam,student,,t,M.Sc. Maths,785e7c89-2068-4c2c-8790-dbcf18b64a4a,2026-09-07 02:00:06.879652+00,2026-09-07 02:00:06.879652+00,2028,,M.Sc. Maths
alberta.niyogi@presidency.edu.in,"$argon2id$v=19$m=19456,t=2,p=1$eArnrLW1/rRzVwcR87bxEw$2A/rMWXO2MalZdh5hd4gbWYexoYip6qPZDyC0jg96MM",Alberta Niyogi,student,,t,B.E. CSE,785e7c89-2068-4c2c-8790-dbcf18b64a4a,2026-09-07 02:00:06.879652+00,2026-09-07 02:00:06.879652+00,2026,,B.E. CSE
albert.nischal@presidency.edu.in,"$argon2id$v=19$m=19456,t=2,p=1$eArnrLW1/rRzVwcR87bxEw$2A/rMWXO2MalZdh5hd4gbWYexoYip6qPZDyC0jg96MM",Albert Nischal,student,,t,B.E. CSE,785e7c89-2068-4c2c-8790-dbcf18b64a4a,2026-09-07 02:00:06.879652+00,2026-09-07 02:00:06.879652+00,2026,,B.E. CSE
alec.oberoi@presidency.edu.in,"$argon2id$v=19$m=19456,t=2,p=1$eArnrLW1/rRzVwcR87bxEw$2A/rMWXO2MalZdh5hd4gbWYexoYip6qPZDyC0jg96MM",Alec Oberoi,student,,t,B.E. CSE,785e7c89-2068-4c2c-8790-dbcf18b64a4a,2026-09-07 02:00:06.879652+00,2026-09-07 02:00:06.879652+00,2026,,B.E. CSE
alejandro.padbidri@presidency.edu.in,"$argon2id$v=19$m=19456,t=2,p=1$eArnrLW1/rRzVwcR87bxEw$2A/rMWXO2MalZdh5hd4gbWYexoYip6qPZDyC0jg96MM",Alejandro Padbidri,student,,t,B.E. CSE,785e7c89-2068-4c2c-8790-dbcf18b64a4a,2026-09-07 02:00:06.879652+00,2026-09-07 02:00:06.879652+00,2026,,B.E. CSE
alena.padekar@presidency.edu.in,"$argon2id$v=19$m=19456,t=2,p=1$eArnrLW1/rRzVwcR87bxEw$2A/rMWXO2MalZdh5hd4gbWYexoYip6qPZDyC0jg96MM",Alena Padekar,student,,t,B.E. CSE,785e7c89-2068-4c2c-8790-dbcf18b64a4a,2026-09-07 02:00:06.879652+00,2026-09-07 02:00:06.879652+00,2026,,B.E. CSE
alexander.padmanabhan@presidency.edu.in,"$argon2id$v=19$m=19456,t=2,p=1$eArnrLW1/rRzVwcR87bxEw$2A/rMWXO2MalZdh5hd4gbWYexoYip6qPZDyC0jg96MM",Alexander Padmanabhan,student,,t,B.E. CSE,785e7c89-2068-4c2c-8790-dbcf18b64a4a,2026-09-07 02:00:06.879652+00,2026-09-07 02:00:06.879652+00,2026,,B.E. CSE
alexandra.pai@presidency.edu.in,"$argon2id$v=19$m=19456,t=2,p=1$eArnrLW1/rRzVwcR87bxEw$2A/rMWXO2MalZdh5hd4gbWYexoYip6qPZDyC0jg96MM",Alexandra Pai,student,,t,B.E. CSE,785e7c89-2068-4c2c-8790-dbcf18b64a4a,2026-09-07 02:00:06.879652+00,2026-09-07 02:00:06.879652+00,2026,,B.E. CSE
alexandria.palande@presidency.edu.in,"$argon2id$v=19$m=19456,t=2,p=1$eArnrLW1/rRzVwcR87bxEw$2A/rMWXO2MalZdh5hd4gbWYexoYip6qPZDyC0jg96MM",Alexandria Palande,student,,t,B.E. CSE,785e7c89-2068-4c2c-8790-dbcf18b64a4a,2026-09-07 02:00:06.879652+00,2026-09-07 02:00:06.879652+00,2027,,B.E. CSE
alexis.palekar@presidency.edu.in,"$argon2id$v=19$m=19456,t=2,p=1$eArnrLW1/rRzVwcR87bxEw$2A/rMWXO2MalZdh5hd4gbWYexoYip6qPZDyC0jg96MM",Alexis Palekar,student,,t,B.E. CSE,785e7c89-2068-4c2c-8790-dbcf18b64a4a,2026-09-07 02:00:06.879652+00,2026-09-07 02:00:06.879652+00,2027,,B.E. CSE
alex.padgaonkar@presidency.edu.in,"$argon2id$v=19$m=19456,t=2,p=1$eArnrLW1/rRzVwcR87bxEw$2A/rMWXO2MalZdh5hd4gbWYexoYip6qPZDyC0jg96MM",Alex Padgaonkar,student,,t,B.E. CSE,785e7c89-2068-4c2c-8790-dbcf18b64a4a,2026-09-07 02:00:06.879652+00,2026-09-07 02:00:06.879652+00,2026,,B.E. CSE
alfonso.palicha@presidency.edu.in,"$argon2id$v=19$m=19456,t=2,p=1$eArnrLW1/rRzVwcR87bxEw$2A/rMWXO2MalZdh5hd4gbWYexoYip6qPZDyC0jg96MM",Alfonso Palicha,student,,t,B.E. CSE,785e7c89-2068-4c2c-8790-dbcf18b64a4a,2026-09-07 02:00:06.879652+00,2026-09-07 02:00:06.879652+00,2027,,B.E. CSE
alfredo.panchal@presidency.edu.in,"$argon2id$v=19$m=19456,t=2,p=1$eArnrLW1/rRzVwcR87bxEw$2A/rMWXO2MalZdh5hd4gbWYexoYip6qPZDyC0jg96MM",Alfredo Panchal,student,,t,B.E. CSE,785e7c89-2068-4c2c-8790-dbcf18b64a4a,2026-09-07 02:00:06.879652+00,2026-09-07 02:00:06.879652+00,2027,,B.E. CSE
alfred.palkhivala@presidency.edu.in,"$argon2id$v=19$m=19456,t=2,p=1$eArnrLW1/rRzVwcR87bxEw$2A/rMWXO2MalZdh5hd4gbWYexoYip6qPZDyC0jg96MM",Alfred Palkhivala,student,,t,B.E. CSE,785e7c89-2068-4c2c-8790-dbcf18b64a4a,2026-09-07 02:00:06.879652+00,2026-09-07 02:00:06.879652+00,2027,,B.E. CSE
alice.panda@presidency.edu.in,"$argon2id$v=19$m=19456,t=2,p=1$eArnrLW1/rRzVwcR87bxEw$2A/rMWXO2MalZdh5hd4gbWYexoYip6qPZDyC0jg96MM",Alice Panda,student,,t,B.E. CSE,785e7c89-2068-4c2c-8790-dbcf18b64a4a,2026-09-07 02:00:06.879652+00,2026-09-07 02:00:06.879652+00,2027,,B.E. CSE
alicia.pande@presidency.edu.in,"$argon2id$v=19$m=19456,t=2,p=1$eArnrLW1/rRzVwcR87bxEw$2A/rMWXO2MalZdh5hd4gbWYexoYip6qPZDyC0jg96MM",Alicia Pande,student,,t,B.E. CSE,785e7c89-2068-4c2c-8790-dbcf18b64a4a,2026-09-07 02:00:06.879652+00,2026-09-07 02:00:06.879652+00,2027,,B.E. CSE
alina.pandit@presidency.edu.in,"$argon2id$v=19$m=19456,t=2,p=1$eArnrLW1/rRzVwcR87bxEw$2A/rMWXO2MalZdh5hd4gbWYexoYip6qPZDyC0jg96MM",Alina Pandit,student,,t,B.E. CSE,785e7c89-2068-4c2c-8790-dbcf18b64a4a,2026-09-07 02:00:06.879652+00,2026-09-07 02:00:06.879652+00,2027,,B.E. CSE
alison.pandya@presidency.edu.in,"$argon2id$v=19$m=19456,t=2,p=1$eArnrLW1/rRzVwcR87bxEw$2A/rMWXO2MalZdh5hd4gbWYexoYip6qPZDyC0jg96MM",Alison Pandya,student,,t,B.E. CSE,785e7c89-2068-4c2c-8790-dbcf18b64a4a,2026-09-07 02:00:06.879652+00,2026-09-07 02:00:06.879652+00,2027,,B.E. CSE
allan.panicker@presidency.edu.in,"$argon2id$v=19$m=19456,t=2,p=1$eArnrLW1/rRzVwcR87bxEw$2A/rMWXO2MalZdh5hd4gbWYexoYip6qPZDyC0jg96MM",Allan Panicker,student,,t,B.E. CSE,785e7c89-2068-4c2c-8790-dbcf18b64a4a,2026-09-07 02:00:06.879652+00,2026-09-07 02:00:06.879652+00,2027,,B.E. CSE
allen.panja@presidency.edu.in,"$argon2id$v=19$m=19456,t=2,p=1$eArnrLW1/rRzVwcR87bxEw$2A/rMWXO2MalZdh5hd4gbWYexoYip6qPZDyC0jg96MM",Allen Panja,student,,t,B.E. CSE,785e7c89-2068-4c2c-8790-dbcf18b64a4a,2026-09-07 02:00:06.879652+00,2026-09-07 02:00:06.879652+00,2028,,B.E. CSE
allie.panjwani@presidency.edu.in,"$argon2id$v=19$m=19456,t=2,p=1$eArnrLW1/rRzVwcR87bxEw$2A/rMWXO2MalZdh5hd4gbWYexoYip6qPZDyC0jg96MM",Allie Panjwani,student,,t,B.E. CSE,785e7c89-2068-4c2c-8790-dbcf18b64a4a,2026-09-07 02:00:06.879652+00,2026-09-07 02:00:06.879652+00,2028,,B.E. CSE
allison.pant@presidency.edu.in,"$argon2id$v=19$m=19456,t=2,p=1$eArnrLW1/rRzVwcR87bxEw$2A/rMWXO2MalZdh5hd4gbWYexoYip6qPZDyC0jg96MM",Allison Pant,student,,t,B.E. CSE,785e7c89-2068-4c2c-8790-dbcf18b64a4a,2026-09-07 02:00:06.879652+00,2026-09-07 02:00:06.879652+00,2028,,B.E. CSE
allyson.paranjape@presidency.edu.in,"$argon2id$v=19$m=19456,t=2,p=1$eArnrLW1/rRzVwcR87bxEw$2A/rMWXO2MalZdh5hd4gbWYexoYip6qPZDyC0jg96MM",Allyson Paranjape,student,,t,B.E. CSE,785e7c89-2068-4c2c-8790-dbcf18b64a4a,2026-09-07 02:00:06.879652+00,2026-09-07 02:00:06.879652+00,2028,,B.E. CSE
alma.parashar@presidency.edu.in,"$argon2id$v=19$m=19456,t=2,p=1$eArnrLW1/rRzVwcR87bxEw$2A/rMWXO2MalZdh5hd4gbWYexoYip6qPZDyC0jg96MM",Alma Parashar,student,,t,B.E. CSE,785e7c89-2068-4c2c-8790-dbcf18b64a4a,2026-09-07 02:00:06.879652+00,2026-09-07 02:00:06.879652+00,2028,,B.E. CSE
alok.ambani@dgvaishnav.edu.in,"$argon2id$v=19$m=19456,t=2,p=1$eArnrLW1/rRzVwcR87bxEw$2A/rMWXO2MalZdh5hd4gbWYexoYip6qPZDyC0jg96MM",Alok Ambani,student,,t,B.Sc. Biochem,183b3f5e-8a32-4972-ac8b-cf77dfe6a6c5,2026-09-07 02:00:06.879652+00,2026-09-07 02:00:06.879652+00,2026,,B.Sc. Biochem
alonso.parekh@presidency.edu.in,"$argon2id$v=19$m=19456,t=2,p=1$eArnrLW1/rRzVwcR87bxEw$2A/rMWXO2MalZdh5hd4gbWYexoYip6qPZDyC0jg96MM",Alonso Parekh,student,,t,B.E. CSE,785e7c89-2068-4c2c-8790-dbcf18b64a4a,2026-09-07 02:00:06.879652+00,2026-09-07 02:00:06.879652+00,2028,,B.E. CSE
aloysius.pardeshi@presidency.edu.in,"$argon2id$v=19$m=19456,t=2,p=1$eArnrLW1/rRzVwcR87bxEw$2A/rMWXO2MalZdh5hd4gbWYexoYip6qPZDyC0jg96MM",Aloysius Pardeshi,student,,t,B.E. CSE,785e7c89-2068-4c2c-8790-dbcf18b64a4a,2026-09-07 02:00:06.879652+00,2026-09-07 02:00:06.879652+00,2028,,B.E. CSE
alton.parelkar@presidency.edu.in,"$argon2id$v=19$m=19456,t=2,p=1$eArnrLW1/rRzVwcR87bxEw$2A/rMWXO2MalZdh5hd4gbWYexoYip6qPZDyC0jg96MM",Alton Parelkar,student,,t,B.E. CSE,785e7c89-2068-4c2c-8790-dbcf18b64a4a,2026-09-07 02:00:06.879652+00,2026-09-07 02:00:06.879652+00,2028,,B.E. CSE
alva.parikh@presidency.edu.in,"$argon2id$v=19$m=19456,t=2,p=1$eArnrLW1/rRzVwcR87bxEw$2A/rMWXO2MalZdh5hd4gbWYexoYip6qPZDyC0jg96MM",Alva Parikh,student,,t,B.E. CSE,785e7c89-2068-4c2c-8790-dbcf18b64a4a,2026-09-07 02:00:06.879652+00,2026-09-07 02:00:06.879652+00,2028,,B.E. CSE
alvaro.parmar@presidency.edu.in,"$argon2id$v=19$m=19456,t=2,p=1$eArnrLW1/rRzVwcR87bxEw$2A/rMWXO2MalZdh5hd4gbWYexoYip6qPZDyC0jg96MM",Alvaro Parmar,student,,t,B.E. CSE,785e7c89-2068-4c2c-8790-dbcf18b64a4a,2026-09-07 02:00:06.879652+00,2026-09-07 02:00:06.879652+00,2028,,B.E. CSE
alvina.parthasarathy@presidency.edu.in,"$argon2id$v=19$m=19456,t=2,p=1$eArnrLW1/rRzVwcR87bxEw$2A/rMWXO2MalZdh5hd4gbWYexoYip6qPZDyC0jg96MM",Alvina Parthasarathy,student,,t,M.Tech. DS,785e7c89-2068-4c2c-8790-dbcf18b64a4a,2026-09-07 02:00:06.879652+00,2026-09-07 02:00:06.879652+00,2026,,M.Tech. DS
alyssa.parulekar@presidency.edu.in,"$argon2id$v=19$m=19456,t=2,p=1$eArnrLW1/rRzVwcR87bxEw$2A/rMWXO2MalZdh5hd4gbWYexoYip6qPZDyC0jg96MM",Alyssa Parulekar,student,,t,M.Tech. DS,785e7c89-2068-4c2c-8790-dbcf18b64a4a,2026-09-07 02:00:06.879652+00,2026-09-07 02:00:06.879652+00,2026,,M.Tech. DS
amanda.pasricha@presidency.edu.in,"$argon2id$v=19$m=19456,t=2,p=1$eArnrLW1/rRzVwcR87bxEw$2A/rMWXO2MalZdh5hd4gbWYexoYip6qPZDyC0jg96MM",Amanda Pasricha,student,,t,M.Tech. DS,785e7c89-2068-4c2c-8790-dbcf18b64a4a,2026-09-07 02:00:06.879652+00,2026-09-07 02:00:06.879652+00,2026,,M.Tech. DS
amara.ambekar@dgvaishnav.edu.in,"$argon2id$v=19$m=19456,t=2,p=1$eArnrLW1/rRzVwcR87bxEw$2A/rMWXO2MalZdh5hd4gbWYexoYip6qPZDyC0jg96MM",Amara Ambekar,student,,t,B.Sc. Biochem,183b3f5e-8a32-4972-ac8b-cf77dfe6a6c5,2026-09-07 02:00:06.879652+00,2026-09-07 02:00:06.879652+00,2026,,B.Sc. Biochem
amber.paswan@presidency.edu.in,"$argon2id$v=19$m=19456,t=2,p=1$eArnrLW1/rRzVwcR87bxEw$2A/rMWXO2MalZdh5hd4gbWYexoYip6qPZDyC0jg96MM",Amber Paswan,student,,t,M.Tech. DS,785e7c89-2068-4c2c-8790-dbcf18b64a4a,2026-09-07 02:00:06.879652+00,2026-09-07 02:00:06.879652+00,2026,,M.Tech. DS
ambrose.patankar@presidency.edu.in,"$argon2id$v=19$m=19456,t=2,p=1$eArnrLW1/rRzVwcR87bxEw$2A/rMWXO2MalZdh5hd4gbWYexoYip6qPZDyC0jg96MM",Ambrose Patankar,student,,t,M.Tech. DS,785e7c89-2068-4c2c-8790-dbcf18b64a4a,2026-09-07 02:00:06.879652+00,2026-09-07 02:00:06.879652+00,2026,,M.Tech. DS
amelia.patel@presidency.edu.in,"$argon2id$v=19$m=19456,t=2,p=1$eArnrLW1/rRzVwcR87bxEw$2A/rMWXO2MalZdh5hd4gbWYexoYip6qPZDyC0jg96MM",Amelia Patel,student,,t,M.Tech. DS,785e7c89-2068-4c2c-8790-dbcf18b64a4a,2026-09-07 02:00:06.879652+00,2026-09-07 02:00:06.879652+00,2026,,M.Tech. DS
amelie.pathak@presidency.edu.in,"$argon2id$v=19$m=19456,t=2,p=1$eArnrLW1/rRzVwcR87bxEw$2A/rMWXO2MalZdh5hd4gbWYexoYip6qPZDyC0jg96MM",Amelie Pathak,student,,t,M.Tech. DS,785e7c89-2068-4c2c-8790-dbcf18b64a4a,2026-09-07 02:00:06.879652+00,2026-09-07 02:00:06.879652+00,2026,,M.Tech. DS
amit.amin@dgvaishnav.edu.in,"$argon2id$v=19$m=19456,t=2,p=1$eArnrLW1/rRzVwcR87bxEw$2A/rMWXO2MalZdh5hd4gbWYexoYip6qPZDyC0jg96MM",Amit Amin,student,,t,B.Sc. Biochem,183b3f5e-8a32-4972-ac8b-cf77dfe6a6c5,2026-09-07 02:00:06.879652+00,2026-09-07 02:00:06.879652+00,2026,,B.Sc. Biochem
amos.patil@presidency.edu.in,"$argon2id$v=19$m=19456,t=2,p=1$eArnrLW1/rRzVwcR87bxEw$2A/rMWXO2MalZdh5hd4gbWYexoYip6qPZDyC0jg96MM",Amos Patil,student,,t,M.Tech. DS,785e7c89-2068-4c2c-8790-dbcf18b64a4a,2026-09-07 02:00:06.879652+00,2026-09-07 02:00:06.879652+00,2026,,M.Tech. DS
amrita.anand@dgvaishnav.edu.in,"$argon2id$v=19$m=19456,t=2,p=1$eArnrLW1/rRzVwcR87bxEw$2A/rMWXO2MalZdh5hd4gbWYexoYip6qPZDyC0jg96MM",Amrita Anand,student,,t,B.Sc. Biochem,183b3f5e-8a32-4972-ac8b-cf77dfe6a6c5,2026-09-07 02:00:06.879652+00,2026-09-07 02:00:06.879652+00,2026,,B.Sc. Biochem
amy.patkar@presidency.edu.in,"$argon2id$v=19$m=19456,t=2,p=1$eArnrLW1/rRzVwcR87bxEw$2A/rMWXO2MalZdh5hd4gbWYexoYip6qPZDyC0jg96MM",Amy Patkar,student,,t,M.Tech. DS,785e7c89-2068-4c2c-8790-dbcf18b64a4a,2026-09-07 02:00:06.879652+00,2026-09-07 02:00:06.879652+00,2026,,M.Tech. DS
analise.pattanaik@presidency.edu.in,"$argon2id$v=19$m=19456,t=2,p=1$eArnrLW1/rRzVwcR87bxEw$2A/rMWXO2MalZdh5hd4gbWYexoYip6qPZDyC0jg96MM",Analise Pattanaik,student,,t,M.Tech. DS,785e7c89-2068-4c2c-8790-dbcf18b64a4a,2026-09-07 02:00:06.879652+00,2026-09-07 02:00:06.879652+00,2027,,M.Tech. DS
anand.ananthan@dgvaishnav.edu.in,"$argon2id$v=19$m=19456,t=2,p=1$eArnrLW1/rRzVwcR87bxEw$2A/rMWXO2MalZdh5hd4gbWYexoYip6qPZDyC0jg96MM",Anand Ananthan,student,,t,B.Sc. Biochem,183b3f5e-8a32-4972-ac8b-cf77dfe6a6c5,2026-09-07 02:00:06.879652+00,2026-09-07 02:00:06.879652+00,2026,,B.Sc. Biochem
ananya.anantharaman@dgvaishnav.edu.in,"$argon2id$v=19$m=19456,t=2,p=1$eArnrLW1/rRzVwcR87bxEw$2A/rMWXO2MalZdh5hd4gbWYexoYip6qPZDyC0jg96MM",Ananya Anantharaman,student,,t,B.Sc. Biochem,183b3f5e-8a32-4972-ac8b-cf77dfe6a6c5,2026-09-07 02:00:06.879652+00,2026-09-07 02:00:06.879652+00,2027,,B.Sc. Biochem
ana.patnaik@presidency.edu.in,"$argon2id$v=19$m=19456,t=2,p=1$eArnrLW1/rRzVwcR87bxEw$2A/rMWXO2MalZdh5hd4gbWYexoYip6qPZDyC0jg96MM",Ana Patnaik,student,,t,M.Tech. DS,785e7c89-2068-4c2c-8790-dbcf18b64a4a,2026-09-07 02:00:06.879652+00,2026-09-07 02:00:06.879652+00,2026,,M.Tech. DS
anastasia.patwardhan@presidency.edu.in,"$argon2id$v=19$m=19456,t=2,p=1$eArnrLW1/rRzVwcR87bxEw$2A/rMWXO2MalZdh5hd4gbWYexoYip6qPZDyC0jg96MM",Anastasia Patwardhan,student,,t,M.Tech. DS,785e7c89-2068-4c2c-8790-dbcf18b64a4a,2026-09-07 02:00:06.879652+00,2026-09-07 02:00:06.879652+00,2027,,M.Tech. DS
anderson.pavri@presidency.edu.in,"$argon2id$v=19$m=19456,t=2,p=1$eArnrLW1/rRzVwcR87bxEw$2A/rMWXO2MalZdh5hd4gbWYexoYip6qPZDyC0jg96MM",Anderson Pavri,student,,t,M.Tech. DS,785e7c89-2068-4c2c-8790-dbcf18b64a4a,2026-09-07 02:00:06.879652+00,2026-09-07 02:00:06.879652+00,2027,,M.Tech. DS
anders.paul@presidency.edu.in,"$argon2id$v=19$m=19456,t=2,p=1$eArnrLW1/rRzVwcR87bxEw$2A/rMWXO2MalZdh5hd4gbWYexoYip6qPZDyC0jg96MM",Anders Paul,student,,t,M.Tech. DS,785e7c89-2068-4c2c-8790-dbcf18b64a4a,2026-09-07 02:00:06.879652+00,2026-09-07 02:00:06.879652+00,2027,,M.Tech. DS
andrea.pendse@presidency.edu.in,"$argon2id$v=19$m=19456,t=2,p=1$eArnrLW1/rRzVwcR87bxEw$2A/rMWXO2MalZdh5hd4gbWYexoYip6qPZDyC0jg96MM",Andrea Pendse,student,,t,M.Tech. DS,785e7c89-2068-4c2c-8790-dbcf18b64a4a,2026-09-07 02:00:06.879652+00,2026-09-07 02:00:06.879652+00,2027,,M.Tech. DS
andre.pendharkar@presidency.edu.in,"$argon2id$v=19$m=19456,t=2,p=1$eArnrLW1/rRzVwcR87bxEw$2A/rMWXO2MalZdh5hd4gbWYexoYip6qPZDyC0jg96MM",Andre Pendharkar,student,,t,M.Tech. DS,785e7c89-2068-4c2c-8790-dbcf18b64a4a,2026-09-07 02:00:06.879652+00,2026-09-07 02:00:06.879652+00,2027,,M.Tech. DS
andres.phadke@presidency.edu.in,"$argon2id$v=19$m=19456,t=2,p=1$eArnrLW1/rRzVwcR87bxEw$2A/rMWXO2MalZdh5hd4gbWYexoYip6qPZDyC0jg96MM",Andres Phadke,student,,t,M.Tech. DS,785e7c89-2068-4c2c-8790-dbcf18b64a4a,2026-09-07 02:00:06.879652+00,2026-09-07 02:00:06.879652+00,2027,,M.Tech. DS
andrew.phadnis@presidency.edu.in,"$argon2id$v=19$m=19456,t=2,p=1$eArnrLW1/rRzVwcR87bxEw$2A/rMWXO2MalZdh5hd4gbWYexoYip6qPZDyC0jg96MM",Andrew Phadnis,student,,t,M.Tech. DS,785e7c89-2068-4c2c-8790-dbcf18b64a4a,2026-09-07 02:00:06.879652+00,2026-09-07 02:00:06.879652+00,2027,,M.Tech. DS
angela.phukan@presidency.edu.in,"$argon2id$v=19$m=19456,t=2,p=1$eArnrLW1/rRzVwcR87bxEw$2A/rMWXO2MalZdh5hd4gbWYexoYip6qPZDyC0jg96MM",Angela Phukan,student,,t,M.Tech. DS,785e7c89-2068-4c2c-8790-dbcf18b64a4a,2026-09-07 02:00:06.879652+00,2026-09-07 02:00:06.879652+00,2027,,M.Tech. DS
angelia.pillai@presidency.edu.in,"$argon2id$v=19$m=19456,t=2,p=1$eArnrLW1/rRzVwcR87bxEw$2A/rMWXO2MalZdh5hd4gbWYexoYip6qPZDyC0jg96MM",Angelia Pillai,student,,t,M.Tech. DS,785e7c89-2068-4c2c-8790-dbcf18b64a4a,2026-09-07 02:00:06.879652+00,2026-09-07 02:00:06.879652+00,2027,,M.Tech. DS
angelica.pimputkar@presidency.edu.in,"$argon2id$v=19$m=19456,t=2,p=1$eArnrLW1/rRzVwcR87bxEw$2A/rMWXO2MalZdh5hd4gbWYexoYip6qPZDyC0jg96MM",Angelica Pimputkar,student,,t,M.Tech. DS,785e7c89-2068-4c2c-8790-dbcf18b64a4a,2026-09-07 02:00:06.879652+00,2026-09-07 02:00:06.879652+00,2028,,M.Tech. DS
angelina.pingle@presidency.edu.in,"$argon2id$v=19$m=19456,t=2,p=1$eArnrLW1/rRzVwcR87bxEw$2A/rMWXO2MalZdh5hd4gbWYexoYip6qPZDyC0jg96MM",Angelina Pingle,student,,t,M.Tech. DS,785e7c89-2068-4c2c-8790-dbcf18b64a4a,2026-09-07 02:00:06.879652+00,2026-09-07 02:00:06.879652+00,2028,,M.Tech. DS
angie.pinto@presidency.edu.in,"$argon2id$v=19$m=19456,t=2,p=1$eArnrLW1/rRzVwcR87bxEw$2A/rMWXO2MalZdh5hd4gbWYexoYip6qPZDyC0jg96MM",Angie Pinto,student,,t,M.Tech. DS,785e7c89-2068-4c2c-8790-dbcf18b64a4a,2026-09-07 02:00:06.879652+00,2026-09-07 02:00:06.879652+00,2028,,M.Tech. DS
angus.piramal@presidency.edu.in,"$argon2id$v=19$m=19456,t=2,p=1$eArnrLW1/rRzVwcR87bxEw$2A/rMWXO2MalZdh5hd4gbWYexoYip6qPZDyC0jg96MM",Angus Piramal,student,,t,M.Tech. DS,785e7c89-2068-4c2c-8790-dbcf18b64a4a,2026-09-07 02:00:06.879652+00,2026-09-07 02:00:06.879652+00,2028,,M.Tech. DS
anika.anthony@dgvaishnav.edu.in,"$argon2id$v=19$m=19456,t=2,p=1$eArnrLW1/rRzVwcR87bxEw$2A/rMWXO2MalZdh5hd4gbWYexoYip6qPZDyC0jg96MM",Anika Anthony,student,,t,B.Sc. Biochem,183b3f5e-8a32-4972-ac8b-cf77dfe6a6c5,2026-09-07 02:00:06.879652+00,2026-09-07 02:00:06.879652+00,2027,,B.Sc. Biochem
aniket.ande@dgvaishnav.edu.in,"$argon2id$v=19$m=19456,t=2,p=1$eArnrLW1/rRzVwcR87bxEw$2A/rMWXO2MalZdh5hd4gbWYexoYip6qPZDyC0jg96MM",Aniket Ande,student,,t,B.Sc. Biochem,183b3f5e-8a32-4972-ac8b-cf77dfe6a6c5,2026-09-07 02:00:06.879652+00,2026-09-07 02:00:06.879652+00,2027,,B.Sc. Biochem
aniruddh.apte@dgvaishnav.edu.in,"$argon2id$v=19$m=19456,t=2,p=1$eArnrLW1/rRzVwcR87bxEw$2A/rMWXO2MalZdh5hd4gbWYexoYip6qPZDyC0jg96MM",Aniruddh Apte,student,,t,B.Sc. Biochem,183b3f5e-8a32-4972-ac8b-cf77dfe6a6c5,2026-09-07 02:00:06.879652+00,2026-09-07 02:00:06.879652+00,2027,,B.Sc. Biochem
anita.arcot@dgvaishnav.edu.in,"$argon2id$v=19$m=19456,t=2,p=1$eArnrLW1/rRzVwcR87bxEw$2A/rMWXO2MalZdh5hd4gbWYexoYip6qPZDyC0jg96MM",Anita Arcot,student,,t,B.Sc. Biochem,183b3f5e-8a32-4972-ac8b-cf77dfe6a6c5,2026-09-07 02:00:06.879652+00,2026-09-07 02:00:06.879652+00,2027,,B.Sc. Biochem
ankush.arora@dgvaishnav.edu.in,"$argon2id$v=19$m=19456,t=2,p=1$eArnrLW1/rRzVwcR87bxEw$2A/rMWXO2MalZdh5hd4gbWYexoYip6qPZDyC0jg96MM",Ankush Arora,student,,t,B.Sc. Biochem,183b3f5e-8a32-4972-ac8b-cf77dfe6a6c5,2026-09-07 02:00:06.879652+00,2026-09-07 02:00:06.879652+00,2027,,B.Sc. Biochem
annabella.poddar@presidency.edu.in,"$argon2id$v=19$m=19456,t=2,p=1$eArnrLW1/rRzVwcR87bxEw$2A/rMWXO2MalZdh5hd4gbWYexoYip6qPZDyC0jg96MM",Annabella Poddar,student,,t,M.Tech. DS,785e7c89-2068-4c2c-8790-dbcf18b64a4a,2026-09-07 02:00:06.879652+00,2026-09-07 02:00:06.879652+00,2028,,M.Tech. DS
annabelle.pokhriyal@presidency.edu.in,"$argon2id$v=19$m=19456,t=2,p=1$eArnrLW1/rRzVwcR87bxEw$2A/rMWXO2MalZdh5hd4gbWYexoYip6qPZDyC0jg96MM",Annabelle Pokhriyal,student,,t,M.Tech. DS,785e7c89-2068-4c2c-8790-dbcf18b64a4a,2026-09-07 02:00:06.879652+00,2026-09-07 02:00:06.879652+00,2028,,M.Tech. DS
annabell.podapalli@presidency.edu.in,"$argon2id$v=19$m=19456,t=2,p=1$eArnrLW1/rRzVwcR87bxEw$2A/rMWXO2MalZdh5hd4gbWYexoYip6qPZDyC0jg96MM",Annabell Podapalli,student,,t,M.Tech. DS,785e7c89-2068-4c2c-8790-dbcf18b64a4a,2026-09-07 02:00:06.879652+00,2026-09-07 02:00:06.879652+00,2028,,M.Tech. DS
anneliese.potnis@presidency.edu.in,"$argon2id$v=19$m=19456,t=2,p=1$eArnrLW1/rRzVwcR87bxEw$2A/rMWXO2MalZdh5hd4gbWYexoYip6qPZDyC0jg96MM",Anneliese Potnis,student,,t,M.Tech. DS,785e7c89-2068-4c2c-8790-dbcf18b64a4a,2026-09-07 02:00:06.879652+00,2026-09-07 02:00:06.879652+00,2028,,M.Tech. DS
anne.pol@presidency.edu.in,"$argon2id$v=19$m=19456,t=2,p=1$eArnrLW1/rRzVwcR87bxEw$2A/rMWXO2MalZdh5hd4gbWYexoYip6qPZDyC0jg96MM",Anne Pol,student,,t,M.Tech. DS,785e7c89-2068-4c2c-8790-dbcf18b64a4a,2026-09-07 02:00:06.879652+00,2026-09-07 02:00:06.879652+00,2028,,M.Tech. DS
annette.prabhakar@presidency.edu.in,"$argon2id$v=19$m=19456,t=2,p=1$eArnrLW1/rRzVwcR87bxEw$2A/rMWXO2MalZdh5hd4gbWYexoYip6qPZDyC0jg96MM",Annette Prabhakar,student,,t,M.Tech. DS,785e7c89-2068-4c2c-8790-dbcf18b64a4a,2026-09-07 02:00:06.879652+00,2026-09-07 02:00:06.879652+00,2028,,M.Tech. DS
annie.prabhu@presidency.edu.in,"$argon2id$v=19$m=19456,t=2,p=1$eArnrLW1/rRzVwcR87bxEw$2A/rMWXO2MalZdh5hd4gbWYexoYip6qPZDyC0jg96MM",Annie Prabhu,student,,t,BBA,785e7c89-2068-4c2c-8790-dbcf18b64a4a,2026-09-07 02:00:06.879652+00,2026-09-07 02:00:06.879652+00,2026,,BBA
annika.pradhan@presidency.edu.in,"$argon2id$v=19$m=19456,t=2,p=1$eArnrLW1/rRzVwcR87bxEw$2A/rMWXO2MalZdh5hd4gbWYexoYip6qPZDyC0jg96MM",Annika Pradhan,student,,t,BBA,785e7c89-2068-4c2c-8790-dbcf18b64a4a,2026-09-07 02:00:06.879652+00,2026-09-07 02:00:06.879652+00,2026,,BBA
anoushka.arumugam@dgvaishnav.edu.in,"$argon2id$v=19$m=19456,t=2,p=1$eArnrLW1/rRzVwcR87bxEw$2A/rMWXO2MalZdh5hd4gbWYexoYip6qPZDyC0jg96MM",Anoushka Arumugam,student,,t,B.Sc. Biochem,183b3f5e-8a32-4972-ac8b-cf77dfe6a6c5,2026-09-07 02:00:06.879652+00,2026-09-07 02:00:06.879652+00,2027,,B.Sc. Biochem
ansel.prakasam@presidency.edu.in,"$argon2id$v=19$m=19456,t=2,p=1$eArnrLW1/rRzVwcR87bxEw$2A/rMWXO2MalZdh5hd4gbWYexoYip6qPZDyC0jg96MM",Ansel Prakasam,student,,t,BBA,785e7c89-2068-4c2c-8790-dbcf18b64a4a,2026-09-07 02:00:06.879652+00,2026-09-07 02:00:06.879652+00,2026,,BBA
ansh.arya@dgvaishnav.edu.in,"$argon2id$v=19$m=19456,t=2,p=1$eArnrLW1/rRzVwcR87bxEw$2A/rMWXO2MalZdh5hd4gbWYexoYip6qPZDyC0jg96MM",Ansh Arya,student,,t,B.Sc. Biochem,183b3f5e-8a32-4972-ac8b-cf77dfe6a6c5,2026-09-07 02:00:06.879652+00,2026-09-07 02:00:06.879652+00,2027,,B.Sc. Biochem
anthony.prasad@presidency.edu.in,"$argon2id$v=19$m=19456,t=2,p=1$eArnrLW1/rRzVwcR87bxEw$2A/rMWXO2MalZdh5hd4gbWYexoYip6qPZDyC0jg96MM",Anthony Prasad,student,,t,BBA,785e7c89-2068-4c2c-8790-dbcf18b64a4a,2026-09-07 02:00:06.879652+00,2026-09-07 02:00:06.879652+00,2026,,BBA
antonia.pujari@presidency.edu.in,"$argon2id$v=19$m=19456,t=2,p=1$eArnrLW1/rRzVwcR87bxEw$2A/rMWXO2MalZdh5hd4gbWYexoYip6qPZDyC0jg96MM",Antonia Pujari,student,,t,BBA,785e7c89-2068-4c2c-8790-dbcf18b64a4a,2026-09-07 02:00:06.879652+00,2026-09-07 02:00:06.879652+00,2026,,BBA
antonio.pulapaka@presidency.edu.in,"$argon2id$v=19$m=19456,t=2,p=1$eArnrLW1/rRzVwcR87bxEw$2A/rMWXO2MalZdh5hd4gbWYexoYip6qPZDyC0jg96MM",Antonio Pulapaka,student,,t,BBA,785e7c89-2068-4c2c-8790-dbcf18b64a4a,2026-09-07 02:00:06.879652+00,2026-09-07 02:00:06.879652+00,2026,,BBA
anton.prashanth@presidency.edu.in,"$argon2id$v=19$m=19456,t=2,p=1$eArnrLW1/rRzVwcR87bxEw$2A/rMWXO2MalZdh5hd4gbWYexoYip6qPZDyC0jg96MM",Anton Prashanth,student,,t,BBA,785e7c89-2068-4c2c-8790-dbcf18b64a4a,2026-09-07 02:00:06.879652+00,2026-09-07 02:00:06.879652+00,2026,,BBA
antony.pundir@presidency.edu.in,"$argon2id$v=19$m=19456,t=2,p=1$eArnrLW1/rRzVwcR87bxEw$2A/rMWXO2MalZdh5hd4gbWYexoYip6qPZDyC0jg96MM",Antony Pundir,student,,t,BBA,785e7c89-2068-4c2c-8790-dbcf18b64a4a,2026-09-07 02:00:06.879652+00,2026-09-07 02:00:06.879652+00,2026,,BBA
anushka.asrani@dgvaishnav.edu.in,"$argon2id$v=19$m=19456,t=2,p=1$eArnrLW1/rRzVwcR87bxEw$2A/rMWXO2MalZdh5hd4gbWYexoYip6qPZDyC0jg96MM",Anushka Asrani,student,,t,B.Sc. Biochem,183b3f5e-8a32-4972-ac8b-cf77dfe6a6c5,2026-09-07 02:00:06.879652+00,2026-09-07 02:00:06.879652+00,2027,,B.Sc. Biochem
anya.puranik@presidency.edu.in,"$argon2id$v=19$m=19456,t=2,p=1$eArnrLW1/rRzVwcR87bxEw$2A/rMWXO2MalZdh5hd4gbWYexoYip6qPZDyC0jg96MM",Anya Puranik,student,,t,BBA,785e7c89-2068-4c2c-8790-dbcf18b64a4a,2026-09-07 02:00:06.879652+00,2026-09-07 02:00:06.879652+00,2026,,BBA
apoorva.avasthi@dgvaishnav.edu.in,"$argon2id$v=19$m=19456,t=2,p=1$eArnrLW1/rRzVwcR87bxEw$2A/rMWXO2MalZdh5hd4gbWYexoYip6qPZDyC0jg96MM",Apoorva Avasthi,student,,t,B.Sc. Biochem,183b3f5e-8a32-4972-ac8b-cf77dfe6a6c5,2026-09-07 02:00:06.879652+00,2026-09-07 02:00:06.879652+00,2028,,B.Sc. Biochem
apparao.athawale@dgvaishnav.edu.in,"$argon2id$v=19$m=19456,t=2,p=1$eArnrLW1/rRzVwcR87bxEw$2A/rMWXO2MalZdh5hd4gbWYexoYip6qPZDyC0jg96MM",Apparao Athawale,student,,t,B.Sc. Biochem,183b3f5e-8a32-4972-ac8b-cf77dfe6a6c5,2026-09-07 02:00:06.879652+00,2026-09-07 02:00:06.879652+00,2027,,B.Sc. Biochem
april.puri@presidency.edu.in,"$argon2id$v=19$m=19456,t=2,p=1$eArnrLW1/rRzVwcR87bxEw$2A/rMWXO2MalZdh5hd4gbWYexoYip6qPZDyC0jg96MM",April Puri,student,,t,BBA,785e7c89-2068-4c2c-8790-dbcf18b64a4a,2026-09-07 02:00:06.879652+00,2026-09-07 02:00:06.879652+00,2026,,BBA
archana.ayyar@dgvaishnav.edu.in,"$argon2id$v=19$m=19456,t=2,p=1$eArnrLW1/rRzVwcR87bxEw$2A/rMWXO2MalZdh5hd4gbWYexoYip6qPZDyC0jg96MM",Archana Ayyar,student,,t,B.Sc. Biochem,183b3f5e-8a32-4972-ac8b-cf77dfe6a6c5,2026-09-07 02:00:06.879652+00,2026-09-07 02:00:06.879652+00,2028,,B.Sc. Biochem
archer.purohit@presidency.edu.in,"$argon2id$v=19$m=19456,t=2,p=1$eArnrLW1/rRzVwcR87bxEw$2A/rMWXO2MalZdh5hd4gbWYexoYip6qPZDyC0jg96MM",Archer Purohit,student,,t,BBA,785e7c89-2068-4c2c-8790-dbcf18b64a4a,2026-09-07 02:00:06.879652+00,2026-09-07 02:00:06.879652+00,2027,,BBA
archibald.purushothaman@presidency.edu.in,"$argon2id$v=19$m=19456,t=2,p=1$eArnrLW1/rRzVwcR87bxEw$2A/rMWXO2MalZdh5hd4gbWYexoYip6qPZDyC0jg96MM",Archibald Purushothaman,student,,t,BBA,785e7c89-2068-4c2c-8790-dbcf18b64a4a,2026-09-07 02:00:06.879652+00,2026-09-07 02:00:06.879652+00,2027,,BBA
archie.radhakrishnan@presidency.edu.in,"$argon2id$v=19$m=19456,t=2,p=1$eArnrLW1/rRzVwcR87bxEw$2A/rMWXO2MalZdh5hd4gbWYexoYip6qPZDyC0jg96MM",Archie Radhakrishnan,student,,t,BBA,785e7c89-2068-4c2c-8790-dbcf18b64a4a,2026-09-07 02:00:06.879652+00,2026-09-07 02:00:06.879652+00,2027,,BBA
ariadne.raghavan@presidency.edu.in,"$argon2id$v=19$m=19456,t=2,p=1$eArnrLW1/rRzVwcR87bxEw$2A/rMWXO2MalZdh5hd4gbWYexoYip6qPZDyC0jg96MM",Ariadne Raghavan,student,,t,BBA,785e7c89-2068-4c2c-8790-dbcf18b64a4a,2026-09-07 02:00:06.879652+00,2026-09-07 02:00:06.879652+00,2027,,BBA
ariana.raghunathan@presidency.edu.in,"$argon2id$v=19$m=19456,t=2,p=1$eArnrLW1/rRzVwcR87bxEw$2A/rMWXO2MalZdh5hd4gbWYexoYip6qPZDyC0jg96MM",Ariana Raghunathan,student,,t,BBA,785e7c89-2068-4c2c-8790-dbcf18b64a4a,2026-09-07 02:00:06.879652+00,2026-09-07 02:00:06.879652+00,2027,,BBA
arianna.raheja@presidency.edu.in,"$argon2id$v=19$m=19456,t=2,p=1$eArnrLW1/rRzVwcR87bxEw$2A/rMWXO2MalZdh5hd4gbWYexoYip6qPZDyC0jg96MM",Arianna Raheja,student,,t,BBA,785e7c89-2068-4c2c-8790-dbcf18b64a4a,2026-09-07 02:00:06.879652+00,2026-09-07 02:00:06.879652+00,2027,,BBA
aric.rahman@presidency.edu.in,"$argon2id$v=19$m=19456,t=2,p=1$eArnrLW1/rRzVwcR87bxEw$2A/rMWXO2MalZdh5hd4gbWYexoYip6qPZDyC0jg96MM",Aric Rahman,student,,t,BBA,785e7c89-2068-4c2c-8790-dbcf18b64a4a,2026-09-07 02:00:06.879652+00,2026-09-07 02:00:06.879652+00,2027,,BBA
ariella.raina@presidency.edu.in,"$argon2id$v=19$m=19456,t=2,p=1$eArnrLW1/rRzVwcR87bxEw$2A/rMWXO2MalZdh5hd4gbWYexoYip6qPZDyC0jg96MM",Ariella Raina,student,,t,BBA,785e7c89-2068-4c2c-8790-dbcf18b64a4a,2026-09-07 02:00:06.879652+00,2026-09-07 02:00:06.879652+00,2027,,BBA
ariel.rai@presidency.edu.in,"$argon2id$v=19$m=19456,t=2,p=1$eArnrLW1/rRzVwcR87bxEw$2A/rMWXO2MalZdh5hd4gbWYexoYip6qPZDyC0jg96MM",Ariel Rai,student,,t,BBA,785e7c89-2068-4c2c-8790-dbcf18b64a4a,2026-09-07 02:00:06.879652+00,2026-09-07 02:00:06.879652+00,2027,,BBA
arindam.ayyangar@dgvaishnav.edu.in,"$argon2id$v=19$m=19456,t=2,p=1$eArnrLW1/rRzVwcR87bxEw$2A/rMWXO2MalZdh5hd4gbWYexoYip6qPZDyC0jg96MM",Arindam Ayyangar,student,,t,B.Sc. Biochem,183b3f5e-8a32-4972-ac8b-cf77dfe6a6c5,2026-09-07 02:00:06.879652+00,2026-09-07 02:00:06.879652+00,2028,,B.Sc. Biochem
arjun.babbar@dgvaishnav.edu.in,"$argon2id$v=19$m=19456,t=2,p=1$eArnrLW1/rRzVwcR87bxEw$2A/rMWXO2MalZdh5hd4gbWYexoYip6qPZDyC0jg96MM",Arjun Babbar,student,,t,B.Sc. Biochem,183b3f5e-8a32-4972-ac8b-cf77dfe6a6c5,2026-09-07 02:00:06.879652+00,2026-09-07 02:00:06.879652+00,2028,,B.Sc. Biochem
arlo.raizada@presidency.edu.in,"$argon2id$v=19$m=19456,t=2,p=1$eArnrLW1/rRzVwcR87bxEw$2A/rMWXO2MalZdh5hd4gbWYexoYip6qPZDyC0jg96MM",Arlo Raizada,student,,t,BBA,785e7c89-2068-4c2c-8790-dbcf18b64a4a,2026-09-07 02:00:06.879652+00,2026-09-07 02:00:06.879652+00,2027,,BBA
armando.rajagopalan@presidency.edu.in,"$argon2id$v=19$m=19456,t=2,p=1$eArnrLW1/rRzVwcR87bxEw$2A/rMWXO2MalZdh5hd4gbWYexoYip6qPZDyC0jg96MM",Armando Rajagopalan,student,,t,BBA,785e7c89-2068-4c2c-8790-dbcf18b64a4a,2026-09-07 02:00:06.879652+00,2026-09-07 02:00:06.879652+00,2028,,BBA
armand.rajagopal@presidency.edu.in,"$argon2id$v=19$m=19456,t=2,p=1$eArnrLW1/rRzVwcR87bxEw$2A/rMWXO2MalZdh5hd4gbWYexoYip6qPZDyC0jg96MM",Armand Rajagopal,student,,t,BBA,785e7c89-2068-4c2c-8790-dbcf18b64a4a,2026-09-07 02:00:06.879652+00,2026-09-07 02:00:06.879652+00,2028,,BBA
armani.rajan@presidency.edu.in,"$argon2id$v=19$m=19456,t=2,p=1$eArnrLW1/rRzVwcR87bxEw$2A/rMWXO2MalZdh5hd4gbWYexoYip6qPZDyC0jg96MM",Armani Rajan,student,,t,BBA,785e7c89-2068-4c2c-8790-dbcf18b64a4a,2026-09-07 02:00:06.879652+00,2026-09-07 02:00:06.879652+00,2028,,BBA
arnav.badami@dgvaishnav.edu.in,"$argon2id$v=19$m=19456,t=2,p=1$eArnrLW1/rRzVwcR87bxEw$2A/rMWXO2MalZdh5hd4gbWYexoYip6qPZDyC0jg96MM",Arnav Badami,student,,t,B.Sc. Biochem,183b3f5e-8a32-4972-ac8b-cf77dfe6a6c5,2026-09-07 02:00:06.879652+00,2026-09-07 02:00:06.879652+00,2028,,B.Sc. Biochem
arnold.rajawat@presidency.edu.in,"$argon2id$v=19$m=19456,t=2,p=1$eArnrLW1/rRzVwcR87bxEw$2A/rMWXO2MalZdh5hd4gbWYexoYip6qPZDyC0jg96MM",Arnold Rajawat,student,,t,BBA,785e7c89-2068-4c2c-8790-dbcf18b64a4a,2026-09-07 02:00:06.879652+00,2026-09-07 02:00:06.879652+00,2028,,BBA
aron.raje@presidency.edu.in,"$argon2id$v=19$m=19456,t=2,p=1$eArnrLW1/rRzVwcR87bxEw$2A/rMWXO2MalZdh5hd4gbWYexoYip6qPZDyC0jg96MM",Aron Raje,student,,t,BBA,785e7c89-2068-4c2c-8790-dbcf18b64a4a,2026-09-07 02:00:06.879652+00,2026-09-07 02:00:06.879652+00,2028,,BBA
arpita.bachchan@dgvaishnav.edu.in,"$argon2id$v=19$m=19456,t=2,p=1$eArnrLW1/rRzVwcR87bxEw$2A/rMWXO2MalZdh5hd4gbWYexoYip6qPZDyC0jg96MM",Arpita Bachchan,student,,t,B.Sc. Biochem,183b3f5e-8a32-4972-ac8b-cf77dfe6a6c5,2026-09-07 02:00:06.879652+00,2026-09-07 02:00:06.879652+00,2028,,B.Sc. Biochem
arthur.rajendran@presidency.edu.in,"$argon2id$v=19$m=19456,t=2,p=1$eArnrLW1/rRzVwcR87bxEw$2A/rMWXO2MalZdh5hd4gbWYexoYip6qPZDyC0jg96MM",Arthur Rajendran,student,,t,BBA,785e7c89-2068-4c2c-8790-dbcf18b64a4a,2026-09-07 02:00:06.879652+00,2026-09-07 02:00:06.879652+00,2028,,BBA
arturo.rajguru@presidency.edu.in,"$argon2id$v=19$m=19456,t=2,p=1$eArnrLW1/rRzVwcR87bxEw$2A/rMWXO2MalZdh5hd4gbWYexoYip6qPZDyC0jg96MM",Arturo Rajguru,student,,t,BBA,785e7c89-2068-4c2c-8790-dbcf18b64a4a,2026-09-07 02:00:06.879652+00,2026-09-07 02:00:06.879652+00,2028,,BBA
arya.bagchi@dgvaishnav.edu.in,"$argon2id$v=19$m=19456,t=2,p=1$eArnrLW1/rRzVwcR87bxEw$2A/rMWXO2MalZdh5hd4gbWYexoYip6qPZDyC0jg96MM",Arya Bagchi,student,,t,B.Sc. Biochem,183b3f5e-8a32-4972-ac8b-cf77dfe6a6c5,2026-09-07 02:00:06.879652+00,2026-09-07 02:00:06.879652+00,2028,,B.Sc. Biochem
aryaman.bahadur@dgvaishnav.edu.in,"$argon2id$v=19$m=19456,t=2,p=1$eArnrLW1/rRzVwcR87bxEw$2A/rMWXO2MalZdh5hd4gbWYexoYip6qPZDyC0jg96MM",Aryaman Bahadur,student,,t,B.Sc. Biochem,183b3f5e-8a32-4972-ac8b-cf77dfe6a6c5,2026-09-07 02:00:06.879652+00,2026-09-07 02:00:06.879652+00,2028,,B.Sc. Biochem
asher.rajhans@presidency.edu.in,"$argon2id$v=19$m=19456,t=2,p=1$eArnrLW1/rRzVwcR87bxEw$2A/rMWXO2MalZdh5hd4gbWYexoYip6qPZDyC0jg96MM",Asher Rajhans,student,,t,BBA,785e7c89-2068-4c2c-8790-dbcf18b64a4a,2026-09-07 02:00:06.879652+00,2026-09-07 02:00:06.879652+00,2028,,BBA
ashley.rajora@presidency.edu.in,"$argon2id$v=19$m=19456,t=2,p=1$eArnrLW1/rRzVwcR87bxEw$2A/rMWXO2MalZdh5hd4gbWYexoYip6qPZDyC0jg96MM",Ashley Rajora,student,,t,BBA,785e7c89-2068-4c2c-8790-dbcf18b64a4a,2026-09-07 02:00:06.879652+00,2026-09-07 02:00:06.879652+00,2028,,BBA
ashok.bajaj@dgvaishnav.edu.in,"$argon2id$v=19$m=19456,t=2,p=1$eArnrLW1/rRzVwcR87bxEw$2A/rMWXO2MalZdh5hd4gbWYexoYip6qPZDyC0jg96MM",Ashok Bajaj,student,,t,B.Sc. Biochem,183b3f5e-8a32-4972-ac8b-cf77dfe6a6c5,2026-09-07 02:00:06.879652+00,2026-09-07 02:00:06.879652+00,2028,,B.Sc. Biochem
ashton.rajput@presidency.edu.in,"$argon2id$v=19$m=19456,t=2,p=1$eArnrLW1/rRzVwcR87bxEw$2A/rMWXO2MalZdh5hd4gbWYexoYip6qPZDyC0jg96MM",Ashton Rajput,student,,t,BBA,785e7c89-2068-4c2c-8790-dbcf18b64a4a,2026-09-07 02:00:06.879652+00,2026-09-07 02:00:06.879652+00,2028,,BBA
ashwini.bahl@dgvaishnav.edu.in,"$argon2id$v=19$m=19456,t=2,p=1$eArnrLW1/rRzVwcR87bxEw$2A/rMWXO2MalZdh5hd4gbWYexoYip6qPZDyC0jg96MM",Ashwini Bahl,student,,t,B.Sc. Biochem,183b3f5e-8a32-4972-ac8b-cf77dfe6a6c5,2026-09-07 02:00:06.879652+00,2026-09-07 02:00:06.879652+00,2028,,B.Sc. Biochem
astrid.raju@ceg.annauniv.edu,"$argon2id$v=19$m=19456,t=2,p=1$eArnrLW1/rRzVwcR87bxEw$2A/rMWXO2MalZdh5hd4gbWYexoYip6qPZDyC0jg96MM",Astrid Raju,faculty,,t,B.Sc. Biochem,2332f735-c274-4b17-9585-d99f1c108581,2026-09-07 02:00:06.879652+00,2026-09-07 02:00:06.879652+00,,,B.Sc. Biochem
atticus.rajwade@ceg.annauniv.edu,"$argon2id$v=19$m=19456,t=2,p=1$eArnrLW1/rRzVwcR87bxEw$2A/rMWXO2MalZdh5hd4gbWYexoYip6qPZDyC0jg96MM",Atticus Rajwade,faculty,,t,M.Sc. Maths,2332f735-c274-4b17-9585-d99f1c108581,2026-09-07 02:00:06.879652+00,2026-09-07 02:00:06.879652+00,,,M.Sc. Maths
aubree.rakesh@ceg.annauniv.edu,"$argon2id$v=19$m=19456,t=2,p=1$eArnrLW1/rRzVwcR87bxEw$2A/rMWXO2MalZdh5hd4gbWYexoYip6qPZDyC0jg96MM",Aubree Rakesh,faculty,,t,B.E. CSE,2332f735-c274-4b17-9585-d99f1c108581,2026-09-07 02:00:06.879652+00,2026-09-07 02:00:06.879652+00,,,B.E. CSE
aubrey.ram@ceg.annauniv.edu,"$argon2id$v=19$m=19456,t=2,p=1$eArnrLW1/rRzVwcR87bxEw$2A/rMWXO2MalZdh5hd4gbWYexoYip6qPZDyC0jg96MM",Aubrey Ram,faculty,,t,M.Tech. DS,2332f735-c274-4b17-9585-d99f1c108581,2026-09-07 02:00:06.879652+00,2026-09-07 02:00:06.879652+00,,,M.Tech. DS
audrey.ramachandran@ceg.annauniv.edu,"$argon2id$v=19$m=19456,t=2,p=1$eArnrLW1/rRzVwcR87bxEw$2A/rMWXO2MalZdh5hd4gbWYexoYip6qPZDyC0jg96MM",Audrey Ramachandran,faculty,,t,BBA,2332f735-c274-4b17-9585-d99f1c108581,2026-09-07 02:00:06.879652+00,2026-09-07 02:00:06.879652+00,,,BBA
augusta.ramakrishna@ceg.annauniv.edu,"$argon2id$v=19$m=19456,t=2,p=1$eArnrLW1/rRzVwcR87bxEw$2A/rMWXO2MalZdh5hd4gbWYexoYip6qPZDyC0jg96MM",Augusta Ramakrishna,student,,t,B.Sc. Biochem,2332f735-c274-4b17-9585-d99f1c108581,2026-09-07 02:00:06.879652+00,2026-09-07 02:00:06.879652+00,2026,,B.Sc. Biochem
augustine.ramakrishnan@ceg.annauniv.edu,"$argon2id$v=19$m=19456,t=2,p=1$eArnrLW1/rRzVwcR87bxEw$2A/rMWXO2MalZdh5hd4gbWYexoYip6qPZDyC0jg96MM",Augustine Ramakrishnan,student,,t,B.Sc. Biochem,2332f735-c274-4b17-9585-d99f1c108581,2026-09-07 02:00:06.879652+00,2026-09-07 02:00:06.879652+00,2026,,B.Sc. Biochem
augustus.raman@ceg.annauniv.edu,"$argon2id$v=19$m=19456,t=2,p=1$eArnrLW1/rRzVwcR87bxEw$2A/rMWXO2MalZdh5hd4gbWYexoYip6qPZDyC0jg96MM",Augustus Raman,student,,t,B.Sc. Biochem,2332f735-c274-4b17-9585-d99f1c108581,2026-09-07 02:00:06.879652+00,2026-09-07 02:00:06.879652+00,2026,,B.Sc. Biochem
aura.ramanathan@ceg.annauniv.edu,"$argon2id$v=19$m=19456,t=2,p=1$eArnrLW1/rRzVwcR87bxEw$2A/rMWXO2MalZdh5hd4gbWYexoYip6qPZDyC0jg96MM",Aura Ramanathan,student,,t,B.Sc. Biochem,2332f735-c274-4b17-9585-d99f1c108581,2026-09-07 02:00:06.879652+00,2026-09-07 02:00:06.879652+00,2026,,B.Sc. Biochem
aurelia.ramani@ceg.annauniv.edu,"$argon2id$v=19$m=19456,t=2,p=1$eArnrLW1/rRzVwcR87bxEw$2A/rMWXO2MalZdh5hd4gbWYexoYip6qPZDyC0jg96MM",Aurelia Ramani,student,,t,B.Sc. Biochem,2332f735-c274-4b17-9585-d99f1c108581,2026-09-07 02:00:06.879652+00,2026-09-07 02:00:06.879652+00,2026,,B.Sc. Biochem
aurelius.ramaswamy@ceg.annauniv.edu,"$argon2id$v=19$m=19456,t=2,p=1$eArnrLW1/rRzVwcR87bxEw$2A/rMWXO2MalZdh5hd4gbWYexoYip6qPZDyC0jg96MM",Aurelius Ramaswamy,student,,t,B.Sc. Biochem,2332f735-c274-4b17-9585-d99f1c108581,2026-09-07 02:00:06.879652+00,2026-09-07 02:00:06.879652+00,2026,,B.Sc. Biochem
aurora.ramdas@ceg.annauniv.edu,"$argon2id$v=19$m=19456,t=2,p=1$eArnrLW1/rRzVwcR87bxEw$2A/rMWXO2MalZdh5hd4gbWYexoYip6qPZDyC0jg96MM",Aurora Ramdas,student,,t,B.Sc. Biochem,2332f735-c274-4b17-9585-d99f1c108581,2026-09-07 02:00:06.879652+00,2026-09-07 02:00:06.879652+00,2026,,B.Sc. Biochem
austin.ramesh@ceg.annauniv.edu,"$argon2id$v=19$m=19456,t=2,p=1$eArnrLW1/rRzVwcR87bxEw$2A/rMWXO2MalZdh5hd4gbWYexoYip6qPZDyC0jg96MM",Austin Ramesh,student,,t,B.Sc. Biochem,2332f735-c274-4b17-9585-d99f1c108581,2026-09-07 02:00:06.879652+00,2026-09-07 02:00:06.879652+00,2026,,B.Sc. Biochem
autumn.ramgopal@ceg.annauniv.edu,"$argon2id$v=19$m=19456,t=2,p=1$eArnrLW1/rRzVwcR87bxEw$2A/rMWXO2MalZdh5hd4gbWYexoYip6qPZDyC0jg96MM",Autumn Ramgopal,student,,t,B.Sc. Biochem,2332f735-c274-4b17-9585-d99f1c108581,2026-09-07 02:00:06.879652+00,2026-09-07 02:00:06.879652+00,2026,,B.Sc. Biochem
avalon.rampal@ceg.annauniv.edu,"$argon2id$v=19$m=19456,t=2,p=1$eArnrLW1/rRzVwcR87bxEw$2A/rMWXO2MalZdh5hd4gbWYexoYip6qPZDyC0jg96MM",Avalon Rampal,student,,t,B.Sc. Biochem,2332f735-c274-4b17-9585-d99f1c108581,2026-09-07 02:00:06.879652+00,2026-09-07 02:00:06.879652+00,2027,,B.Sc. Biochem
avani.bajpai@dgvaishnav.edu.in,"$argon2id$v=19$m=19456,t=2,p=1$eArnrLW1/rRzVwcR87bxEw$2A/rMWXO2MalZdh5hd4gbWYexoYip6qPZDyC0jg96MM",Avani Bajpai,student,,t,M.Sc. Maths,183b3f5e-8a32-4972-ac8b-cf77dfe6a6c5,2026-09-07 02:00:06.879652+00,2026-09-07 02:00:06.879652+00,2026,,M.Sc. Maths
avantika.balakrishnan@dgvaishnav.edu.in,"$argon2id$v=19$m=19456,t=2,p=1$eArnrLW1/rRzVwcR87bxEw$2A/rMWXO2MalZdh5hd4gbWYexoYip6qPZDyC0jg96MM",Avantika Balakrishnan,student,,t,M.Sc. Maths,183b3f5e-8a32-4972-ac8b-cf77dfe6a6c5,2026-09-07 02:00:06.879652+00,2026-09-07 02:00:06.879652+00,2026,,M.Sc. Maths
ava.ramkumar@ceg.annauniv.edu,"$argon2id$v=19$m=19456,t=2,p=1$eArnrLW1/rRzVwcR87bxEw$2A/rMWXO2MalZdh5hd4gbWYexoYip6qPZDyC0jg96MM",Ava Ramkumar,student,,t,B.Sc. Biochem,2332f735-c274-4b17-9585-d99f1c108581,2026-09-07 02:00:06.879652+00,2026-09-07 02:00:06.879652+00,2026,,B.Sc. Biochem
avery.rana@ceg.annauniv.edu,"$argon2id$v=19$m=19456,t=2,p=1$eArnrLW1/rRzVwcR87bxEw$2A/rMWXO2MalZdh5hd4gbWYexoYip6qPZDyC0jg96MM",Avery Rana,student,,t,B.Sc. Biochem,2332f735-c274-4b17-9585-d99f1c108581,2026-09-07 02:00:06.879652+00,2026-09-07 02:00:06.879652+00,2027,,B.Sc. Biochem
avinash.bakshi@dgvaishnav.edu.in,"$argon2id$v=19$m=19456,t=2,p=1$eArnrLW1/rRzVwcR87bxEw$2A/rMWXO2MalZdh5hd4gbWYexoYip6qPZDyC0jg96MM",Avinash Bakshi,student,,t,M.Sc. Maths,183b3f5e-8a32-4972-ac8b-cf77dfe6a6c5,2026-09-07 02:00:06.879652+00,2026-09-07 02:00:06.879652+00,2026,,M.Sc. Maths
axel.ranade@ceg.annauniv.edu,"$argon2id$v=19$m=19456,t=2,p=1$eArnrLW1/rRzVwcR87bxEw$2A/rMWXO2MalZdh5hd4gbWYexoYip6qPZDyC0jg96MM",Axel Ranade,student,,t,B.Sc. Biochem,2332f735-c274-4b17-9585-d99f1c108581,2026-09-07 02:00:06.879652+00,2026-09-07 02:00:06.879652+00,2027,,B.Sc. Biochem
ayden.ranawat@ceg.annauniv.edu,"$argon2id$v=19$m=19456,t=2,p=1$eArnrLW1/rRzVwcR87bxEw$2A/rMWXO2MalZdh5hd4gbWYexoYip6qPZDyC0jg96MM",Ayden Ranawat,student,,t,B.Sc. Biochem,2332f735-c274-4b17-9585-d99f1c108581,2026-09-07 02:00:06.879652+00,2026-09-07 02:00:06.879652+00,2027,,B.Sc. Biochem
ayla.rane@ceg.annauniv.edu,"$argon2id$v=19$m=19456,t=2,p=1$eArnrLW1/rRzVwcR87bxEw$2A/rMWXO2MalZdh5hd4gbWYexoYip6qPZDyC0jg96MM",Ayla Rane,student,,t,B.Sc. Biochem,2332f735-c274-4b17-9585-d99f1c108581,2026-09-07 02:00:06.879652+00,2026-09-07 02:00:06.879652+00,2027,,B.Sc. Biochem
ayush.balamurugan@dgvaishnav.edu.in,"$argon2id$v=19$m=19456,t=2,p=1$eArnrLW1/rRzVwcR87bxEw$2A/rMWXO2MalZdh5hd4gbWYexoYip6qPZDyC0jg96MM",Ayush Balamurugan,student,,t,M.Sc. Maths,183b3f5e-8a32-4972-ac8b-cf77dfe6a6c5,2026-09-07 02:00:06.879652+00,2026-09-07 02:00:06.879652+00,2026,,M.Sc. Maths
bailey.ranga@ceg.annauniv.edu,"$argon2id$v=19$m=19456,t=2,p=1$eArnrLW1/rRzVwcR87bxEw$2A/rMWXO2MalZdh5hd4gbWYexoYip6qPZDyC0jg96MM",Bailey Ranga,student,,t,B.Sc. Biochem,2332f735-c274-4b17-9585-d99f1c108581,2026-09-07 02:00:06.879652+00,2026-09-07 02:00:06.879652+00,2027,,B.Sc. Biochem
bala.balasubramanian@dgvaishnav.edu.in,"$argon2id$v=19$m=19456,t=2,p=1$eArnrLW1/rRzVwcR87bxEw$2A/rMWXO2MalZdh5hd4gbWYexoYip6qPZDyC0jg96MM",Bala Balasubramanian,student,,t,M.Sc. Maths,183b3f5e-8a32-4972-ac8b-cf77dfe6a6c5,2026-09-07 02:00:06.879652+00,2026-09-07 02:00:06.879652+00,2026,,M.Sc. Maths
balaji.baliga@dgvaishnav.edu.in,"$argon2id$v=19$m=19456,t=2,p=1$eArnrLW1/rRzVwcR87bxEw$2A/rMWXO2MalZdh5hd4gbWYexoYip6qPZDyC0jg96MM",Balaji Baliga,student,,t,M.Sc. Maths,183b3f5e-8a32-4972-ac8b-cf77dfe6a6c5,2026-09-07 02:00:06.879652+00,2026-09-07 02:00:06.879652+00,2026,,M.Sc. Maths
barbara.rangan@ceg.annauniv.edu,"$argon2id$v=19$m=19456,t=2,p=1$eArnrLW1/rRzVwcR87bxEw$2A/rMWXO2MalZdh5hd4gbWYexoYip6qPZDyC0jg96MM",Barbara Rangan,student,,t,B.Sc. Biochem,2332f735-c274-4b17-9585-d99f1c108581,2026-09-07 02:00:06.879652+00,2026-09-07 02:00:06.879652+00,2027,,B.Sc. Biochem
barret.ranganathan@ceg.annauniv.edu,"$argon2id$v=19$m=19456,t=2,p=1$eArnrLW1/rRzVwcR87bxEw$2A/rMWXO2MalZdh5hd4gbWYexoYip6qPZDyC0jg96MM",Barret Ranganathan,student,,t,B.Sc. Biochem,2332f735-c274-4b17-9585-d99f1c108581,2026-09-07 02:00:06.879652+00,2026-09-07 02:00:06.879652+00,2027,,B.Sc. Biochem
barrett.rangaswamy@ceg.annauniv.edu,"$argon2id$v=19$m=19456,t=2,p=1$eArnrLW1/rRzVwcR87bxEw$2A/rMWXO2MalZdh5hd4gbWYexoYip6qPZDyC0jg96MM",Barrett Rangaswamy,student,,t,B.Sc. Biochem,2332f735-c274-4b17-9585-d99f1c108581,2026-09-07 02:00:06.879652+00,2026-09-07 02:00:06.879652+00,2027,,B.Sc. Biochem
barry.ranjan@ceg.annauniv.edu,"$argon2id$v=19$m=19456,t=2,p=1$eArnrLW1/rRzVwcR87bxEw$2A/rMWXO2MalZdh5hd4gbWYexoYip6qPZDyC0jg96MM",Barry Ranjan,student,,t,B.Sc. Biochem,2332f735-c274-4b17-9585-d99f1c108581,2026-09-07 02:00:06.879652+00,2026-09-07 02:00:06.879652+00,2027,,B.Sc. Biochem
bartholomew.rasgotra@ceg.annauniv.edu,"$argon2id$v=19$m=19456,t=2,p=1$eArnrLW1/rRzVwcR87bxEw$2A/rMWXO2MalZdh5hd4gbWYexoYip6qPZDyC0jg96MM",Bartholomew Rasgotra,student,,t,B.Sc. Biochem,2332f735-c274-4b17-9585-d99f1c108581,2026-09-07 02:00:06.879652+00,2026-09-07 02:00:06.879652+00,2028,,B.Sc. Biochem
bart.rao@ceg.annauniv.edu,"$argon2id$v=19$m=19456,t=2,p=1$eArnrLW1/rRzVwcR87bxEw$2A/rMWXO2MalZdh5hd4gbWYexoYip6qPZDyC0jg96MM",Bart Rao,student,,t,B.Sc. Biochem,2332f735-c274-4b17-9585-d99f1c108581,2026-09-07 02:00:06.879652+00,2026-09-07 02:00:06.879652+00,2028,,B.Sc. Biochem
basil.rastogi@ceg.annauniv.edu,"$argon2id$v=19$m=19456,t=2,p=1$eArnrLW1/rRzVwcR87bxEw$2A/rMWXO2MalZdh5hd4gbWYexoYip6qPZDyC0jg96MM",Basil Rastogi,student,,t,B.Sc. Biochem,2332f735-c274-4b17-9585-d99f1c108581,2026-09-07 02:00:06.879652+00,2026-09-07 02:00:06.879652+00,2028,,B.Sc. Biochem
baxter.rath@ceg.annauniv.edu,"$argon2id$v=19$m=19456,t=2,p=1$eArnrLW1/rRzVwcR87bxEw$2A/rMWXO2MalZdh5hd4gbWYexoYip6qPZDyC0jg96MM",Baxter Rath,student,,t,B.Sc. Biochem,2332f735-c274-4b17-9585-d99f1c108581,2026-09-07 02:00:06.879652+00,2026-09-07 02:00:06.879652+00,2028,,B.Sc. Biochem
beatrice.ratnam@ceg.annauniv.edu,"$argon2id$v=19$m=19456,t=2,p=1$eArnrLW1/rRzVwcR87bxEw$2A/rMWXO2MalZdh5hd4gbWYexoYip6qPZDyC0jg96MM",Beatrice Ratnam,student,,t,B.Sc. Biochem,2332f735-c274-4b17-9585-d99f1c108581,2026-09-07 02:00:06.879652+00,2026-09-07 02:00:06.879652+00,2028,,B.Sc. Biochem
beatrix.rattan@ceg.annauniv.edu,"$argon2id$v=19$m=19456,t=2,p=1$eArnrLW1/rRzVwcR87bxEw$2A/rMWXO2MalZdh5hd4gbWYexoYip6qPZDyC0jg96MM",Beatrix Rattan,student,,t,B.Sc. Biochem,2332f735-c274-4b17-9585-d99f1c108581,2026-09-07 02:00:06.879652+00,2026-09-07 02:00:06.879652+00,2028,,B.Sc. Biochem
beau.rau@ceg.annauniv.edu,"$argon2id$v=19$m=19456,t=2,p=1$eArnrLW1/rRzVwcR87bxEw$2A/rMWXO2MalZdh5hd4gbWYexoYip6qPZDyC0jg96MM",Beau Rau,student,,t,B.Sc. Biochem,2332f735-c274-4b17-9585-d99f1c108581,2026-09-07 02:00:06.879652+00,2026-09-07 02:00:06.879652+00,2028,,B.Sc. Biochem
becky.raval@ceg.annauniv.edu,"$argon2id$v=19$m=19456,t=2,p=1$eArnrLW1/rRzVwcR87bxEw$2A/rMWXO2MalZdh5hd4gbWYexoYip6qPZDyC0jg96MM",Becky Raval,student,,t,B.Sc. Biochem,2332f735-c274-4b17-9585-d99f1c108581,2026-09-07 02:00:06.879652+00,2026-09-07 02:00:06.879652+00,2028,,B.Sc. Biochem
belinda.ravichandran@ceg.annauniv.edu,"$argon2id$v=19$m=19456,t=2,p=1$eArnrLW1/rRzVwcR87bxEw$2A/rMWXO2MalZdh5hd4gbWYexoYip6qPZDyC0jg96MM",Belinda Ravichandran,student,,t,B.Sc. Biochem,2332f735-c274-4b17-9585-d99f1c108581,2026-09-07 02:00:06.879652+00,2026-09-07 02:00:06.879652+00,2028,,B.Sc. Biochem
bella.ravindran@ceg.annauniv.edu,"$argon2id$v=19$m=19456,t=2,p=1$eArnrLW1/rRzVwcR87bxEw$2A/rMWXO2MalZdh5hd4gbWYexoYip6qPZDyC0jg96MM",Bella Ravindran,student,,t,B.Sc. Biochem,2332f735-c274-4b17-9585-d99f1c108581,2026-09-07 02:00:06.879652+00,2026-09-07 02:00:06.879652+00,2028,,B.Sc. Biochem
benedict.rawal@ceg.annauniv.edu,"$argon2id$v=19$m=19456,t=2,p=1$eArnrLW1/rRzVwcR87bxEw$2A/rMWXO2MalZdh5hd4gbWYexoYip6qPZDyC0jg96MM",Benedict Rawal,student,,t,M.Sc. Maths,2332f735-c274-4b17-9585-d99f1c108581,2026-09-07 02:00:06.879652+00,2026-09-07 02:00:06.879652+00,2026,,M.Sc. Maths
benita.raychaudhuri@ceg.annauniv.edu,"$argon2id$v=19$m=19456,t=2,p=1$eArnrLW1/rRzVwcR87bxEw$2A/rMWXO2MalZdh5hd4gbWYexoYip6qPZDyC0jg96MM",Benita Raychaudhuri,student,,t,M.Sc. Maths,2332f735-c274-4b17-9585-d99f1c108581,2026-09-07 02:00:06.879652+00,2026-09-07 02:00:06.879652+00,2026,,M.Sc. Maths
benjamin.rawat@ceg.annauniv.edu,"$argon2id$v=19$m=19456,t=2,p=1$eArnrLW1/rRzVwcR87bxEw$2A/rMWXO2MalZdh5hd4gbWYexoYip6qPZDyC0jg96MM",Benjamin Rawat,student,,t,M.Sc. Maths,2332f735-c274-4b17-9585-d99f1c108581,2026-09-07 02:00:06.879652+00,2026-09-07 02:00:06.879652+00,2026,,M.Sc. Maths
bennett.raza@ceg.annauniv.edu,"$argon2id$v=19$m=19456,t=2,p=1$eArnrLW1/rRzVwcR87bxEw$2A/rMWXO2MalZdh5hd4gbWYexoYip6qPZDyC0jg96MM",Bennett Raza,student,,t,M.Sc. Maths,2332f735-c274-4b17-9585-d99f1c108581,2026-09-07 02:00:06.879652+00,2026-09-07 02:00:06.879652+00,2026,,M.Sc. Maths
bennie.razdan@ceg.annauniv.edu,"$argon2id$v=19$m=19456,t=2,p=1$eArnrLW1/rRzVwcR87bxEw$2A/rMWXO2MalZdh5hd4gbWYexoYip6qPZDyC0jg96MM",Bennie Razdan,student,,t,M.Sc. Maths,2332f735-c274-4b17-9585-d99f1c108581,2026-09-07 02:00:06.879652+00,2026-09-07 02:00:06.879652+00,2026,,M.Sc. Maths
benny.reddi@ceg.annauniv.edu,"$argon2id$v=19$m=19456,t=2,p=1$eArnrLW1/rRzVwcR87bxEw$2A/rMWXO2MalZdh5hd4gbWYexoYip6qPZDyC0jg96MM",Benny Reddi,student,,t,M.Sc. Maths,2332f735-c274-4b17-9585-d99f1c108581,2026-09-07 02:00:06.879652+00,2026-09-07 02:00:06.879652+00,2026,,M.Sc. Maths
ben.ravishankar@ceg.annauniv.edu,"$argon2id$v=19$m=19456,t=2,p=1$eArnrLW1/rRzVwcR87bxEw$2A/rMWXO2MalZdh5hd4gbWYexoYip6qPZDyC0jg96MM",Ben Ravishankar,student,,t,M.Sc. Maths,2332f735-c274-4b17-9585-d99f1c108581,2026-09-07 02:00:06.879652+00,2026-09-07 02:00:06.879652+00,2026,,M.Sc. Maths
bernadette.reddy@ceg.annauniv.edu,"$argon2id$v=19$m=19456,t=2,p=1$eArnrLW1/rRzVwcR87bxEw$2A/rMWXO2MalZdh5hd4gbWYexoYip6qPZDyC0jg96MM",Bernadette Reddy,student,,t,M.Sc. Maths,2332f735-c274-4b17-9585-d99f1c108581,2026-09-07 02:00:06.879652+00,2026-09-07 02:00:06.879652+00,2026,,M.Sc. Maths
bernardo.rekhi@ceg.annauniv.edu,"$argon2id$v=19$m=19456,t=2,p=1$eArnrLW1/rRzVwcR87bxEw$2A/rMWXO2MalZdh5hd4gbWYexoYip6qPZDyC0jg96MM",Bernardo Rekhi,student,,t,M.Sc. Maths,2332f735-c274-4b17-9585-d99f1c108581,2026-09-07 02:00:06.879652+00,2026-09-07 02:00:06.879652+00,2026,,M.Sc. Maths
bernard.rege@ceg.annauniv.edu,"$argon2id$v=19$m=19456,t=2,p=1$eArnrLW1/rRzVwcR87bxEw$2A/rMWXO2MalZdh5hd4gbWYexoYip6qPZDyC0jg96MM",Bernard Rege,student,,t,M.Sc. Maths,2332f735-c274-4b17-9585-d99f1c108581,2026-09-07 02:00:06.879652+00,2026-09-07 02:00:06.879652+00,2026,,M.Sc. Maths
bernice.renganathan@ceg.annauniv.edu,"$argon2id$v=19$m=19456,t=2,p=1$eArnrLW1/rRzVwcR87bxEw$2A/rMWXO2MalZdh5hd4gbWYexoYip6qPZDyC0jg96MM",Bernice Renganathan,student,,t,M.Sc. Maths,2332f735-c274-4b17-9585-d99f1c108581,2026-09-07 02:00:06.879652+00,2026-09-07 02:00:06.879652+00,2027,,M.Sc. Maths
bertha.ribeiro@ceg.annauniv.edu,"$argon2id$v=19$m=19456,t=2,p=1$eArnrLW1/rRzVwcR87bxEw$2A/rMWXO2MalZdh5hd4gbWYexoYip6qPZDyC0jg96MM",Bertha Ribeiro,student,,t,M.Sc. Maths,2332f735-c274-4b17-9585-d99f1c108581,2026-09-07 02:00:06.879652+00,2026-09-07 02:00:06.879652+00,2027,,M.Sc. Maths
bertram.rodrigues@ceg.annauniv.edu,"$argon2id$v=19$m=19456,t=2,p=1$eArnrLW1/rRzVwcR87bxEw$2A/rMWXO2MalZdh5hd4gbWYexoYip6qPZDyC0jg96MM",Bertram Rodrigues,student,,t,M.Sc. Maths,2332f735-c274-4b17-9585-d99f1c108581,2026-09-07 02:00:06.879652+00,2026-09-07 02:00:06.879652+00,2027,,M.Sc. Maths
bert.ribandar@ceg.annauniv.edu,"$argon2id$v=19$m=19456,t=2,p=1$eArnrLW1/rRzVwcR87bxEw$2A/rMWXO2MalZdh5hd4gbWYexoYip6qPZDyC0jg96MM",Bert Ribandar,student,,t,M.Sc. Maths,2332f735-c274-4b17-9585-d99f1c108581,2026-09-07 02:00:06.879652+00,2026-09-07 02:00:06.879652+00,2027,,M.Sc. Maths
beryl.rohira@ceg.annauniv.edu,"$argon2id$v=19$m=19456,t=2,p=1$eArnrLW1/rRzVwcR87bxEw$2A/rMWXO2MalZdh5hd4gbWYexoYip6qPZDyC0jg96MM",Beryl Rohira,student,,t,M.Sc. Maths,2332f735-c274-4b17-9585-d99f1c108581,2026-09-07 02:00:06.879652+00,2026-09-07 02:00:06.879652+00,2027,,M.Sc. Maths
bess.rohatgi@ceg.annauniv.edu,"$argon2id$v=19$m=19456,t=2,p=1$eArnrLW1/rRzVwcR87bxEw$2A/rMWXO2MalZdh5hd4gbWYexoYip6qPZDyC0jg96MM",Bess Rohatgi,student,,t,M.Sc. Maths,2332f735-c274-4b17-9585-d99f1c108581,2026-09-07 02:00:06.879652+00,2026-09-07 02:00:06.879652+00,2027,,M.Sc. Maths
bethany.rohilla@ceg.annauniv.edu,"$argon2id$v=19$m=19456,t=2,p=1$eArnrLW1/rRzVwcR87bxEw$2A/rMWXO2MalZdh5hd4gbWYexoYip6qPZDyC0jg96MM",Bethany Rohilla,student,,t,M.Sc. Maths,2332f735-c274-4b17-9585-d99f1c108581,2026-09-07 02:00:06.879652+00,2026-09-07 02:00:06.879652+00,2027,,M.Sc. Maths
betsy.roongta@ceg.annauniv.edu,"$argon2id$v=19$m=19456,t=2,p=1$eArnrLW1/rRzVwcR87bxEw$2A/rMWXO2MalZdh5hd4gbWYexoYip6qPZDyC0jg96MM",Betsy Roongta,student,,t,M.Sc. Maths,2332f735-c274-4b17-9585-d99f1c108581,2026-09-07 02:00:06.879652+00,2026-09-07 02:00:06.879652+00,2027,,M.Sc. Maths
betty.roychaudhury@ceg.annauniv.edu,"$argon2id$v=19$m=19456,t=2,p=1$eArnrLW1/rRzVwcR87bxEw$2A/rMWXO2MalZdh5hd4gbWYexoYip6qPZDyC0jg96MM",Betty Roychaudhury,student,,t,M.Sc. Maths,2332f735-c274-4b17-9585-d99f1c108581,2026-09-07 02:00:06.879652+00,2026-09-07 02:00:06.879652+00,2027,,M.Sc. Maths
beverly.roychoudhury@ceg.annauniv.edu,"$argon2id$v=19$m=19456,t=2,p=1$eArnrLW1/rRzVwcR87bxEw$2A/rMWXO2MalZdh5hd4gbWYexoYip6qPZDyC0jg96MM",Beverly Roychoudhury,student,,t,M.Sc. Maths,2332f735-c274-4b17-9585-d99f1c108581,2026-09-07 02:00:06.879652+00,2026-09-07 02:00:06.879652+00,2027,,M.Sc. Maths
bharat.banerjee@dgvaishnav.edu.in,"$argon2id$v=19$m=19456,t=2,p=1$eArnrLW1/rRzVwcR87bxEw$2A/rMWXO2MalZdh5hd4gbWYexoYip6qPZDyC0jg96MM",Bharat Banerjee,student,,t,M.Sc. Maths,183b3f5e-8a32-4972-ac8b-cf77dfe6a6c5,2026-09-07 02:00:06.879652+00,2026-09-07 02:00:06.879652+00,2026,,M.Sc. Maths
bhavana.bandopadhyay@dgvaishnav.edu.in,"$argon2id$v=19$m=19456,t=2,p=1$eArnrLW1/rRzVwcR87bxEw$2A/rMWXO2MalZdh5hd4gbWYexoYip6qPZDyC0jg96MM",Bhavana Bandopadhyay,student,,t,M.Sc. Maths,183b3f5e-8a32-4972-ac8b-cf77dfe6a6c5,2026-09-07 02:00:06.879652+00,2026-09-07 02:00:06.879652+00,2026,,M.Sc. Maths
bhavesh.bansal@dgvaishnav.edu.in,"$argon2id$v=19$m=19456,t=2,p=1$eArnrLW1/rRzVwcR87bxEw$2A/rMWXO2MalZdh5hd4gbWYexoYip6qPZDyC0jg96MM",Bhavesh Bansal,student,,t,M.Sc. Maths,183b3f5e-8a32-4972-ac8b-cf77dfe6a6c5,2026-09-07 02:00:06.879652+00,2026-09-07 02:00:06.879652+00,2026,,M.Sc. Maths
bhumika.bangera@dgvaishnav.edu.in,"$argon2id$v=19$m=19456,t=2,p=1$eArnrLW1/rRzVwcR87bxEw$2A/rMWXO2MalZdh5hd4gbWYexoYip6qPZDyC0jg96MM",Bhumika Bangera,student,,t,M.Sc. Maths,183b3f5e-8a32-4972-ac8b-cf77dfe6a6c5,2026-09-07 02:00:06.879652+00,2026-09-07 02:00:06.879652+00,2026,,M.Sc. Maths
bhuvan.baradkar@dgvaishnav.edu.in,"$argon2id$v=19$m=19456,t=2,p=1$eArnrLW1/rRzVwcR87bxEw$2A/rMWXO2MalZdh5hd4gbWYexoYip6qPZDyC0jg96MM",Bhuvan Baradkar,student,,t,M.Sc. Maths,183b3f5e-8a32-4972-ac8b-cf77dfe6a6c5,2026-09-07 02:00:06.879652+00,2026-09-07 02:00:06.879652+00,2027,,M.Sc. Maths
bianca.rudra@ceg.annauniv.edu,"$argon2id$v=19$m=19456,t=2,p=1$eArnrLW1/rRzVwcR87bxEw$2A/rMWXO2MalZdh5hd4gbWYexoYip6qPZDyC0jg96MM",Bianca Rudra,student,,t,M.Sc. Maths,2332f735-c274-4b17-9585-d99f1c108581,2026-09-07 02:00:06.879652+00,2026-09-07 02:00:06.879652+00,2028,,M.Sc. Maths
billie.ruia@ceg.annauniv.edu,"$argon2id$v=19$m=19456,t=2,p=1$eArnrLW1/rRzVwcR87bxEw$2A/rMWXO2MalZdh5hd4gbWYexoYip6qPZDyC0jg96MM",Billie Ruia,student,,t,M.Sc. Maths,2332f735-c274-4b17-9585-d99f1c108581,2026-09-07 02:00:06.879652+00,2026-09-07 02:00:06.879652+00,2028,,M.Sc. Maths
billy.rungta@ceg.annauniv.edu,"$argon2id$v=19$m=19456,t=2,p=1$eArnrLW1/rRzVwcR87bxEw$2A/rMWXO2MalZdh5hd4gbWYexoYip6qPZDyC0jg96MM",Billy Rungta,student,,t,M.Sc. Maths,2332f735-c274-4b17-9585-d99f1c108581,2026-09-07 02:00:06.879652+00,2026-09-07 02:00:06.879652+00,2028,,M.Sc. Maths
blair.ruparel@ceg.annauniv.edu,"$argon2id$v=19$m=19456,t=2,p=1$eArnrLW1/rRzVwcR87bxEw$2A/rMWXO2MalZdh5hd4gbWYexoYip6qPZDyC0jg96MM",Blair Ruparel,student,,t,M.Sc. Maths,2332f735-c274-4b17-9585-d99f1c108581,2026-09-07 02:00:06.879652+00,2026-09-07 02:00:06.879652+00,2028,,M.Sc. Maths
blake.sabharwal@ceg.annauniv.edu,"$argon2id$v=19$m=19456,t=2,p=1$eArnrLW1/rRzVwcR87bxEw$2A/rMWXO2MalZdh5hd4gbWYexoYip6qPZDyC0jg96MM",Blake Sabharwal,student,,t,M.Sc. Maths,2332f735-c274-4b17-9585-d99f1c108581,2026-09-07 02:00:06.879652+00,2026-09-07 02:00:06.879652+00,2028,,M.Sc. Maths
blanca.sabnis@ceg.annauniv.edu,"$argon2id$v=19$m=19456,t=2,p=1$eArnrLW1/rRzVwcR87bxEw$2A/rMWXO2MalZdh5hd4gbWYexoYip6qPZDyC0jg96MM",Blanca Sabnis,student,,t,M.Sc. Maths,2332f735-c274-4b17-9585-d99f1c108581,2026-09-07 02:00:06.879652+00,2026-09-07 02:00:06.879652+00,2028,,M.Sc. Maths
blanche.sachdev@ceg.annauniv.edu,"$argon2id$v=19$m=19456,t=2,p=1$eArnrLW1/rRzVwcR87bxEw$2A/rMWXO2MalZdh5hd4gbWYexoYip6qPZDyC0jg96MM",Blanche Sachdev,student,,t,M.Sc. Maths,2332f735-c274-4b17-9585-d99f1c108581,2026-09-07 02:00:06.879652+00,2026-09-07 02:00:06.879652+00,2028,,M.Sc. Maths
blaze.sachdeva@ceg.annauniv.edu,"$argon2id$v=19$m=19456,t=2,p=1$eArnrLW1/rRzVwcR87bxEw$2A/rMWXO2MalZdh5hd4gbWYexoYip6qPZDyC0jg96MM",Blaze Sachdeva,student,,t,M.Sc. Maths,2332f735-c274-4b17-9585-d99f1c108581,2026-09-07 02:00:06.879652+00,2026-09-07 02:00:06.879652+00,2028,,M.Sc. Maths
bobbie.sadgopal@ceg.annauniv.edu,"$argon2id$v=19$m=19456,t=2,p=1$eArnrLW1/rRzVwcR87bxEw$2A/rMWXO2MalZdh5hd4gbWYexoYip6qPZDyC0jg96MM",Bobbie Sadgopal,student,,t,M.Sc. Maths,2332f735-c274-4b17-9585-d99f1c108581,2026-09-07 02:00:06.879652+00,2026-09-07 02:00:06.879652+00,2028,,M.Sc. Maths
bobby.sagar@ceg.annauniv.edu,"$argon2id$v=19$m=19456,t=2,p=1$eArnrLW1/rRzVwcR87bxEw$2A/rMWXO2MalZdh5hd4gbWYexoYip6qPZDyC0jg96MM",Bobby Sagar,student,,t,B.E. CSE,2332f735-c274-4b17-9585-d99f1c108581,2026-09-07 02:00:06.879652+00,2026-09-07 02:00:06.879652+00,2026,,B.E. CSE
bob.sadarangani@ceg.annauniv.edu,"$argon2id$v=19$m=19456,t=2,p=1$eArnrLW1/rRzVwcR87bxEw$2A/rMWXO2MalZdh5hd4gbWYexoYip6qPZDyC0jg96MM",Bob Sadarangani,student,,t,M.Sc. Maths,2332f735-c274-4b17-9585-d99f1c108581,2026-09-07 02:00:06.879652+00,2026-09-07 02:00:06.879652+00,2028,,M.Sc. Maths
bodhi.sahai@ceg.annauniv.edu,"$argon2id$v=19$m=19456,t=2,p=1$eArnrLW1/rRzVwcR87bxEw$2A/rMWXO2MalZdh5hd4gbWYexoYip6qPZDyC0jg96MM",Bodhi Sahai,student,,t,B.E. CSE,2332f735-c274-4b17-9585-d99f1c108581,2026-09-07 02:00:06.879652+00,2026-09-07 02:00:06.879652+00,2026,,B.E. CSE
bonnie.sahani@ceg.annauniv.edu,"$argon2id$v=19$m=19456,t=2,p=1$eArnrLW1/rRzVwcR87bxEw$2A/rMWXO2MalZdh5hd4gbWYexoYip6qPZDyC0jg96MM",Bonnie Sahani,student,,t,B.E. CSE,2332f735-c274-4b17-9585-d99f1c108581,2026-09-07 02:00:06.879652+00,2026-09-07 02:00:06.879652+00,2026,,B.E. CSE
boris.sahay@ceg.annauniv.edu,"$argon2id$v=19$m=19456,t=2,p=1$eArnrLW1/rRzVwcR87bxEw$2A/rMWXO2MalZdh5hd4gbWYexoYip6qPZDyC0jg96MM",Boris Sahay,student,,t,B.E. CSE,2332f735-c274-4b17-9585-d99f1c108581,2026-09-07 02:00:06.879652+00,2026-09-07 02:00:06.879652+00,2026,,B.E. CSE
boyd.sahgal@ceg.annauniv.edu,"$argon2id$v=19$m=19456,t=2,p=1$eArnrLW1/rRzVwcR87bxEw$2A/rMWXO2MalZdh5hd4gbWYexoYip6qPZDyC0jg96MM",Boyd Sahgal,student,,t,B.E. CSE,2332f735-c274-4b17-9585-d99f1c108581,2026-09-07 02:00:06.879652+00,2026-09-07 02:00:06.879652+00,2026,,B.E. CSE
bradford.sahu@ceg.annauniv.edu,"$argon2id$v=19$m=19456,t=2,p=1$eArnrLW1/rRzVwcR87bxEw$2A/rMWXO2MalZdh5hd4gbWYexoYip6qPZDyC0jg96MM",Bradford Sahu,student,,t,B.E. CSE,2332f735-c274-4b17-9585-d99f1c108581,2026-09-07 02:00:06.879652+00,2026-09-07 02:00:06.879652+00,2026,,B.E. CSE
bradley.saigal@ceg.annauniv.edu,"$argon2id$v=19$m=19456,t=2,p=1$eArnrLW1/rRzVwcR87bxEw$2A/rMWXO2MalZdh5hd4gbWYexoYip6qPZDyC0jg96MM",Bradley Saigal,student,,t,B.E. CSE,2332f735-c274-4b17-9585-d99f1c108581,2026-09-07 02:00:06.879652+00,2026-09-07 02:00:06.879652+00,2026,,B.E. CSE
brad.sahni@ceg.annauniv.edu,"$argon2id$v=19$m=19456,t=2,p=1$eArnrLW1/rRzVwcR87bxEw$2A/rMWXO2MalZdh5hd4gbWYexoYip6qPZDyC0jg96MM",Brad Sahni,student,,t,B.E. CSE,2332f735-c274-4b17-9585-d99f1c108581,2026-09-07 02:00:06.879652+00,2026-09-07 02:00:06.879652+00,2026,,B.E. CSE
brady.sain@ceg.annauniv.edu,"$argon2id$v=19$m=19456,t=2,p=1$eArnrLW1/rRzVwcR87bxEw$2A/rMWXO2MalZdh5hd4gbWYexoYip6qPZDyC0jg96MM",Brady Sain,student,,t,B.E. CSE,2332f735-c274-4b17-9585-d99f1c108581,2026-09-07 02:00:06.879652+00,2026-09-07 02:00:06.879652+00,2026,,B.E. CSE
braeden.saini@ceg.annauniv.edu,"$argon2id$v=19$m=19456,t=2,p=1$eArnrLW1/rRzVwcR87bxEw$2A/rMWXO2MalZdh5hd4gbWYexoYip6qPZDyC0jg96MM",Braeden Saini,student,,t,B.E. CSE,2332f735-c274-4b17-9585-d99f1c108581,2026-09-07 02:00:06.879652+00,2026-09-07 02:00:06.879652+00,2026,,B.E. CSE
brandon.salaskar@ceg.annauniv.edu,"$argon2id$v=19$m=19456,t=2,p=1$eArnrLW1/rRzVwcR87bxEw$2A/rMWXO2MalZdh5hd4gbWYexoYip6qPZDyC0jg96MM",Brandon Salaskar,student,,t,B.E. CSE,2332f735-c274-4b17-9585-d99f1c108581,2026-09-07 02:00:06.879652+00,2026-09-07 02:00:06.879652+00,2027,,B.E. CSE
brandy.salgaonkar@ceg.annauniv.edu,"$argon2id$v=19$m=19456,t=2,p=1$eArnrLW1/rRzVwcR87bxEw$2A/rMWXO2MalZdh5hd4gbWYexoYip6qPZDyC0jg96MM",Brandy Salgaonkar,student,,t,B.E. CSE,2332f735-c274-4b17-9585-d99f1c108581,2026-09-07 02:00:06.879652+00,2026-09-07 02:00:06.879652+00,2027,,B.E. CSE
branson.salian@ceg.annauniv.edu,"$argon2id$v=19$m=19456,t=2,p=1$eArnrLW1/rRzVwcR87bxEw$2A/rMWXO2MalZdh5hd4gbWYexoYip6qPZDyC0jg96MM",Branson Salian,student,,t,B.E. CSE,2332f735-c274-4b17-9585-d99f1c108581,2026-09-07 02:00:06.879652+00,2026-09-07 02:00:06.879652+00,2027,,B.E. CSE
brant.salunkhe@ceg.annauniv.edu,"$argon2id$v=19$m=19456,t=2,p=1$eArnrLW1/rRzVwcR87bxEw$2A/rMWXO2MalZdh5hd4gbWYexoYip6qPZDyC0jg96MM",Brant Salunkhe,student,,t,B.E. CSE,2332f735-c274-4b17-9585-d99f1c108581,2026-09-07 02:00:06.879652+00,2026-09-07 02:00:06.879652+00,2027,,B.E. CSE
braxton.salve@ceg.annauniv.edu,"$argon2id$v=19$m=19456,t=2,p=1$eArnrLW1/rRzVwcR87bxEw$2A/rMWXO2MalZdh5hd4gbWYexoYip6qPZDyC0jg96MM",Braxton Salve,student,,t,B.E. CSE,2332f735-c274-4b17-9585-d99f1c108581,2026-09-07 02:00:06.879652+00,2026-09-07 02:00:06.879652+00,2027,,B.E. CSE
brayden.samaddar@ceg.annauniv.edu,"$argon2id$v=19$m=19456,t=2,p=1$eArnrLW1/rRzVwcR87bxEw$2A/rMWXO2MalZdh5hd4gbWYexoYip6qPZDyC0jg96MM",Brayden Samaddar,student,,t,B.E. CSE,2332f735-c274-4b17-9585-d99f1c108581,2026-09-07 02:00:06.879652+00,2026-09-07 02:00:06.879652+00,2027,,B.E. CSE
braylon.samant@ceg.annauniv.edu,"$argon2id$v=19$m=19456,t=2,p=1$eArnrLW1/rRzVwcR87bxEw$2A/rMWXO2MalZdh5hd4gbWYexoYip6qPZDyC0jg96MM",Braylon Samant,student,,t,B.E. CSE,2332f735-c274-4b17-9585-d99f1c108581,2026-09-07 02:00:06.879652+00,2026-09-07 02:00:06.879652+00,2027,,B.E. CSE
brendan.sampath@ceg.annauniv.edu,"$argon2id$v=19$m=19456,t=2,p=1$eArnrLW1/rRzVwcR87bxEw$2A/rMWXO2MalZdh5hd4gbWYexoYip6qPZDyC0jg96MM",Brendan Sampath,student,,t,B.E. CSE,2332f735-c274-4b17-9585-d99f1c108581,2026-09-07 02:00:06.879652+00,2026-09-07 02:00:06.879652+00,2027,,B.E. CSE
brenda.samanta@ceg.annauniv.edu,"$argon2id$v=19$m=19456,t=2,p=1$eArnrLW1/rRzVwcR87bxEw$2A/rMWXO2MalZdh5hd4gbWYexoYip6qPZDyC0jg96MM",Brenda Samanta,student,,t,B.E. CSE,2332f735-c274-4b17-9585-d99f1c108581,2026-09-07 02:00:06.879652+00,2026-09-07 02:00:06.879652+00,2027,,B.E. CSE
brennan.samra@ceg.annauniv.edu,"$argon2id$v=19$m=19456,t=2,p=1$eArnrLW1/rRzVwcR87bxEw$2A/rMWXO2MalZdh5hd4gbWYexoYip6qPZDyC0jg96MM",Brennan Samra,student,,t,B.E. CSE,2332f735-c274-4b17-9585-d99f1c108581,2026-09-07 02:00:06.879652+00,2026-09-07 02:00:06.879652+00,2027,,B.E. CSE
brenton.sandilya@ceg.annauniv.edu,"$argon2id$v=19$m=19456,t=2,p=1$eArnrLW1/rRzVwcR87bxEw$2A/rMWXO2MalZdh5hd4gbWYexoYip6qPZDyC0jg96MM",Brenton Sandilya,student,,t,B.E. CSE,2332f735-c274-4b17-9585-d99f1c108581,2026-09-07 02:00:06.879652+00,2026-09-07 02:00:06.879652+00,2028,,B.E. CSE
brent.sandhu@ceg.annauniv.edu,"$argon2id$v=19$m=19456,t=2,p=1$eArnrLW1/rRzVwcR87bxEw$2A/rMWXO2MalZdh5hd4gbWYexoYip6qPZDyC0jg96MM",Brent Sandhu,student,,t,B.E. CSE,2332f735-c274-4b17-9585-d99f1c108581,2026-09-07 02:00:06.879652+00,2026-09-07 02:00:06.879652+00,2028,,B.E. CSE
brett.sanghavi@ceg.annauniv.edu,"$argon2id$v=19$m=19456,t=2,p=1$eArnrLW1/rRzVwcR87bxEw$2A/rMWXO2MalZdh5hd4gbWYexoYip6qPZDyC0jg96MM",Brett Sanghavi,student,,t,B.E. CSE,2332f735-c274-4b17-9585-d99f1c108581,2026-09-07 02:00:06.879652+00,2026-09-07 02:00:06.879652+00,2028,,B.E. CSE
briana.sanial@ceg.annauniv.edu,"$argon2id$v=19$m=19456,t=2,p=1$eArnrLW1/rRzVwcR87bxEw$2A/rMWXO2MalZdh5hd4gbWYexoYip6qPZDyC0jg96MM",Briana Sanial,student,,t,B.E. CSE,2332f735-c274-4b17-9585-d99f1c108581,2026-09-07 02:00:06.879652+00,2026-09-07 02:00:06.879652+00,2028,,B.E. CSE
brianna.sanzgiri@ceg.annauniv.edu,"$argon2id$v=19$m=19456,t=2,p=1$eArnrLW1/rRzVwcR87bxEw$2A/rMWXO2MalZdh5hd4gbWYexoYip6qPZDyC0jg96MM",Brianna Sanzgiri,student,,t,B.E. CSE,2332f735-c274-4b17-9585-d99f1c108581,2026-09-07 02:00:06.879652+00,2026-09-07 02:00:06.879652+00,2028,,B.E. CSE
brianne.saraf@ceg.annauniv.edu,"$argon2id$v=19$m=19456,t=2,p=1$eArnrLW1/rRzVwcR87bxEw$2A/rMWXO2MalZdh5hd4gbWYexoYip6qPZDyC0jg96MM",Brianne Saraf,student,,t,B.E. CSE,2332f735-c274-4b17-9585-d99f1c108581,2026-09-07 02:00:06.879652+00,2026-09-07 02:00:06.879652+00,2028,,B.E. CSE
brian.sanghi@ceg.annauniv.edu,"$argon2id$v=19$m=19456,t=2,p=1$eArnrLW1/rRzVwcR87bxEw$2A/rMWXO2MalZdh5hd4gbWYexoYip6qPZDyC0jg96MM",Brian Sanghi,student,,t,B.E. CSE,2332f735-c274-4b17-9585-d99f1c108581,2026-09-07 02:00:06.879652+00,2026-09-07 02:00:06.879652+00,2028,,B.E. CSE
brice.sarabhai@ceg.annauniv.edu,"$argon2id$v=19$m=19456,t=2,p=1$eArnrLW1/rRzVwcR87bxEw$2A/rMWXO2MalZdh5hd4gbWYexoYip6qPZDyC0jg96MM",Brice Sarabhai,student,,t,B.E. CSE,2332f735-c274-4b17-9585-d99f1c108581,2026-09-07 02:00:06.879652+00,2026-09-07 02:00:06.879652+00,2028,,B.E. CSE
bridget.sarada@ceg.annauniv.edu,"$argon2id$v=19$m=19456,t=2,p=1$eArnrLW1/rRzVwcR87bxEw$2A/rMWXO2MalZdh5hd4gbWYexoYip6qPZDyC0jg96MM",Bridget Sarada,student,,t,B.E. CSE,2332f735-c274-4b17-9585-d99f1c108581,2026-09-07 02:00:06.879652+00,2026-09-07 02:00:06.879652+00,2028,,B.E. CSE
bridgette.saran@ceg.annauniv.edu,"$argon2id$v=19$m=19456,t=2,p=1$eArnrLW1/rRzVwcR87bxEw$2A/rMWXO2MalZdh5hd4gbWYexoYip6qPZDyC0jg96MM",Bridgette Saran,student,,t,B.E. CSE,2332f735-c274-4b17-9585-d99f1c108581,2026-09-07 02:00:06.879652+00,2026-09-07 02:00:06.879652+00,2028,,B.E. CSE
brielle.saraswat@ceg.annauniv.edu,"$argon2id$v=19$m=19456,t=2,p=1$eArnrLW1/rRzVwcR87bxEw$2A/rMWXO2MalZdh5hd4gbWYexoYip6qPZDyC0jg96MM",Brielle Saraswat,student,,t,M.Tech. DS,2332f735-c274-4b17-9585-d99f1c108581,2026-09-07 02:00:06.879652+00,2026-09-07 02:00:06.879652+00,2026,,M.Tech. DS
brigham.sardesai@ceg.annauniv.edu,"$argon2id$v=19$m=19456,t=2,p=1$eArnrLW1/rRzVwcR87bxEw$2A/rMWXO2MalZdh5hd4gbWYexoYip6qPZDyC0jg96MM",Brigham Sardesai,student,,t,M.Tech. DS,2332f735-c274-4b17-9585-d99f1c108581,2026-09-07 02:00:06.879652+00,2026-09-07 02:00:06.879652+00,2026,,M.Tech. DS
brinda.bapat@dgvaishnav.edu.in,"$argon2id$v=19$m=19456,t=2,p=1$eArnrLW1/rRzVwcR87bxEw$2A/rMWXO2MalZdh5hd4gbWYexoYip6qPZDyC0jg96MM",Brinda Bapat,student,,t,M.Sc. Maths,183b3f5e-8a32-4972-ac8b-cf77dfe6a6c5,2026-09-07 02:00:06.879652+00,2026-09-07 02:00:06.879652+00,2027,,M.Sc. Maths
britney.sardana@ceg.annauniv.edu,"$argon2id$v=19$m=19456,t=2,p=1$eArnrLW1/rRzVwcR87bxEw$2A/rMWXO2MalZdh5hd4gbWYexoYip6qPZDyC0jg96MM",Britney Sardana,student,,t,M.Tech. DS,2332f735-c274-4b17-9585-d99f1c108581,2026-09-07 02:00:06.879652+00,2026-09-07 02:00:06.879652+00,2026,,M.Tech. DS
brittany.sareen@ceg.annauniv.edu,"$argon2id$v=19$m=19456,t=2,p=1$eArnrLW1/rRzVwcR87bxEw$2A/rMWXO2MalZdh5hd4gbWYexoYip6qPZDyC0jg96MM",Brittany Sareen,student,,t,M.Tech. DS,2332f735-c274-4b17-9585-d99f1c108581,2026-09-07 02:00:06.879652+00,2026-09-07 02:00:06.879652+00,2026,,M.Tech. DS
brittney.sarin@ceg.annauniv.edu,"$argon2id$v=19$m=19456,t=2,p=1$eArnrLW1/rRzVwcR87bxEw$2A/rMWXO2MalZdh5hd4gbWYexoYip6qPZDyC0jg96MM",Brittney Sarin,student,,t,M.Tech. DS,2332f735-c274-4b17-9585-d99f1c108581,2026-09-07 02:00:06.879652+00,2026-09-07 02:00:06.879652+00,2026,,M.Tech. DS
brock.sarkar@ceg.annauniv.edu,"$argon2id$v=19$m=19456,t=2,p=1$eArnrLW1/rRzVwcR87bxEw$2A/rMWXO2MalZdh5hd4gbWYexoYip6qPZDyC0jg96MM",Brock Sarkar,student,,t,M.Tech. DS,2332f735-c274-4b17-9585-d99f1c108581,2026-09-07 02:00:06.879652+00,2026-09-07 02:00:06.879652+00,2026,,M.Tech. DS
brodie.sarma@ceg.annauniv.edu,"$argon2id$v=19$m=19456,t=2,p=1$eArnrLW1/rRzVwcR87bxEw$2A/rMWXO2MalZdh5hd4gbWYexoYip6qPZDyC0jg96MM",Brodie Sarma,student,,t,M.Tech. DS,2332f735-c274-4b17-9585-d99f1c108581,2026-09-07 02:00:06.879652+00,2026-09-07 02:00:06.879652+00,2026,,M.Tech. DS
brody.sarna@ceg.annauniv.edu,"$argon2id$v=19$m=19456,t=2,p=1$eArnrLW1/rRzVwcR87bxEw$2A/rMWXO2MalZdh5hd4gbWYexoYip6qPZDyC0jg96MM",Brody Sarna,student,,t,M.Tech. DS,2332f735-c274-4b17-9585-d99f1c108581,2026-09-07 02:00:06.879652+00,2026-09-07 02:00:06.879652+00,2026,,M.Tech. DS
bronson.sarup@ceg.annauniv.edu,"$argon2id$v=19$m=19456,t=2,p=1$eArnrLW1/rRzVwcR87bxEw$2A/rMWXO2MalZdh5hd4gbWYexoYip6qPZDyC0jg96MM",Bronson Sarup,student,,t,M.Tech. DS,2332f735-c274-4b17-9585-d99f1c108581,2026-09-07 02:00:06.879652+00,2026-09-07 02:00:06.879652+00,2026,,M.Tech. DS
brooke.satam@ceg.annauniv.edu,"$argon2id$v=19$m=19456,t=2,p=1$eArnrLW1/rRzVwcR87bxEw$2A/rMWXO2MalZdh5hd4gbWYexoYip6qPZDyC0jg96MM",Brooke Satam,student,,t,M.Tech. DS,2332f735-c274-4b17-9585-d99f1c108581,2026-09-07 02:00:06.879652+00,2026-09-07 02:00:06.879652+00,2026,,M.Tech. DS
brooklyn.satarawala@ceg.annauniv.edu,"$argon2id$v=19$m=19456,t=2,p=1$eArnrLW1/rRzVwcR87bxEw$2A/rMWXO2MalZdh5hd4gbWYexoYip6qPZDyC0jg96MM",Brooklyn Satarawala,student,,t,M.Tech. DS,2332f735-c274-4b17-9585-d99f1c108581,2026-09-07 02:00:06.879652+00,2026-09-07 02:00:06.879652+00,2027,,M.Tech. DS
brooks.sathe@ceg.annauniv.edu,"$argon2id$v=19$m=19456,t=2,p=1$eArnrLW1/rRzVwcR87bxEw$2A/rMWXO2MalZdh5hd4gbWYexoYip6qPZDyC0jg96MM",Brooks Sathe,student,,t,M.Tech. DS,2332f735-c274-4b17-9585-d99f1c108581,2026-09-07 02:00:06.879652+00,2026-09-07 02:00:06.879652+00,2027,,M.Tech. DS
bruce.satpathy@ceg.annauniv.edu,"$argon2id$v=19$m=19456,t=2,p=1$eArnrLW1/rRzVwcR87bxEw$2A/rMWXO2MalZdh5hd4gbWYexoYip6qPZDyC0jg96MM",Bruce Satpathy,student,,t,M.Tech. DS,2332f735-c274-4b17-9585-d99f1c108581,2026-09-07 02:00:06.879652+00,2026-09-07 02:00:06.879652+00,2027,,M.Tech. DS
bruno.satyarthi@ceg.annauniv.edu,"$argon2id$v=19$m=19456,t=2,p=1$eArnrLW1/rRzVwcR87bxEw$2A/rMWXO2MalZdh5hd4gbWYexoYip6qPZDyC0jg96MM",Bruno Satyarthi,student,,t,M.Tech. DS,2332f735-c274-4b17-9585-d99f1c108581,2026-09-07 02:00:06.879652+00,2026-09-07 02:00:06.879652+00,2027,,M.Tech. DS
bryana.sawarkar@ceg.annauniv.edu,"$argon2id$v=19$m=19456,t=2,p=1$eArnrLW1/rRzVwcR87bxEw$2A/rMWXO2MalZdh5hd4gbWYexoYip6qPZDyC0jg96MM",Bryana Sawarkar,student,,t,M.Tech. DS,2332f735-c274-4b17-9585-d99f1c108581,2026-09-07 02:00:06.879652+00,2026-09-07 02:00:06.879652+00,2027,,M.Tech. DS
bryan.sawant@ceg.annauniv.edu,"$argon2id$v=19$m=19456,t=2,p=1$eArnrLW1/rRzVwcR87bxEw$2A/rMWXO2MalZdh5hd4gbWYexoYip6qPZDyC0jg96MM",Bryan Sawant,student,,t,M.Tech. DS,2332f735-c274-4b17-9585-d99f1c108581,2026-09-07 02:00:06.879652+00,2026-09-07 02:00:06.879652+00,2027,,M.Tech. DS
bryant.saxena@ceg.annauniv.edu,"$argon2id$v=19$m=19456,t=2,p=1$eArnrLW1/rRzVwcR87bxEw$2A/rMWXO2MalZdh5hd4gbWYexoYip6qPZDyC0jg96MM",Bryant Saxena,student,,t,M.Tech. DS,2332f735-c274-4b17-9585-d99f1c108581,2026-09-07 02:00:06.879652+00,2026-09-07 02:00:06.879652+00,2027,,M.Tech. DS
bryce.sayeed@ceg.annauniv.edu,"$argon2id$v=19$m=19456,t=2,p=1$eArnrLW1/rRzVwcR87bxEw$2A/rMWXO2MalZdh5hd4gbWYexoYip6qPZDyC0jg96MM",Bryce Sayeed,student,,t,M.Tech. DS,2332f735-c274-4b17-9585-d99f1c108581,2026-09-07 02:00:06.879652+00,2026-09-07 02:00:06.879652+00,2027,,M.Tech. DS
brylee.seetharaman@ceg.annauniv.edu,"$argon2id$v=19$m=19456,t=2,p=1$eArnrLW1/rRzVwcR87bxEw$2A/rMWXO2MalZdh5hd4gbWYexoYip6qPZDyC0jg96MM",Brylee Seetharaman,student,,t,M.Tech. DS,2332f735-c274-4b17-9585-d99f1c108581,2026-09-07 02:00:06.879652+00,2026-09-07 02:00:06.879652+00,2027,,M.Tech. DS
brynn.sehgal@ceg.annauniv.edu,"$argon2id$v=19$m=19456,t=2,p=1$eArnrLW1/rRzVwcR87bxEw$2A/rMWXO2MalZdh5hd4gbWYexoYip6qPZDyC0jg96MM",Brynn Sehgal,student,,t,M.Tech. DS,2332f735-c274-4b17-9585-d99f1c108581,2026-09-07 02:00:06.879652+00,2026-09-07 02:00:06.879652+00,2027,,M.Tech. DS
bryson.sekhar@ceg.annauniv.edu,"$argon2id$v=19$m=19456,t=2,p=1$eArnrLW1/rRzVwcR87bxEw$2A/rMWXO2MalZdh5hd4gbWYexoYip6qPZDyC0jg96MM",Bryson Sekhar,student,,t,M.Tech. DS,2332f735-c274-4b17-9585-d99f1c108581,2026-09-07 02:00:06.879652+00,2026-09-07 02:00:06.879652+00,2028,,M.Tech. DS
buddy.selvan@ceg.annauniv.edu,"$argon2id$v=19$m=19456,t=2,p=1$eArnrLW1/rRzVwcR87bxEw$2A/rMWXO2MalZdh5hd4gbWYexoYip6qPZDyC0jg96MM",Buddy Selvan,student,,t,M.Tech. DS,2332f735-c274-4b17-9585-d99f1c108581,2026-09-07 02:00:06.879652+00,2026-09-07 02:00:06.879652+00,2028,,M.Tech. DS
byron.selvaraj@ceg.annauniv.edu,"$argon2id$v=19$m=19456,t=2,p=1$eArnrLW1/rRzVwcR87bxEw$2A/rMWXO2MalZdh5hd4gbWYexoYip6qPZDyC0jg96MM",Byron Selvaraj,student,,t,M.Tech. DS,2332f735-c274-4b17-9585-d99f1c108581,2026-09-07 02:00:06.879652+00,2026-09-07 02:00:06.879652+00,2028,,M.Tech. DS
cadence.seshadri@ceg.annauniv.edu,"$argon2id$v=19$m=19456,t=2,p=1$eArnrLW1/rRzVwcR87bxEw$2A/rMWXO2MalZdh5hd4gbWYexoYip6qPZDyC0jg96MM",Cadence Seshadri,student,,t,M.Tech. DS,2332f735-c274-4b17-9585-d99f1c108581,2026-09-07 02:00:06.879652+00,2026-09-07 02:00:06.879652+00,2028,,M.Tech. DS
caden.sengupta@ceg.annauniv.edu,"$argon2id$v=19$m=19456,t=2,p=1$eArnrLW1/rRzVwcR87bxEw$2A/rMWXO2MalZdh5hd4gbWYexoYip6qPZDyC0jg96MM",Caden Sengupta,student,,t,M.Tech. DS,2332f735-c274-4b17-9585-d99f1c108581,2026-09-07 02:00:06.879652+00,2026-09-07 02:00:06.879652+00,2028,,M.Tech. DS
cade.sen@ceg.annauniv.edu,"$argon2id$v=19$m=19456,t=2,p=1$eArnrLW1/rRzVwcR87bxEw$2A/rMWXO2MalZdh5hd4gbWYexoYip6qPZDyC0jg96MM",Cade Sen,student,,t,M.Tech. DS,2332f735-c274-4b17-9585-d99f1c108581,2026-09-07 02:00:06.879652+00,2026-09-07 02:00:06.879652+00,2028,,M.Tech. DS
caelan.seth@ceg.annauniv.edu,"$argon2id$v=19$m=19456,t=2,p=1$eArnrLW1/rRzVwcR87bxEw$2A/rMWXO2MalZdh5hd4gbWYexoYip6qPZDyC0jg96MM",Caelan Seth,student,,t,M.Tech. DS,2332f735-c274-4b17-9585-d99f1c108581,2026-09-07 02:00:06.879652+00,2026-09-07 02:00:06.879652+00,2028,,M.Tech. DS
caesar.seshan@ceg.annauniv.edu,"$argon2id$v=19$m=19456,t=2,p=1$eArnrLW1/rRzVwcR87bxEw$2A/rMWXO2MalZdh5hd4gbWYexoYip6qPZDyC0jg96MM",Caesar Seshan,student,,t,M.Tech. DS,2332f735-c274-4b17-9585-d99f1c108581,2026-09-07 02:00:06.879652+00,2026-09-07 02:00:06.879652+00,2028,,M.Tech. DS
cailyn.sethi@ceg.annauniv.edu,"$argon2id$v=19$m=19456,t=2,p=1$eArnrLW1/rRzVwcR87bxEw$2A/rMWXO2MalZdh5hd4gbWYexoYip6qPZDyC0jg96MM",Cailyn Sethi,student,,t,M.Tech. DS,2332f735-c274-4b17-9585-d99f1c108581,2026-09-07 02:00:06.879652+00,2026-09-07 02:00:06.879652+00,2028,,M.Tech. DS
cain.sethna@ceg.annauniv.edu,"$argon2id$v=19$m=19456,t=2,p=1$eArnrLW1/rRzVwcR87bxEw$2A/rMWXO2MalZdh5hd4gbWYexoYip6qPZDyC0jg96MM",Cain Sethna,student,,t,M.Tech. DS,2332f735-c274-4b17-9585-d99f1c108581,2026-09-07 02:00:06.879652+00,2026-09-07 02:00:06.879652+00,2028,,M.Tech. DS
caleb.setlur@ceg.annauniv.edu,"$argon2id$v=19$m=19456,t=2,p=1$eArnrLW1/rRzVwcR87bxEw$2A/rMWXO2MalZdh5hd4gbWYexoYip6qPZDyC0jg96MM",Caleb Setlur,student,,t,BBA,2332f735-c274-4b17-9585-d99f1c108581,2026-09-07 02:00:06.879652+00,2026-09-07 02:00:06.879652+00,2026,,BBA
calista.shafi@ceg.annauniv.edu,"$argon2id$v=19$m=19456,t=2,p=1$eArnrLW1/rRzVwcR87bxEw$2A/rMWXO2MalZdh5hd4gbWYexoYip6qPZDyC0jg96MM",Calista Shafi,student,,t,BBA,2332f735-c274-4b17-9585-d99f1c108581,2026-09-07 02:00:06.879652+00,2026-09-07 02:00:06.879652+00,2026,,BBA
callahan.shahani@ceg.annauniv.edu,"$argon2id$v=19$m=19456,t=2,p=1$eArnrLW1/rRzVwcR87bxEw$2A/rMWXO2MalZdh5hd4gbWYexoYip6qPZDyC0jg96MM",Callahan Shahani,student,,t,BBA,2332f735-c274-4b17-9585-d99f1c108581,2026-09-07 02:00:06.879652+00,2026-09-07 02:00:06.879652+00,2026,,BBA
callan.shahdadpuri@ceg.annauniv.edu,"$argon2id$v=19$m=19456,t=2,p=1$eArnrLW1/rRzVwcR87bxEw$2A/rMWXO2MalZdh5hd4gbWYexoYip6qPZDyC0jg96MM",Callan Shahdadpuri,student,,t,BBA,2332f735-c274-4b17-9585-d99f1c108581,2026-09-07 02:00:06.879652+00,2026-09-07 02:00:06.879652+00,2026,,BBA
callie.shahi@ceg.annauniv.edu,"$argon2id$v=19$m=19456,t=2,p=1$eArnrLW1/rRzVwcR87bxEw$2A/rMWXO2MalZdh5hd4gbWYexoYip6qPZDyC0jg96MM",Callie Shahi,student,,t,BBA,2332f735-c274-4b17-9585-d99f1c108581,2026-09-07 02:00:06.879652+00,2026-09-07 02:00:06.879652+00,2026,,BBA
callum.shaikh@ceg.annauniv.edu,"$argon2id$v=19$m=19456,t=2,p=1$eArnrLW1/rRzVwcR87bxEw$2A/rMWXO2MalZdh5hd4gbWYexoYip6qPZDyC0jg96MM",Callum Shaikh,student,,t,BBA,2332f735-c274-4b17-9585-d99f1c108581,2026-09-07 02:00:06.879652+00,2026-09-07 02:00:06.879652+00,2026,,BBA
calvin.shakuntala@ceg.annauniv.edu,"$argon2id$v=19$m=19456,t=2,p=1$eArnrLW1/rRzVwcR87bxEw$2A/rMWXO2MalZdh5hd4gbWYexoYip6qPZDyC0jg96MM",Calvin Shakuntala,student,,t,BBA,2332f735-c274-4b17-9585-d99f1c108581,2026-09-07 02:00:06.879652+00,2026-09-07 02:00:06.879652+00,2026,,BBA
camdon.shamanna@ceg.annauniv.edu,"$argon2id$v=19$m=19456,t=2,p=1$eArnrLW1/rRzVwcR87bxEw$2A/rMWXO2MalZdh5hd4gbWYexoYip6qPZDyC0jg96MM",Camdon Shamanna,student,,t,BBA,2332f735-c274-4b17-9585-d99f1c108581,2026-09-07 02:00:06.879652+00,2026-09-07 02:00:06.879652+00,2026,,BBA
cameron.shankaran@ceg.annauniv.edu,"$argon2id$v=19$m=19456,t=2,p=1$eArnrLW1/rRzVwcR87bxEw$2A/rMWXO2MalZdh5hd4gbWYexoYip6qPZDyC0jg96MM",Cameron Shankaran,student,,t,BBA,2332f735-c274-4b17-9585-d99f1c108581,2026-09-07 02:00:06.879652+00,2026-09-07 02:00:06.879652+00,2026,,BBA
camilla.shanmugam@ceg.annauniv.edu,"$argon2id$v=19$m=19456,t=2,p=1$eArnrLW1/rRzVwcR87bxEw$2A/rMWXO2MalZdh5hd4gbWYexoYip6qPZDyC0jg96MM",Camilla Shanmugam,student,,t,BBA,2332f735-c274-4b17-9585-d99f1c108581,2026-09-07 02:00:06.879652+00,2026-09-07 02:00:06.879652+00,2026,,BBA
camille.shantaram@ceg.annauniv.edu,"$argon2id$v=19$m=19456,t=2,p=1$eArnrLW1/rRzVwcR87bxEw$2A/rMWXO2MalZdh5hd4gbWYexoYip6qPZDyC0jg96MM",Camille Shantaram,student,,t,BBA,2332f735-c274-4b17-9585-d99f1c108581,2026-09-07 02:00:06.879652+00,2026-09-07 02:00:06.879652+00,2027,,BBA
camren.sharan@ceg.annauniv.edu,"$argon2id$v=19$m=19456,t=2,p=1$eArnrLW1/rRzVwcR87bxEw$2A/rMWXO2MalZdh5hd4gbWYexoYip6qPZDyC0jg96MM",Camren Sharan,student,,t,BBA,2332f735-c274-4b17-9585-d99f1c108581,2026-09-07 02:00:06.879652+00,2026-09-07 02:00:06.879652+00,2027,,BBA
camron.sharangpani@ceg.annauniv.edu,"$argon2id$v=19$m=19456,t=2,p=1$eArnrLW1/rRzVwcR87bxEw$2A/rMWXO2MalZdh5hd4gbWYexoYip6qPZDyC0jg96MM",Camron Sharangpani,student,,t,BBA,2332f735-c274-4b17-9585-d99f1c108581,2026-09-07 02:00:06.879652+00,2026-09-07 02:00:06.879652+00,2027,,BBA
candace.sharma@ceg.annauniv.edu,"$argon2id$v=19$m=19456,t=2,p=1$eArnrLW1/rRzVwcR87bxEw$2A/rMWXO2MalZdh5hd4gbWYexoYip6qPZDyC0jg96MM",Candace Sharma,student,,t,BBA,2332f735-c274-4b17-9585-d99f1c108581,2026-09-07 02:00:06.879652+00,2026-09-07 02:00:06.879652+00,2027,,BBA
candice.shastri@ceg.annauniv.edu,"$argon2id$v=19$m=19456,t=2,p=1$eArnrLW1/rRzVwcR87bxEw$2A/rMWXO2MalZdh5hd4gbWYexoYip6qPZDyC0jg96MM",Candice Shastri,student,,t,BBA,2332f735-c274-4b17-9585-d99f1c108581,2026-09-07 02:00:06.879652+00,2026-09-07 02:00:06.879652+00,2027,,BBA
careen.shekar@ceg.annauniv.edu,"$argon2id$v=19$m=19456,t=2,p=1$eArnrLW1/rRzVwcR87bxEw$2A/rMWXO2MalZdh5hd4gbWYexoYip6qPZDyC0jg96MM",Careen Shekar,student,,t,BBA,2332f735-c274-4b17-9585-d99f1c108581,2026-09-07 02:00:06.879652+00,2026-09-07 02:00:06.879652+00,2027,,BBA
carey.shelat@ceg.annauniv.edu,"$argon2id$v=19$m=19456,t=2,p=1$eArnrLW1/rRzVwcR87bxEw$2A/rMWXO2MalZdh5hd4gbWYexoYip6qPZDyC0jg96MM",Carey Shelat,student,,t,BBA,2332f735-c274-4b17-9585-d99f1c108581,2026-09-07 02:00:06.879652+00,2026-09-07 02:00:06.879652+00,2027,,BBA
carina.shenoy@ceg.annauniv.edu,"$argon2id$v=19$m=19456,t=2,p=1$eArnrLW1/rRzVwcR87bxEw$2A/rMWXO2MalZdh5hd4gbWYexoYip6qPZDyC0jg96MM",Carina Shenoy,student,,t,BBA,2332f735-c274-4b17-9585-d99f1c108581,2026-09-07 02:00:06.879652+00,2026-09-07 02:00:06.879652+00,2027,,BBA
carissa.shergill@ceg.annauniv.edu,"$argon2id$v=19$m=19456,t=2,p=1$eArnrLW1/rRzVwcR87bxEw$2A/rMWXO2MalZdh5hd4gbWYexoYip6qPZDyC0jg96MM",Carissa Shergill,student,,t,BBA,2332f735-c274-4b17-9585-d99f1c108581,2026-09-07 02:00:06.879652+00,2026-09-07 02:00:06.879652+00,2027,,BBA
carla.shetty@ceg.annauniv.edu,"$argon2id$v=19$m=19456,t=2,p=1$eArnrLW1/rRzVwcR87bxEw$2A/rMWXO2MalZdh5hd4gbWYexoYip6qPZDyC0jg96MM",Carla Shetty,student,,t,BBA,2332f735-c274-4b17-9585-d99f1c108581,2026-09-07 02:00:06.879652+00,2026-09-07 02:00:06.879652+00,2028,,BBA
carlee.shinde@ceg.annauniv.edu,"$argon2id$v=19$m=19456,t=2,p=1$eArnrLW1/rRzVwcR87bxEw$2A/rMWXO2MalZdh5hd4gbWYexoYip6qPZDyC0jg96MM",Carlee Shinde,student,,t,BBA,2332f735-c274-4b17-9585-d99f1c108581,2026-09-07 02:00:06.879652+00,2026-09-07 02:00:06.879652+00,2028,,BBA
carlene.shirodkar@ceg.annauniv.edu,"$argon2id$v=19$m=19456,t=2,p=1$eArnrLW1/rRzVwcR87bxEw$2A/rMWXO2MalZdh5hd4gbWYexoYip6qPZDyC0jg96MM",Carlene Shirodkar,student,,t,BBA,2332f735-c274-4b17-9585-d99f1c108581,2026-09-07 02:00:06.879652+00,2026-09-07 02:00:06.879652+00,2028,,BBA
carlo.shivdasani@ceg.annauniv.edu,"$argon2id$v=19$m=19456,t=2,p=1$eArnrLW1/rRzVwcR87bxEw$2A/rMWXO2MalZdh5hd4gbWYexoYip6qPZDyC0jg96MM",Carlo Shivdasani,student,,t,BBA,2332f735-c274-4b17-9585-d99f1c108581,2026-09-07 02:00:06.879652+00,2026-09-07 02:00:06.879652+00,2028,,BBA
carlos.shome@ceg.annauniv.edu,"$argon2id$v=19$m=19456,t=2,p=1$eArnrLW1/rRzVwcR87bxEw$2A/rMWXO2MalZdh5hd4gbWYexoYip6qPZDyC0jg96MM",Carlos Shome,student,,t,BBA,2332f735-c274-4b17-9585-d99f1c108581,2026-09-07 02:00:06.879652+00,2026-09-07 02:00:06.879652+00,2028,,BBA
carl.shete@ceg.annauniv.edu,"$argon2id$v=19$m=19456,t=2,p=1$eArnrLW1/rRzVwcR87bxEw$2A/rMWXO2MalZdh5hd4gbWYexoYip6qPZDyC0jg96MM",Carl Shete,student,,t,BBA,2332f735-c274-4b17-9585-d99f1c108581,2026-09-07 02:00:06.879652+00,2026-09-07 02:00:06.879652+00,2027,,BBA
carlton.shorey@ceg.annauniv.edu,"$argon2id$v=19$m=19456,t=2,p=1$eArnrLW1/rRzVwcR87bxEw$2A/rMWXO2MalZdh5hd4gbWYexoYip6qPZDyC0jg96MM",Carlton Shorey,student,,t,BBA,2332f735-c274-4b17-9585-d99f1c108581,2026-09-07 02:00:06.879652+00,2026-09-07 02:00:06.879652+00,2028,,BBA
carly.shroff@ceg.annauniv.edu,"$argon2id$v=19$m=19456,t=2,p=1$eArnrLW1/rRzVwcR87bxEw$2A/rMWXO2MalZdh5hd4gbWYexoYip6qPZDyC0jg96MM",Carly Shroff,student,,t,BBA,2332f735-c274-4b17-9585-d99f1c108581,2026-09-07 02:00:06.879652+00,2026-09-07 02:00:06.879652+00,2028,,BBA
carmelo.sidana@ceg.annauniv.edu,"$argon2id$v=19$m=19456,t=2,p=1$eArnrLW1/rRzVwcR87bxEw$2A/rMWXO2MalZdh5hd4gbWYexoYip6qPZDyC0jg96MM",Carmelo Sidana,student,,t,BBA,2332f735-c274-4b17-9585-d99f1c108581,2026-09-07 02:00:06.879652+00,2026-09-07 02:00:06.879652+00,2028,,BBA
carmen.shukla@ceg.annauniv.edu,"$argon2id$v=19$m=19456,t=2,p=1$eArnrLW1/rRzVwcR87bxEw$2A/rMWXO2MalZdh5hd4gbWYexoYip6qPZDyC0jg96MM",Carmen Shukla,student,,t,BBA,2332f735-c274-4b17-9585-d99f1c108581,2026-09-07 02:00:06.879652+00,2026-09-07 02:00:06.879652+00,2028,,BBA
carmine.siddiqui@ceg.annauniv.edu,"$argon2id$v=19$m=19456,t=2,p=1$eArnrLW1/rRzVwcR87bxEw$2A/rMWXO2MalZdh5hd4gbWYexoYip6qPZDyC0jg96MM",Carmine Siddiqui,student,,t,BBA,2332f735-c274-4b17-9585-d99f1c108581,2026-09-07 02:00:06.879652+00,2026-09-07 02:00:06.879652+00,2028,,BBA
carole.singal@ssn.edu.in,"$argon2id$v=19$m=19456,t=2,p=1$eArnrLW1/rRzVwcR87bxEw$2A/rMWXO2MalZdh5hd4gbWYexoYip6qPZDyC0jg96MM",Carole Singal,faculty,,t,M.Sc. Maths,6247d0c8-16fc-44b7-835b-29504624a780,2026-09-07 02:00:06.879652+00,2026-09-07 02:00:06.879652+00,,,M.Sc. Maths
carolina.singhal@ssn.edu.in,"$argon2id$v=19$m=19456,t=2,p=1$eArnrLW1/rRzVwcR87bxEw$2A/rMWXO2MalZdh5hd4gbWYexoYip6qPZDyC0jg96MM",Carolina Singhal,faculty,,t,B.E. CSE,6247d0c8-16fc-44b7-835b-29504624a780,2026-09-07 02:00:06.879652+00,2026-09-07 02:00:06.879652+00,,,B.E. CSE
caroline.singhania@ssn.edu.in,"$argon2id$v=19$m=19456,t=2,p=1$eArnrLW1/rRzVwcR87bxEw$2A/rMWXO2MalZdh5hd4gbWYexoYip6qPZDyC0jg96MM",Caroline Singhania,faculty,,t,M.Tech. DS,6247d0c8-16fc-44b7-835b-29504624a780,2026-09-07 02:00:06.879652+00,2026-09-07 02:00:06.879652+00,,,M.Tech. DS
carol.sihra@ssn.edu.in,"$argon2id$v=19$m=19456,t=2,p=1$eArnrLW1/rRzVwcR87bxEw$2A/rMWXO2MalZdh5hd4gbWYexoYip6qPZDyC0jg96MM",Carol Sihra,faculty,,t,B.Sc. Biochem,6247d0c8-16fc-44b7-835b-29504624a780,2026-09-07 02:00:06.879652+00,2026-09-07 02:00:06.879652+00,,,B.Sc. Biochem
carolyn.sinha@ssn.edu.in,"$argon2id$v=19$m=19456,t=2,p=1$eArnrLW1/rRzVwcR87bxEw$2A/rMWXO2MalZdh5hd4gbWYexoYip6qPZDyC0jg96MM",Carolyn Sinha,faculty,,t,BBA,6247d0c8-16fc-44b7-835b-29504624a780,2026-09-07 02:00:06.879652+00,2026-09-07 02:00:06.879652+00,,,BBA
carrie.sinhji@ssn.edu.in,"$argon2id$v=19$m=19456,t=2,p=1$eArnrLW1/rRzVwcR87bxEw$2A/rMWXO2MalZdh5hd4gbWYexoYip6qPZDyC0jg96MM",Carrie Sinhji,student,,t,B.Sc. Biochem,6247d0c8-16fc-44b7-835b-29504624a780,2026-09-07 02:00:06.879652+00,2026-09-07 02:00:06.879652+00,2026,,B.Sc. Biochem
carson.sircar@ssn.edu.in,"$argon2id$v=19$m=19456,t=2,p=1$eArnrLW1/rRzVwcR87bxEw$2A/rMWXO2MalZdh5hd4gbWYexoYip6qPZDyC0jg96MM",Carson Sircar,student,,t,B.Sc. Biochem,6247d0c8-16fc-44b7-835b-29504624a780,2026-09-07 02:00:06.879652+00,2026-09-07 02:00:06.879652+00,2026,,B.Sc. Biochem
carter.sisodia@ssn.edu.in,"$argon2id$v=19$m=19456,t=2,p=1$eArnrLW1/rRzVwcR87bxEw$2A/rMWXO2MalZdh5hd4gbWYexoYip6qPZDyC0jg96MM",Carter Sisodia,student,,t,B.Sc. Biochem,6247d0c8-16fc-44b7-835b-29504624a780,2026-09-07 02:00:06.879652+00,2026-09-07 02:00:06.879652+00,2026,,B.Sc. Biochem
cary.sitaram@ssn.edu.in,"$argon2id$v=19$m=19456,t=2,p=1$eArnrLW1/rRzVwcR87bxEw$2A/rMWXO2MalZdh5hd4gbWYexoYip6qPZDyC0jg96MM",Cary Sitaram,student,,t,B.Sc. Biochem,6247d0c8-16fc-44b7-835b-29504624a780,2026-09-07 02:00:06.879652+00,2026-09-07 02:00:06.879652+00,2026,,B.Sc. Biochem
casey.sivasubramanian@ssn.edu.in,"$argon2id$v=19$m=19456,t=2,p=1$eArnrLW1/rRzVwcR87bxEw$2A/rMWXO2MalZdh5hd4gbWYexoYip6qPZDyC0jg96MM",Casey Sivasubramanian,student,,t,B.Sc. Biochem,6247d0c8-16fc-44b7-835b-29504624a780,2026-09-07 02:00:06.879652+00,2026-09-07 02:00:06.879652+00,2026,,B.Sc. Biochem
casimir.sodhi@ssn.edu.in,"$argon2id$v=19$m=19456,t=2,p=1$eArnrLW1/rRzVwcR87bxEw$2A/rMWXO2MalZdh5hd4gbWYexoYip6qPZDyC0jg96MM",Casimir Sodhi,student,,t,B.Sc. Biochem,6247d0c8-16fc-44b7-835b-29504624a780,2026-09-07 02:00:06.879652+00,2026-09-07 02:00:06.879652+00,2026,,B.Sc. Biochem
caspar.sohoni@ssn.edu.in,"$argon2id$v=19$m=19456,t=2,p=1$eArnrLW1/rRzVwcR87bxEw$2A/rMWXO2MalZdh5hd4gbWYexoYip6qPZDyC0jg96MM",Caspar Sohoni,student,,t,B.Sc. Biochem,6247d0c8-16fc-44b7-835b-29504624a780,2026-09-07 02:00:06.879652+00,2026-09-07 02:00:06.879652+00,2026,,B.Sc. Biochem
casper.solanki@ssn.edu.in,"$argon2id$v=19$m=19456,t=2,p=1$eArnrLW1/rRzVwcR87bxEw$2A/rMWXO2MalZdh5hd4gbWYexoYip6qPZDyC0jg96MM",Casper Solanki,student,,t,B.Sc. Biochem,6247d0c8-16fc-44b7-835b-29504624a780,2026-09-07 02:00:06.879652+00,2026-09-07 02:00:06.879652+00,2026,,B.Sc. Biochem
cassandra.somaiya@ssn.edu.in,"$argon2id$v=19$m=19456,t=2,p=1$eArnrLW1/rRzVwcR87bxEw$2A/rMWXO2MalZdh5hd4gbWYexoYip6qPZDyC0jg96MM",Cassandra Somaiya,student,,t,B.Sc. Biochem,6247d0c8-16fc-44b7-835b-29504624a780,2026-09-07 02:00:06.879652+00,2026-09-07 02:00:06.879652+00,2026,,B.Sc. Biochem
cassidy.soman@ssn.edu.in,"$argon2id$v=19$m=19456,t=2,p=1$eArnrLW1/rRzVwcR87bxEw$2A/rMWXO2MalZdh5hd4gbWYexoYip6qPZDyC0jg96MM",Cassidy Soman,student,,t,B.Sc. Biochem,6247d0c8-16fc-44b7-835b-29504624a780,2026-09-07 02:00:06.879652+00,2026-09-07 02:00:06.879652+00,2026,,B.Sc. Biochem
cassie.somani@ssn.edu.in,"$argon2id$v=19$m=19456,t=2,p=1$eArnrLW1/rRzVwcR87bxEw$2A/rMWXO2MalZdh5hd4gbWYexoYip6qPZDyC0jg96MM",Cassie Somani,student,,t,B.Sc. Biochem,6247d0c8-16fc-44b7-835b-29504624a780,2026-09-07 02:00:06.879652+00,2026-09-07 02:00:06.879652+00,2027,,B.Sc. Biochem
cassius.somanwanshi@ssn.edu.in,"$argon2id$v=19$m=19456,t=2,p=1$eArnrLW1/rRzVwcR87bxEw$2A/rMWXO2MalZdh5hd4gbWYexoYip6qPZDyC0jg96MM",Cassius Somanwanshi,student,,t,B.Sc. Biochem,6247d0c8-16fc-44b7-835b-29504624a780,2026-09-07 02:00:06.879652+00,2026-09-07 02:00:06.879652+00,2027,,B.Sc. Biochem
catalina.somayaji@ssn.edu.in,"$argon2id$v=19$m=19456,t=2,p=1$eArnrLW1/rRzVwcR87bxEw$2A/rMWXO2MalZdh5hd4gbWYexoYip6qPZDyC0jg96MM",Catalina Somayaji,student,,t,B.Sc. Biochem,6247d0c8-16fc-44b7-835b-29504624a780,2026-09-07 02:00:06.879652+00,2026-09-07 02:00:06.879652+00,2027,,B.Sc. Biochem
catherine.sonawane@ssn.edu.in,"$argon2id$v=19$m=19456,t=2,p=1$eArnrLW1/rRzVwcR87bxEw$2A/rMWXO2MalZdh5hd4gbWYexoYip6qPZDyC0jg96MM",Catherine Sonawane,student,,t,B.Sc. Biochem,6247d0c8-16fc-44b7-835b-29504624a780,2026-09-07 02:00:06.879652+00,2026-09-07 02:00:06.879652+00,2027,,B.Sc. Biochem
cathleen.soni@ssn.edu.in,"$argon2id$v=19$m=19456,t=2,p=1$eArnrLW1/rRzVwcR87bxEw$2A/rMWXO2MalZdh5hd4gbWYexoYip6qPZDyC0jg96MM",Cathleen Soni,student,,t,B.Sc. Biochem,6247d0c8-16fc-44b7-835b-29504624a780,2026-09-07 02:00:06.879652+00,2026-09-07 02:00:06.879652+00,2027,,B.Sc. Biochem
cathy.sontakke@ssn.edu.in,"$argon2id$v=19$m=19456,t=2,p=1$eArnrLW1/rRzVwcR87bxEw$2A/rMWXO2MalZdh5hd4gbWYexoYip6qPZDyC0jg96MM",Cathy Sontakke,student,,t,B.Sc. Biochem,6247d0c8-16fc-44b7-835b-29504624a780,2026-09-07 02:00:06.879652+00,2026-09-07 02:00:06.879652+00,2027,,B.Sc. Biochem
cecelia.sood@ssn.edu.in,"$argon2id$v=19$m=19456,t=2,p=1$eArnrLW1/rRzVwcR87bxEw$2A/rMWXO2MalZdh5hd4gbWYexoYip6qPZDyC0jg96MM",Cecelia Sood,student,,t,B.Sc. Biochem,6247d0c8-16fc-44b7-835b-29504624a780,2026-09-07 02:00:06.879652+00,2026-09-07 02:00:06.879652+00,2027,,B.Sc. Biochem
cecilia.soundararajan@ssn.edu.in,"$argon2id$v=19$m=19456,t=2,p=1$eArnrLW1/rRzVwcR87bxEw$2A/rMWXO2MalZdh5hd4gbWYexoYip6qPZDyC0jg96MM",Cecilia Soundararajan,student,,t,B.Sc. Biochem,6247d0c8-16fc-44b7-835b-29504624a780,2026-09-07 02:00:06.879652+00,2026-09-07 02:00:06.879652+00,2027,,B.Sc. Biochem
cecil.soorma@ssn.edu.in,"$argon2id$v=19$m=19456,t=2,p=1$eArnrLW1/rRzVwcR87bxEw$2A/rMWXO2MalZdh5hd4gbWYexoYip6qPZDyC0jg96MM",Cecil Soorma,student,,t,B.Sc. Biochem,6247d0c8-16fc-44b7-835b-29504624a780,2026-09-07 02:00:06.879652+00,2026-09-07 02:00:06.879652+00,2027,,B.Sc. Biochem
cecily.srinivasan@ssn.edu.in,"$argon2id$v=19$m=19456,t=2,p=1$eArnrLW1/rRzVwcR87bxEw$2A/rMWXO2MalZdh5hd4gbWYexoYip6qPZDyC0jg96MM",Cecily Srinivasan,student,,t,B.Sc. Biochem,6247d0c8-16fc-44b7-835b-29504624a780,2026-09-07 02:00:06.879652+00,2026-09-07 02:00:06.879652+00,2027,,B.Sc. Biochem
cedric.sriram@ssn.edu.in,"$argon2id$v=19$m=19456,t=2,p=1$eArnrLW1/rRzVwcR87bxEw$2A/rMWXO2MalZdh5hd4gbWYexoYip6qPZDyC0jg96MM",Cedric Sriram,student,,t,B.Sc. Biochem,6247d0c8-16fc-44b7-835b-29504624a780,2026-09-07 02:00:06.879652+00,2026-09-07 02:00:06.879652+00,2028,,B.Sc. Biochem
celeste.srivastava@ssn.edu.in,"$argon2id$v=19$m=19456,t=2,p=1$eArnrLW1/rRzVwcR87bxEw$2A/rMWXO2MalZdh5hd4gbWYexoYip6qPZDyC0jg96MM",Celeste Srivastava,student,,t,B.Sc. Biochem,6247d0c8-16fc-44b7-835b-29504624a780,2026-09-07 02:00:06.879652+00,2026-09-07 02:00:06.879652+00,2028,,B.Sc. Biochem
celia.subbarao@ssn.edu.in,"$argon2id$v=19$m=19456,t=2,p=1$eArnrLW1/rRzVwcR87bxEw$2A/rMWXO2MalZdh5hd4gbWYexoYip6qPZDyC0jg96MM",Celia Subbarao,student,,t,B.Sc. Biochem,6247d0c8-16fc-44b7-835b-29504624a780,2026-09-07 02:00:06.879652+00,2026-09-07 02:00:06.879652+00,2028,,B.Sc. Biochem
celine.subramanian@ssn.edu.in,"$argon2id$v=19$m=19456,t=2,p=1$eArnrLW1/rRzVwcR87bxEw$2A/rMWXO2MalZdh5hd4gbWYexoYip6qPZDyC0jg96MM",Celine Subramanian,student,,t,B.Sc. Biochem,6247d0c8-16fc-44b7-835b-29504624a780,2026-09-07 02:00:06.879652+00,2026-09-07 02:00:06.879652+00,2028,,B.Sc. Biochem
cesar.sud@ssn.edu.in,"$argon2id$v=19$m=19456,t=2,p=1$eArnrLW1/rRzVwcR87bxEw$2A/rMWXO2MalZdh5hd4gbWYexoYip6qPZDyC0jg96MM",Cesar Sud,student,,t,B.Sc. Biochem,6247d0c8-16fc-44b7-835b-29504624a780,2026-09-07 02:00:06.879652+00,2026-09-07 02:00:06.879652+00,2028,,B.Sc. Biochem
chad.sudarshan@ssn.edu.in,"$argon2id$v=19$m=19456,t=2,p=1$eArnrLW1/rRzVwcR87bxEw$2A/rMWXO2MalZdh5hd4gbWYexoYip6qPZDyC0jg96MM",Chad Sudarshan,student,,t,B.Sc. Biochem,6247d0c8-16fc-44b7-835b-29504624a780,2026-09-07 02:00:06.879652+00,2026-09-07 02:00:06.879652+00,2028,,B.Sc. Biochem
chaim.sukhadia@ssn.edu.in,"$argon2id$v=19$m=19456,t=2,p=1$eArnrLW1/rRzVwcR87bxEw$2A/rMWXO2MalZdh5hd4gbWYexoYip6qPZDyC0jg96MM",Chaim Sukhadia,student,,t,B.Sc. Biochem,6247d0c8-16fc-44b7-835b-29504624a780,2026-09-07 02:00:06.879652+00,2026-09-07 02:00:06.879652+00,2028,,B.Sc. Biochem
chaitali.baral@dgvaishnav.edu.in,"$argon2id$v=19$m=19456,t=2,p=1$eArnrLW1/rRzVwcR87bxEw$2A/rMWXO2MalZdh5hd4gbWYexoYip6qPZDyC0jg96MM",Chaitali Baral,student,,t,M.Sc. Maths,183b3f5e-8a32-4972-ac8b-cf77dfe6a6c5,2026-09-07 02:00:06.879652+00,2026-09-07 02:00:06.879652+00,2027,,M.Sc. Maths
chaitanya.barot@dgvaishnav.edu.in,"$argon2id$v=19$m=19456,t=2,p=1$eArnrLW1/rRzVwcR87bxEw$2A/rMWXO2MalZdh5hd4gbWYexoYip6qPZDyC0jg96MM",Chaitanya Barot,student,,t,M.Sc. Maths,183b3f5e-8a32-4972-ac8b-cf77dfe6a6c5,2026-09-07 02:00:06.879652+00,2026-09-07 02:00:06.879652+00,2027,,M.Sc. Maths
chance.sukhija@ssn.edu.in,"$argon2id$v=19$m=19456,t=2,p=1$eArnrLW1/rRzVwcR87bxEw$2A/rMWXO2MalZdh5hd4gbWYexoYip6qPZDyC0jg96MM",Chance Sukhija,student,,t,B.Sc. Biochem,6247d0c8-16fc-44b7-835b-29504624a780,2026-09-07 02:00:06.879652+00,2026-09-07 02:00:06.879652+00,2028,,B.Sc. Biochem
chandler.sundaram@ssn.edu.in,"$argon2id$v=19$m=19456,t=2,p=1$eArnrLW1/rRzVwcR87bxEw$2A/rMWXO2MalZdh5hd4gbWYexoYip6qPZDyC0jg96MM",Chandler Sundaram,student,,t,B.Sc. Biochem,6247d0c8-16fc-44b7-835b-29504624a780,2026-09-07 02:00:06.879652+00,2026-09-07 02:00:06.879652+00,2028,,B.Sc. Biochem
channing.sunder@ssn.edu.in,"$argon2id$v=19$m=19456,t=2,p=1$eArnrLW1/rRzVwcR87bxEw$2A/rMWXO2MalZdh5hd4gbWYexoYip6qPZDyC0jg96MM",Channing Sunder,student,,t,B.Sc. Biochem,6247d0c8-16fc-44b7-835b-29504624a780,2026-09-07 02:00:06.879652+00,2026-09-07 02:00:06.879652+00,2028,,B.Sc. Biochem
charity.suri@ssn.edu.in,"$argon2id$v=19$m=19456,t=2,p=1$eArnrLW1/rRzVwcR87bxEw$2A/rMWXO2MalZdh5hd4gbWYexoYip6qPZDyC0jg96MM",Charity Suri,student,,t,M.Sc. Maths,6247d0c8-16fc-44b7-835b-29504624a780,2026-09-07 02:00:06.879652+00,2026-09-07 02:00:06.879652+00,2026,,M.Sc. Maths
charlene.surve@ssn.edu.in,"$argon2id$v=19$m=19456,t=2,p=1$eArnrLW1/rRzVwcR87bxEw$2A/rMWXO2MalZdh5hd4gbWYexoYip6qPZDyC0jg96MM",Charlene Surve,student,,t,M.Sc. Maths,6247d0c8-16fc-44b7-835b-29504624a780,2026-09-07 02:00:06.879652+00,2026-09-07 02:00:06.879652+00,2026,,M.Sc. Maths
charles.suroor@ssn.edu.in,"$argon2id$v=19$m=19456,t=2,p=1$eArnrLW1/rRzVwcR87bxEw$2A/rMWXO2MalZdh5hd4gbWYexoYip6qPZDyC0jg96MM",Charles Suroor,student,,t,M.Sc. Maths,6247d0c8-16fc-44b7-835b-29504624a780,2026-09-07 02:00:06.879652+00,2026-09-07 02:00:06.879652+00,2026,,M.Sc. Maths
charlie.suryavanshi@ssn.edu.in,"$argon2id$v=19$m=19456,t=2,p=1$eArnrLW1/rRzVwcR87bxEw$2A/rMWXO2MalZdh5hd4gbWYexoYip6qPZDyC0jg96MM",Charlie Suryavanshi,student,,t,M.Sc. Maths,6247d0c8-16fc-44b7-835b-29504624a780,2026-09-07 02:00:06.879652+00,2026-09-07 02:00:06.879652+00,2026,,M.Sc. Maths
charlotte.suvarna@ssn.edu.in,"$argon2id$v=19$m=19456,t=2,p=1$eArnrLW1/rRzVwcR87bxEw$2A/rMWXO2MalZdh5hd4gbWYexoYip6qPZDyC0jg96MM",Charlotte Suvarna,student,,t,M.Sc. Maths,6247d0c8-16fc-44b7-835b-29504624a780,2026-09-07 02:00:06.879652+00,2026-09-07 02:00:06.879652+00,2026,,M.Sc. Maths
charlton.swaminathan@ssn.edu.in,"$argon2id$v=19$m=19456,t=2,p=1$eArnrLW1/rRzVwcR87bxEw$2A/rMWXO2MalZdh5hd4gbWYexoYip6qPZDyC0jg96MM",Charlton Swaminathan,student,,t,M.Sc. Maths,6247d0c8-16fc-44b7-835b-29504624a780,2026-09-07 02:00:06.879652+00,2026-09-07 02:00:06.879652+00,2026,,M.Sc. Maths
charmaine.swamy@ssn.edu.in,"$argon2id$v=19$m=19456,t=2,p=1$eArnrLW1/rRzVwcR87bxEw$2A/rMWXO2MalZdh5hd4gbWYexoYip6qPZDyC0jg96MM",Charmaine Swamy,student,,t,M.Sc. Maths,6247d0c8-16fc-44b7-835b-29504624a780,2026-09-07 02:00:06.879652+00,2026-09-07 02:00:06.879652+00,2026,,M.Sc. Maths
charu.barman@dgvaishnav.edu.in,"$argon2id$v=19$m=19456,t=2,p=1$eArnrLW1/rRzVwcR87bxEw$2A/rMWXO2MalZdh5hd4gbWYexoYip6qPZDyC0jg96MM",Charu Barman,student,,t,M.Sc. Maths,183b3f5e-8a32-4972-ac8b-cf77dfe6a6c5,2026-09-07 02:00:06.879652+00,2026-09-07 02:00:06.879652+00,2027,,M.Sc. Maths
chase.talreja@ssn.edu.in,"$argon2id$v=19$m=19456,t=2,p=1$eArnrLW1/rRzVwcR87bxEw$2A/rMWXO2MalZdh5hd4gbWYexoYip6qPZDyC0jg96MM",Chase Talreja,student,,t,M.Sc. Maths,6247d0c8-16fc-44b7-835b-29504624a780,2026-09-07 02:00:06.879652+00,2026-09-07 02:00:06.879652+00,2026,,M.Sc. Maths
chastity.talwar@ssn.edu.in,"$argon2id$v=19$m=19456,t=2,p=1$eArnrLW1/rRzVwcR87bxEw$2A/rMWXO2MalZdh5hd4gbWYexoYip6qPZDyC0jg96MM",Chastity Talwar,student,,t,M.Sc. Maths,6247d0c8-16fc-44b7-835b-29504624a780,2026-09-07 02:00:06.879652+00,2026-09-07 02:00:06.879652+00,2026,,M.Sc. Maths
chauncey.tambe@ssn.edu.in,"$argon2id$v=19$m=19456,t=2,p=1$eArnrLW1/rRzVwcR87bxEw$2A/rMWXO2MalZdh5hd4gbWYexoYip6qPZDyC0jg96MM",Chauncey Tambe,student,,t,M.Sc. Maths,6247d0c8-16fc-44b7-835b-29504624a780,2026-09-07 02:00:06.879652+00,2026-09-07 02:00:06.879652+00,2026,,M.Sc. Maths
chelsea.tamhane@ssn.edu.in,"$argon2id$v=19$m=19456,t=2,p=1$eArnrLW1/rRzVwcR87bxEw$2A/rMWXO2MalZdh5hd4gbWYexoYip6qPZDyC0jg96MM",Chelsea Tamhane,student,,t,M.Sc. Maths,6247d0c8-16fc-44b7-835b-29504624a780,2026-09-07 02:00:06.879652+00,2026-09-07 02:00:06.879652+00,2027,,M.Sc. Maths
cheryl.tandon@ssn.edu.in,"$argon2id$v=19$m=19456,t=2,p=1$eArnrLW1/rRzVwcR87bxEw$2A/rMWXO2MalZdh5hd4gbWYexoYip6qPZDyC0jg96MM",Cheryl Tandon,student,,t,M.Sc. Maths,6247d0c8-16fc-44b7-835b-29504624a780,2026-09-07 02:00:06.879652+00,2026-09-07 02:00:06.879652+00,2027,,M.Sc. Maths
chester.tanwar@ssn.edu.in,"$argon2id$v=19$m=19456,t=2,p=1$eArnrLW1/rRzVwcR87bxEw$2A/rMWXO2MalZdh5hd4gbWYexoYip6qPZDyC0jg96MM",Chester Tanwar,student,,t,M.Sc. Maths,6247d0c8-16fc-44b7-835b-29504624a780,2026-09-07 02:00:06.879652+00,2026-09-07 02:00:06.879652+00,2027,,M.Sc. Maths
chetan.bardhan@dgvaishnav.edu.in,"$argon2id$v=19$m=19456,t=2,p=1$eArnrLW1/rRzVwcR87bxEw$2A/rMWXO2MalZdh5hd4gbWYexoYip6qPZDyC0jg96MM",Chetan Bardhan,student,,t,M.Sc. Maths,183b3f5e-8a32-4972-ac8b-cf77dfe6a6c5,2026-09-07 02:00:06.879652+00,2026-09-07 02:00:06.879652+00,2027,,M.Sc. Maths
cheyanne.taparia@ssn.edu.in,"$argon2id$v=19$m=19456,t=2,p=1$eArnrLW1/rRzVwcR87bxEw$2A/rMWXO2MalZdh5hd4gbWYexoYip6qPZDyC0jg96MM",Cheyanne Taparia,student,,t,M.Sc. Maths,6247d0c8-16fc-44b7-835b-29504624a780,2026-09-07 02:00:06.879652+00,2026-09-07 02:00:06.879652+00,2027,,M.Sc. Maths
cheyenne.tarafdar@ssn.edu.in,"$argon2id$v=19$m=19456,t=2,p=1$eArnrLW1/rRzVwcR87bxEw$2A/rMWXO2MalZdh5hd4gbWYexoYip6qPZDyC0jg96MM",Cheyenne Tarafdar,student,,t,M.Sc. Maths,6247d0c8-16fc-44b7-835b-29504624a780,2026-09-07 02:00:06.879652+00,2026-09-07 02:00:06.879652+00,2027,,M.Sc. Maths
chhavi.basak@dgvaishnav.edu.in,"$argon2id$v=19$m=19456,t=2,p=1$eArnrLW1/rRzVwcR87bxEw$2A/rMWXO2MalZdh5hd4gbWYexoYip6qPZDyC0jg96MM",Chhavi Basak,student,,t,M.Sc. Maths,183b3f5e-8a32-4972-ac8b-cf77dfe6a6c5,2026-09-07 02:00:06.879652+00,2026-09-07 02:00:06.879652+00,2027,,M.Sc. Maths
chirag.basu@dgvaishnav.edu.in,"$argon2id$v=19$m=19456,t=2,p=1$eArnrLW1/rRzVwcR87bxEw$2A/rMWXO2MalZdh5hd4gbWYexoYip6qPZDyC0jg96MM",Chirag Basu,student,,t,M.Sc. Maths,183b3f5e-8a32-4972-ac8b-cf77dfe6a6c5,2026-09-07 02:00:06.879652+00,2026-09-07 02:00:06.879652+00,2027,,M.Sc. Maths
chloe.tatke@ssn.edu.in,"$argon2id$v=19$m=19456,t=2,p=1$eArnrLW1/rRzVwcR87bxEw$2A/rMWXO2MalZdh5hd4gbWYexoYip6qPZDyC0jg96MM",Chloe Tatke,student,,t,M.Sc. Maths,6247d0c8-16fc-44b7-835b-29504624a780,2026-09-07 02:00:06.879652+00,2026-09-07 02:00:06.879652+00,2027,,M.Sc. Maths
christa.tewari@ssn.edu.in,"$argon2id$v=19$m=19456,t=2,p=1$eArnrLW1/rRzVwcR87bxEw$2A/rMWXO2MalZdh5hd4gbWYexoYip6qPZDyC0jg96MM",Christa Tewari,student,,t,M.Sc. Maths,6247d0c8-16fc-44b7-835b-29504624a780,2026-09-07 02:00:06.879652+00,2026-09-07 02:00:06.879652+00,2027,,M.Sc. Maths
chris.tawde@ssn.edu.in,"$argon2id$v=19$m=19456,t=2,p=1$eArnrLW1/rRzVwcR87bxEw$2A/rMWXO2MalZdh5hd4gbWYexoYip6qPZDyC0jg96MM",Chris Tawde,student,,t,M.Sc. Maths,6247d0c8-16fc-44b7-835b-29504624a780,2026-09-07 02:00:06.879652+00,2026-09-07 02:00:06.879652+00,2027,,M.Sc. Maths
christian.tendulkar@ssn.edu.in,"$argon2id$v=19$m=19456,t=2,p=1$eArnrLW1/rRzVwcR87bxEw$2A/rMWXO2MalZdh5hd4gbWYexoYip6qPZDyC0jg96MM",Christian Tendulkar,student,,t,M.Sc. Maths,6247d0c8-16fc-44b7-835b-29504624a780,2026-09-07 02:00:06.879652+00,2026-09-07 02:00:06.879652+00,2027,,M.Sc. Maths
christie.thacker@ssn.edu.in,"$argon2id$v=19$m=19456,t=2,p=1$eArnrLW1/rRzVwcR87bxEw$2A/rMWXO2MalZdh5hd4gbWYexoYip6qPZDyC0jg96MM",Christie Thacker,student,,t,M.Sc. Maths,6247d0c8-16fc-44b7-835b-29504624a780,2026-09-07 02:00:06.879652+00,2026-09-07 02:00:06.879652+00,2027,,M.Sc. Maths
christina.thadani@ssn.edu.in,"$argon2id$v=19$m=19456,t=2,p=1$eArnrLW1/rRzVwcR87bxEw$2A/rMWXO2MalZdh5hd4gbWYexoYip6qPZDyC0jg96MM",Christina Thadani,student,,t,M.Sc. Maths,6247d0c8-16fc-44b7-835b-29504624a780,2026-09-07 02:00:06.879652+00,2026-09-07 02:00:06.879652+00,2028,,M.Sc. Maths
christine.thakkar@ssn.edu.in,"$argon2id$v=19$m=19456,t=2,p=1$eArnrLW1/rRzVwcR87bxEw$2A/rMWXO2MalZdh5hd4gbWYexoYip6qPZDyC0jg96MM",Christine Thakkar,student,,t,M.Sc. Maths,6247d0c8-16fc-44b7-835b-29504624a780,2026-09-07 02:00:06.879652+00,2026-09-07 02:00:06.879652+00,2028,,M.Sc. Maths
christopher.thakore@ssn.edu.in,"$argon2id$v=19$m=19456,t=2,p=1$eArnrLW1/rRzVwcR87bxEw$2A/rMWXO2MalZdh5hd4gbWYexoYip6qPZDyC0jg96MM",Christopher Thakore,student,,t,M.Sc. Maths,6247d0c8-16fc-44b7-835b-29504624a780,2026-09-07 02:00:06.879652+00,2026-09-07 02:00:06.879652+00,2028,,M.Sc. Maths
christy.thakur@ssn.edu.in,"$argon2id$v=19$m=19456,t=2,p=1$eArnrLW1/rRzVwcR87bxEw$2A/rMWXO2MalZdh5hd4gbWYexoYip6qPZDyC0jg96MM",Christy Thakur,student,,t,M.Sc. Maths,6247d0c8-16fc-44b7-835b-29504624a780,2026-09-07 02:00:06.879652+00,2026-09-07 02:00:06.879652+00,2028,,M.Sc. Maths
chuck.thamizhmani@ssn.edu.in,"$argon2id$v=19$m=19456,t=2,p=1$eArnrLW1/rRzVwcR87bxEw$2A/rMWXO2MalZdh5hd4gbWYexoYip6qPZDyC0jg96MM",Chuck Thamizhmani,student,,t,M.Sc. Maths,6247d0c8-16fc-44b7-835b-29504624a780,2026-09-07 02:00:06.879652+00,2026-09-07 02:00:06.879652+00,2028,,M.Sc. Maths
ciara.thampy@ssn.edu.in,"$argon2id$v=19$m=19456,t=2,p=1$eArnrLW1/rRzVwcR87bxEw$2A/rMWXO2MalZdh5hd4gbWYexoYip6qPZDyC0jg96MM",Ciara Thampy,student,,t,M.Sc. Maths,6247d0c8-16fc-44b7-835b-29504624a780,2026-09-07 02:00:06.879652+00,2026-09-07 02:00:06.879652+00,2028,,M.Sc. Maths
cillian.thapar@ssn.edu.in,"$argon2id$v=19$m=19456,t=2,p=1$eArnrLW1/rRzVwcR87bxEw$2A/rMWXO2MalZdh5hd4gbWYexoYip6qPZDyC0jg96MM",Cillian Thapar,student,,t,M.Sc. Maths,6247d0c8-16fc-44b7-835b-29504624a780,2026-09-07 02:00:06.879652+00,2026-09-07 02:00:06.879652+00,2028,,M.Sc. Maths
claire.thatte@ssn.edu.in,"$argon2id$v=19$m=19456,t=2,p=1$eArnrLW1/rRzVwcR87bxEw$2A/rMWXO2MalZdh5hd4gbWYexoYip6qPZDyC0jg96MM",Claire Thatte,student,,t,M.Sc. Maths,6247d0c8-16fc-44b7-835b-29504624a780,2026-09-07 02:00:06.879652+00,2026-09-07 02:00:06.879652+00,2028,,M.Sc. Maths
clara.thekkekara@ssn.edu.in,"$argon2id$v=19$m=19456,t=2,p=1$eArnrLW1/rRzVwcR87bxEw$2A/rMWXO2MalZdh5hd4gbWYexoYip6qPZDyC0jg96MM",Clara Thekkekara,student,,t,M.Sc. Maths,6247d0c8-16fc-44b7-835b-29504624a780,2026-09-07 02:00:06.879652+00,2026-09-07 02:00:06.879652+00,2028,,M.Sc. Maths
clarence.thingalaya@ssn.edu.in,"$argon2id$v=19$m=19456,t=2,p=1$eArnrLW1/rRzVwcR87bxEw$2A/rMWXO2MalZdh5hd4gbWYexoYip6qPZDyC0jg96MM",Clarence Thingalaya,student,,t,M.Sc. Maths,6247d0c8-16fc-44b7-835b-29504624a780,2026-09-07 02:00:06.879652+00,2026-09-07 02:00:06.879652+00,2028,,M.Sc. Maths
clarice.thirumalai@ssn.edu.in,"$argon2id$v=19$m=19456,t=2,p=1$eArnrLW1/rRzVwcR87bxEw$2A/rMWXO2MalZdh5hd4gbWYexoYip6qPZDyC0jg96MM",Clarice Thirumalai,student,,t,B.E. CSE,6247d0c8-16fc-44b7-835b-29504624a780,2026-09-07 02:00:06.879652+00,2026-09-07 02:00:06.879652+00,2026,,B.E. CSE
clarissa.thomas@ssn.edu.in,"$argon2id$v=19$m=19456,t=2,p=1$eArnrLW1/rRzVwcR87bxEw$2A/rMWXO2MalZdh5hd4gbWYexoYip6qPZDyC0jg96MM",Clarissa Thomas,student,,t,B.E. CSE,6247d0c8-16fc-44b7-835b-29504624a780,2026-09-07 02:00:06.879652+00,2026-09-07 02:00:06.879652+00,2026,,B.E. CSE
clark.thottungal@ssn.edu.in,"$argon2id$v=19$m=19456,t=2,p=1$eArnrLW1/rRzVwcR87bxEw$2A/rMWXO2MalZdh5hd4gbWYexoYip6qPZDyC0jg96MM",Clark Thottungal,student,,t,B.E. CSE,6247d0c8-16fc-44b7-835b-29504624a780,2026-09-07 02:00:06.879652+00,2026-09-07 02:00:06.879652+00,2026,,B.E. CSE
claude.tikoo@ssn.edu.in,"$argon2id$v=19$m=19456,t=2,p=1$eArnrLW1/rRzVwcR87bxEw$2A/rMWXO2MalZdh5hd4gbWYexoYip6qPZDyC0jg96MM",Claude Tikoo,student,,t,B.E. CSE,6247d0c8-16fc-44b7-835b-29504624a780,2026-09-07 02:00:06.879652+00,2026-09-07 02:00:06.879652+00,2026,,B.E. CSE
claudia.tilak@ssn.edu.in,"$argon2id$v=19$m=19456,t=2,p=1$eArnrLW1/rRzVwcR87bxEw$2A/rMWXO2MalZdh5hd4gbWYexoYip6qPZDyC0jg96MM",Claudia Tilak,student,,t,B.E. CSE,6247d0c8-16fc-44b7-835b-29504624a780,2026-09-07 02:00:06.879652+00,2026-09-07 02:00:06.879652+00,2026,,B.E. CSE
claudine.tipnis@ssn.edu.in,"$argon2id$v=19$m=19456,t=2,p=1$eArnrLW1/rRzVwcR87bxEw$2A/rMWXO2MalZdh5hd4gbWYexoYip6qPZDyC0jg96MM",Claudine Tipnis,student,,t,B.E. CSE,6247d0c8-16fc-44b7-835b-29504624a780,2026-09-07 02:00:06.879652+00,2026-09-07 02:00:06.879652+00,2026,,B.E. CSE
clay.tiwari@ssn.edu.in,"$argon2id$v=19$m=19456,t=2,p=1$eArnrLW1/rRzVwcR87bxEw$2A/rMWXO2MalZdh5hd4gbWYexoYip6qPZDyC0jg96MM",Clay Tiwari,student,,t,B.E. CSE,6247d0c8-16fc-44b7-835b-29504624a780,2026-09-07 02:00:06.879652+00,2026-09-07 02:00:06.879652+00,2026,,B.E. CSE
clayton.todarmal@ssn.edu.in,"$argon2id$v=19$m=19456,t=2,p=1$eArnrLW1/rRzVwcR87bxEw$2A/rMWXO2MalZdh5hd4gbWYexoYip6qPZDyC0jg96MM",Clayton Todarmal,student,,t,B.E. CSE,6247d0c8-16fc-44b7-835b-29504624a780,2026-09-07 02:00:06.879652+00,2026-09-07 02:00:06.879652+00,2026,,B.E. CSE
clementine.tombat@ssn.edu.in,"$argon2id$v=19$m=19456,t=2,p=1$eArnrLW1/rRzVwcR87bxEw$2A/rMWXO2MalZdh5hd4gbWYexoYip6qPZDyC0jg96MM",Clementine Tombat,student,,t,B.E. CSE,6247d0c8-16fc-44b7-835b-29504624a780,2026-09-07 02:00:06.879652+00,2026-09-07 02:00:06.879652+00,2026,,B.E. CSE
clement.tolani@ssn.edu.in,"$argon2id$v=19$m=19456,t=2,p=1$eArnrLW1/rRzVwcR87bxEw$2A/rMWXO2MalZdh5hd4gbWYexoYip6qPZDyC0jg96MM",Clement Tolani,student,,t,B.E. CSE,6247d0c8-16fc-44b7-835b-29504624a780,2026-09-07 02:00:06.879652+00,2026-09-07 02:00:06.879652+00,2026,,B.E. CSE
cleo.topno@ssn.edu.in,"$argon2id$v=19$m=19456,t=2,p=1$eArnrLW1/rRzVwcR87bxEw$2A/rMWXO2MalZdh5hd4gbWYexoYip6qPZDyC0jg96MM",Cleo Topno,student,,t,B.E. CSE,6247d0c8-16fc-44b7-835b-29504624a780,2026-09-07 02:00:06.879652+00,2026-09-07 02:00:06.879652+00,2027,,B.E. CSE
clifford.trehan@ssn.edu.in,"$argon2id$v=19$m=19456,t=2,p=1$eArnrLW1/rRzVwcR87bxEw$2A/rMWXO2MalZdh5hd4gbWYexoYip6qPZDyC0jg96MM",Clifford Trehan,student,,t,B.E. CSE,6247d0c8-16fc-44b7-835b-29504624a780,2026-09-07 02:00:06.879652+00,2026-09-07 02:00:06.879652+00,2027,,B.E. CSE
cliff.toshniwal@ssn.edu.in,"$argon2id$v=19$m=19456,t=2,p=1$eArnrLW1/rRzVwcR87bxEw$2A/rMWXO2MalZdh5hd4gbWYexoYip6qPZDyC0jg96MM",Cliff Toshniwal,student,,t,B.E. CSE,6247d0c8-16fc-44b7-835b-29504624a780,2026-09-07 02:00:06.879652+00,2026-09-07 02:00:06.879652+00,2027,,B.E. CSE
clifton.tripathi@ssn.edu.in,"$argon2id$v=19$m=19456,t=2,p=1$eArnrLW1/rRzVwcR87bxEw$2A/rMWXO2MalZdh5hd4gbWYexoYip6qPZDyC0jg96MM",Clifton Tripathi,student,,t,B.E. CSE,6247d0c8-16fc-44b7-835b-29504624a780,2026-09-07 02:00:06.879652+00,2026-09-07 02:00:06.879652+00,2027,,B.E. CSE
clinton.tulshan@ssn.edu.in,"$argon2id$v=19$m=19456,t=2,p=1$eArnrLW1/rRzVwcR87bxEw$2A/rMWXO2MalZdh5hd4gbWYexoYip6qPZDyC0jg96MM",Clinton Tulshan,student,,t,B.E. CSE,6247d0c8-16fc-44b7-835b-29504624a780,2026-09-07 02:00:06.879652+00,2026-09-07 02:00:06.879652+00,2027,,B.E. CSE
clint.trivedi@ssn.edu.in,"$argon2id$v=19$m=19456,t=2,p=1$eArnrLW1/rRzVwcR87bxEw$2A/rMWXO2MalZdh5hd4gbWYexoYip6qPZDyC0jg96MM",Clint Trivedi,student,,t,B.E. CSE,6247d0c8-16fc-44b7-835b-29504624a780,2026-09-07 02:00:06.879652+00,2026-09-07 02:00:06.879652+00,2027,,B.E. CSE
clive.tyagi@ssn.edu.in,"$argon2id$v=19$m=19456,t=2,p=1$eArnrLW1/rRzVwcR87bxEw$2A/rMWXO2MalZdh5hd4gbWYexoYip6qPZDyC0jg96MM",Clive Tyagi,student,,t,B.E. CSE,6247d0c8-16fc-44b7-835b-29504624a780,2026-09-07 02:00:06.879652+00,2026-09-07 02:00:06.879652+00,2027,,B.E. CSE
clyde.ubale@ssn.edu.in,"$argon2id$v=19$m=19456,t=2,p=1$eArnrLW1/rRzVwcR87bxEw$2A/rMWXO2MalZdh5hd4gbWYexoYip6qPZDyC0jg96MM",Clyde Ubale,student,,t,B.E. CSE,6247d0c8-16fc-44b7-835b-29504624a780,2026-09-07 02:00:06.879652+00,2026-09-07 02:00:06.879652+00,2027,,B.E. CSE
coby.udani@ssn.edu.in,"$argon2id$v=19$m=19456,t=2,p=1$eArnrLW1/rRzVwcR87bxEw$2A/rMWXO2MalZdh5hd4gbWYexoYip6qPZDyC0jg96MM",Coby Udani,student,,t,B.E. CSE,6247d0c8-16fc-44b7-835b-29504624a780,2026-09-07 02:00:06.879652+00,2026-09-07 02:00:06.879652+00,2027,,B.E. CSE
cody.udeshi@ssn.edu.in,"$argon2id$v=19$m=19456,t=2,p=1$eArnrLW1/rRzVwcR87bxEw$2A/rMWXO2MalZdh5hd4gbWYexoYip6qPZDyC0jg96MM",Cody Udeshi,student,,t,B.E. CSE,6247d0c8-16fc-44b7-835b-29504624a780,2026-09-07 02:00:06.879652+00,2026-09-07 02:00:06.879652+00,2027,,B.E. CSE
colbert.udupa@ssn.edu.in,"$argon2id$v=19$m=19456,t=2,p=1$eArnrLW1/rRzVwcR87bxEw$2A/rMWXO2MalZdh5hd4gbWYexoYip6qPZDyC0jg96MM",Colbert Udupa,student,,t,B.E. CSE,6247d0c8-16fc-44b7-835b-29504624a780,2026-09-07 02:00:06.879652+00,2026-09-07 02:00:06.879652+00,2028,,B.E. CSE
coleman.umrigar@ssn.edu.in,"$argon2id$v=19$m=19456,t=2,p=1$eArnrLW1/rRzVwcR87bxEw$2A/rMWXO2MalZdh5hd4gbWYexoYip6qPZDyC0jg96MM",Coleman Umrigar,student,,t,B.E. CSE,6247d0c8-16fc-44b7-835b-29504624a780,2026-09-07 02:00:06.879652+00,2026-09-07 02:00:06.879652+00,2028,,B.E. CSE
colette.unni@ssn.edu.in,"$argon2id$v=19$m=19456,t=2,p=1$eArnrLW1/rRzVwcR87bxEw$2A/rMWXO2MalZdh5hd4gbWYexoYip6qPZDyC0jg96MM",Colette Unni,student,,t,B.E. CSE,6247d0c8-16fc-44b7-835b-29504624a780,2026-09-07 02:00:06.879652+00,2026-09-07 02:00:06.879652+00,2028,,B.E. CSE
cole.ullal@ssn.edu.in,"$argon2id$v=19$m=19456,t=2,p=1$eArnrLW1/rRzVwcR87bxEw$2A/rMWXO2MalZdh5hd4gbWYexoYip6qPZDyC0jg96MM",Cole Ullal,student,,t,B.E. CSE,6247d0c8-16fc-44b7-835b-29504624a780,2026-09-07 02:00:06.879652+00,2026-09-07 02:00:06.879652+00,2028,,B.E. CSE
colin.upadhyay@ssn.edu.in,"$argon2id$v=19$m=19456,t=2,p=1$eArnrLW1/rRzVwcR87bxEw$2A/rMWXO2MalZdh5hd4gbWYexoYip6qPZDyC0jg96MM",Colin Upadhyay,student,,t,B.E. CSE,6247d0c8-16fc-44b7-835b-29504624a780,2026-09-07 02:00:06.879652+00,2026-09-07 02:00:06.879652+00,2028,,B.E. CSE
colleen.uppal@ssn.edu.in,"$argon2id$v=19$m=19456,t=2,p=1$eArnrLW1/rRzVwcR87bxEw$2A/rMWXO2MalZdh5hd4gbWYexoYip6qPZDyC0jg96MM",Colleen Uppal,student,,t,B.E. CSE,6247d0c8-16fc-44b7-835b-29504624a780,2026-09-07 02:00:06.879652+00,2026-09-07 02:00:06.879652+00,2028,,B.E. CSE
collin.ushakant@ssn.edu.in,"$argon2id$v=19$m=19456,t=2,p=1$eArnrLW1/rRzVwcR87bxEw$2A/rMWXO2MalZdh5hd4gbWYexoYip6qPZDyC0jg96MM",Collin Ushakant,student,,t,B.E. CSE,6247d0c8-16fc-44b7-835b-29504624a780,2026-09-07 02:00:06.879652+00,2026-09-07 02:00:06.879652+00,2028,,B.E. CSE
colton.usman@ssn.edu.in,"$argon2id$v=19$m=19456,t=2,p=1$eArnrLW1/rRzVwcR87bxEw$2A/rMWXO2MalZdh5hd4gbWYexoYip6qPZDyC0jg96MM",Colton Usman,student,,t,B.E. CSE,6247d0c8-16fc-44b7-835b-29504624a780,2026-09-07 02:00:06.879652+00,2026-09-07 02:00:06.879652+00,2028,,B.E. CSE
conan.vaidya@ssn.edu.in,"$argon2id$v=19$m=19456,t=2,p=1$eArnrLW1/rRzVwcR87bxEw$2A/rMWXO2MalZdh5hd4gbWYexoYip6qPZDyC0jg96MM",Conan Vaidya,student,,t,B.E. CSE,6247d0c8-16fc-44b7-835b-29504624a780,2026-09-07 02:00:06.879652+00,2026-09-07 02:00:06.879652+00,2028,,B.E. CSE
conner.vaish@ssn.edu.in,"$argon2id$v=19$m=19456,t=2,p=1$eArnrLW1/rRzVwcR87bxEw$2A/rMWXO2MalZdh5hd4gbWYexoYip6qPZDyC0jg96MM",Conner Vaish,student,,t,B.E. CSE,6247d0c8-16fc-44b7-835b-29504624a780,2026-09-07 02:00:06.879652+00,2026-09-07 02:00:06.879652+00,2028,,B.E. CSE
connie.vaishnav@ssn.edu.in,"$argon2id$v=19$m=19456,t=2,p=1$eArnrLW1/rRzVwcR87bxEw$2A/rMWXO2MalZdh5hd4gbWYexoYip6qPZDyC0jg96MM",Connie Vaishnav,student,,t,M.Tech. DS,6247d0c8-16fc-44b7-835b-29504624a780,2026-09-07 02:00:06.879652+00,2026-09-07 02:00:06.879652+00,2026,,M.Tech. DS
connor.vajpayee@ssn.edu.in,"$argon2id$v=19$m=19456,t=2,p=1$eArnrLW1/rRzVwcR87bxEw$2A/rMWXO2MalZdh5hd4gbWYexoYip6qPZDyC0jg96MM",Connor Vajpayee,student,,t,M.Tech. DS,6247d0c8-16fc-44b7-835b-29504624a780,2026-09-07 02:00:06.879652+00,2026-09-07 02:00:06.879652+00,2026,,M.Tech. DS
conor.vakil@ssn.edu.in,"$argon2id$v=19$m=19456,t=2,p=1$eArnrLW1/rRzVwcR87bxEw$2A/rMWXO2MalZdh5hd4gbWYexoYip6qPZDyC0jg96MM",Conor Vakil,student,,t,M.Tech. DS,6247d0c8-16fc-44b7-835b-29504624a780,2026-09-07 02:00:06.879652+00,2026-09-07 02:00:06.879652+00,2026,,M.Tech. DS
conrad.vala@ssn.edu.in,"$argon2id$v=19$m=19456,t=2,p=1$eArnrLW1/rRzVwcR87bxEw$2A/rMWXO2MalZdh5hd4gbWYexoYip6qPZDyC0jg96MM",Conrad Vala,student,,t,M.Tech. DS,6247d0c8-16fc-44b7-835b-29504624a780,2026-09-07 02:00:06.879652+00,2026-09-07 02:00:06.879652+00,2026,,M.Tech. DS
constance.vallabh@ssn.edu.in,"$argon2id$v=19$m=19456,t=2,p=1$eArnrLW1/rRzVwcR87bxEw$2A/rMWXO2MalZdh5hd4gbWYexoYip6qPZDyC0jg96MM",Constance Vallabh,student,,t,M.Tech. DS,6247d0c8-16fc-44b7-835b-29504624a780,2026-09-07 02:00:06.879652+00,2026-09-07 02:00:06.879652+00,2026,,M.Tech. DS
cooper.valmiki@ssn.edu.in,"$argon2id$v=19$m=19456,t=2,p=1$eArnrLW1/rRzVwcR87bxEw$2A/rMWXO2MalZdh5hd4gbWYexoYip6qPZDyC0jg96MM",Cooper Valmiki,student,,t,M.Tech. DS,6247d0c8-16fc-44b7-835b-29504624a780,2026-09-07 02:00:06.879652+00,2026-09-07 02:00:06.879652+00,2026,,M.Tech. DS
coralie.vania@ssn.edu.in,"$argon2id$v=19$m=19456,t=2,p=1$eArnrLW1/rRzVwcR87bxEw$2A/rMWXO2MalZdh5hd4gbWYexoYip6qPZDyC0jg96MM",Coralie Vania,student,,t,M.Tech. DS,6247d0c8-16fc-44b7-835b-29504624a780,2026-09-07 02:00:06.879652+00,2026-09-07 02:00:06.879652+00,2026,,M.Tech. DS
cora.vanarase@ssn.edu.in,"$argon2id$v=19$m=19456,t=2,p=1$eArnrLW1/rRzVwcR87bxEw$2A/rMWXO2MalZdh5hd4gbWYexoYip6qPZDyC0jg96MM",Cora Vanarase,student,,t,M.Tech. DS,6247d0c8-16fc-44b7-835b-29504624a780,2026-09-07 02:00:06.879652+00,2026-09-07 02:00:06.879652+00,2026,,M.Tech. DS
corbin.varde@ssn.edu.in,"$argon2id$v=19$m=19456,t=2,p=1$eArnrLW1/rRzVwcR87bxEw$2A/rMWXO2MalZdh5hd4gbWYexoYip6qPZDyC0jg96MM",Corbin Varde,student,,t,M.Tech. DS,6247d0c8-16fc-44b7-835b-29504624a780,2026-09-07 02:00:06.879652+00,2026-09-07 02:00:06.879652+00,2026,,M.Tech. DS
cordelia.varghese@ssn.edu.in,"$argon2id$v=19$m=19456,t=2,p=1$eArnrLW1/rRzVwcR87bxEw$2A/rMWXO2MalZdh5hd4gbWYexoYip6qPZDyC0jg96MM",Cordelia Varghese,student,,t,M.Tech. DS,6247d0c8-16fc-44b7-835b-29504624a780,2026-09-07 02:00:06.879652+00,2026-09-07 02:00:06.879652+00,2026,,M.Tech. DS
coreen.varma@ssn.edu.in,"$argon2id$v=19$m=19456,t=2,p=1$eArnrLW1/rRzVwcR87bxEw$2A/rMWXO2MalZdh5hd4gbWYexoYip6qPZDyC0jg96MM",Coreen Varma,student,,t,M.Tech. DS,6247d0c8-16fc-44b7-835b-29504624a780,2026-09-07 02:00:06.879652+00,2026-09-07 02:00:06.879652+00,2027,,M.Tech. DS
corey.varshney@ssn.edu.in,"$argon2id$v=19$m=19456,t=2,p=1$eArnrLW1/rRzVwcR87bxEw$2A/rMWXO2MalZdh5hd4gbWYexoYip6qPZDyC0jg96MM",Corey Varshney,student,,t,M.Tech. DS,6247d0c8-16fc-44b7-835b-29504624a780,2026-09-07 02:00:06.879652+00,2026-09-07 02:00:06.879652+00,2027,,M.Tech. DS
corina.vartak@ssn.edu.in,"$argon2id$v=19$m=19456,t=2,p=1$eArnrLW1/rRzVwcR87bxEw$2A/rMWXO2MalZdh5hd4gbWYexoYip6qPZDyC0jg96MM",Corina Vartak,student,,t,M.Tech. DS,6247d0c8-16fc-44b7-835b-29504624a780,2026-09-07 02:00:06.879652+00,2026-09-07 02:00:06.879652+00,2027,,M.Tech. DS
corinne.vashisht@ssn.edu.in,"$argon2id$v=19$m=19456,t=2,p=1$eArnrLW1/rRzVwcR87bxEw$2A/rMWXO2MalZdh5hd4gbWYexoYip6qPZDyC0jg96MM",Corinne Vashisht,student,,t,M.Tech. DS,6247d0c8-16fc-44b7-835b-29504624a780,2026-09-07 02:00:06.879652+00,2026-09-07 02:00:06.879652+00,2027,,M.Tech. DS
cormac.vashistha@ssn.edu.in,"$argon2id$v=19$m=19456,t=2,p=1$eArnrLW1/rRzVwcR87bxEw$2A/rMWXO2MalZdh5hd4gbWYexoYip6qPZDyC0jg96MM",Cormac Vashistha,student,,t,M.Tech. DS,6247d0c8-16fc-44b7-835b-29504624a780,2026-09-07 02:00:06.879652+00,2026-09-07 02:00:06.879652+00,2027,,M.Tech. DS
cornelius.vasudev@ssn.edu.in,"$argon2id$v=19$m=19456,t=2,p=1$eArnrLW1/rRzVwcR87bxEw$2A/rMWXO2MalZdh5hd4gbWYexoYip6qPZDyC0jg96MM",Cornelius Vasudev,student,,t,M.Tech. DS,6247d0c8-16fc-44b7-835b-29504624a780,2026-09-07 02:00:06.879652+00,2026-09-07 02:00:06.879652+00,2027,,M.Tech. DS
cornell.vasudeva@ssn.edu.in,"$argon2id$v=19$m=19456,t=2,p=1$eArnrLW1/rRzVwcR87bxEw$2A/rMWXO2MalZdh5hd4gbWYexoYip6qPZDyC0jg96MM",Cornell Vasudeva,student,,t,M.Tech. DS,6247d0c8-16fc-44b7-835b-29504624a780,2026-09-07 02:00:06.879652+00,2026-09-07 02:00:06.879652+00,2027,,M.Tech. DS
courtney.ved@ssn.edu.in,"$argon2id$v=19$m=19456,t=2,p=1$eArnrLW1/rRzVwcR87bxEw$2A/rMWXO2MalZdh5hd4gbWYexoYip6qPZDyC0jg96MM",Courtney Ved,student,,t,M.Tech. DS,6247d0c8-16fc-44b7-835b-29504624a780,2026-09-07 02:00:06.879652+00,2026-09-07 02:00:06.879652+00,2027,,M.Tech. DS
coy.velingkar@ssn.edu.in,"$argon2id$v=19$m=19456,t=2,p=1$eArnrLW1/rRzVwcR87bxEw$2A/rMWXO2MalZdh5hd4gbWYexoYip6qPZDyC0jg96MM",Coy Velingkar,student,,t,M.Tech. DS,6247d0c8-16fc-44b7-835b-29504624a780,2026-09-07 02:00:06.879652+00,2026-09-07 02:00:06.879652+00,2027,,M.Tech. DS
craig.vellal@ssn.edu.in,"$argon2id$v=19$m=19456,t=2,p=1$eArnrLW1/rRzVwcR87bxEw$2A/rMWXO2MalZdh5hd4gbWYexoYip6qPZDyC0jg96MM",Craig Vellal,student,,t,M.Tech. DS,6247d0c8-16fc-44b7-835b-29504624a780,2026-09-07 02:00:06.879652+00,2026-09-07 02:00:06.879652+00,2027,,M.Tech. DS
creighton.velu@ssn.edu.in,"$argon2id$v=19$m=19456,t=2,p=1$eArnrLW1/rRzVwcR87bxEw$2A/rMWXO2MalZdh5hd4gbWYexoYip6qPZDyC0jg96MM",Creighton Velu,student,,t,M.Tech. DS,6247d0c8-16fc-44b7-835b-29504624a780,2026-09-07 02:00:06.879652+00,2026-09-07 02:00:06.879652+00,2028,,M.Tech. DS
crispin.vengsarkar@ssn.edu.in,"$argon2id$v=19$m=19456,t=2,p=1$eArnrLW1/rRzVwcR87bxEw$2A/rMWXO2MalZdh5hd4gbWYexoYip6qPZDyC0jg96MM",Crispin Vengsarkar,student,,t,M.Tech. DS,6247d0c8-16fc-44b7-835b-29504624a780,2026-09-07 02:00:06.879652+00,2026-09-07 02:00:06.879652+00,2028,,M.Tech. DS
cristian.venkataraman@ssn.edu.in,"$argon2id$v=19$m=19456,t=2,p=1$eArnrLW1/rRzVwcR87bxEw$2A/rMWXO2MalZdh5hd4gbWYexoYip6qPZDyC0jg96MM",Cristian Venkataraman,student,,t,M.Tech. DS,6247d0c8-16fc-44b7-835b-29504624a780,2026-09-07 02:00:06.879652+00,2026-09-07 02:00:06.879652+00,2028,,M.Tech. DS
crystal.venkataramani@ssn.edu.in,"$argon2id$v=19$m=19456,t=2,p=1$eArnrLW1/rRzVwcR87bxEw$2A/rMWXO2MalZdh5hd4gbWYexoYip6qPZDyC0jg96MM",Crystal Venkataramani,student,,t,M.Tech. DS,6247d0c8-16fc-44b7-835b-29504624a780,2026-09-07 02:00:06.879652+00,2026-09-07 02:00:06.879652+00,2028,,M.Tech. DS
cullen.venkatesan@ssn.edu.in,"$argon2id$v=19$m=19456,t=2,p=1$eArnrLW1/rRzVwcR87bxEw$2A/rMWXO2MalZdh5hd4gbWYexoYip6qPZDyC0jg96MM",Cullen Venkatesan,student,,t,M.Tech. DS,6247d0c8-16fc-44b7-835b-29504624a780,2026-09-07 02:00:06.879652+00,2026-09-07 02:00:06.879652+00,2028,,M.Tech. DS
curtis.verghese@ssn.edu.in,"$argon2id$v=19$m=19456,t=2,p=1$eArnrLW1/rRzVwcR87bxEw$2A/rMWXO2MalZdh5hd4gbWYexoYip6qPZDyC0jg96MM",Curtis Verghese,student,,t,M.Tech. DS,6247d0c8-16fc-44b7-835b-29504624a780,2026-09-07 02:00:06.879652+00,2026-09-07 02:00:06.879652+00,2028,,M.Tech. DS
curt.venugopal@ssn.edu.in,"$argon2id$v=19$m=19456,t=2,p=1$eArnrLW1/rRzVwcR87bxEw$2A/rMWXO2MalZdh5hd4gbWYexoYip6qPZDyC0jg96MM",Curt Venugopal,student,,t,M.Tech. DS,6247d0c8-16fc-44b7-835b-29504624a780,2026-09-07 02:00:06.879652+00,2026-09-07 02:00:06.879652+00,2028,,M.Tech. DS
cynthia.verma@ssn.edu.in,"$argon2id$v=19$m=19456,t=2,p=1$eArnrLW1/rRzVwcR87bxEw$2A/rMWXO2MalZdh5hd4gbWYexoYip6qPZDyC0jg96MM",Cynthia Verma,student,,t,M.Tech. DS,6247d0c8-16fc-44b7-835b-29504624a780,2026-09-07 02:00:06.879652+00,2026-09-07 02:00:06.879652+00,2028,,M.Tech. DS
cyril.vibhakar@ssn.edu.in,"$argon2id$v=19$m=19456,t=2,p=1$eArnrLW1/rRzVwcR87bxEw$2A/rMWXO2MalZdh5hd4gbWYexoYip6qPZDyC0jg96MM",Cyril Vibhakar,student,,t,M.Tech. DS,6247d0c8-16fc-44b7-835b-29504624a780,2026-09-07 02:00:06.879652+00,2026-09-07 02:00:06.879652+00,2028,,M.Tech. DS
cyrus.vidwans@ssn.edu.in,"$argon2id$v=19$m=19456,t=2,p=1$eArnrLW1/rRzVwcR87bxEw$2A/rMWXO2MalZdh5hd4gbWYexoYip6qPZDyC0jg96MM",Cyrus Vidwans,student,,t,M.Tech. DS,6247d0c8-16fc-44b7-835b-29504624a780,2026-09-07 02:00:06.879652+00,2026-09-07 02:00:06.879652+00,2028,,M.Tech. DS
dahlia.vidyasagar@ssn.edu.in,"$argon2id$v=19$m=19456,t=2,p=1$eArnrLW1/rRzVwcR87bxEw$2A/rMWXO2MalZdh5hd4gbWYexoYip6qPZDyC0jg96MM",Dahlia Vidyasagar,student,,t,BBA,6247d0c8-16fc-44b7-835b-29504624a780,2026-09-07 02:00:06.879652+00,2026-09-07 02:00:06.879652+00,2026,,BBA
daisy.vijayaraghavan@ssn.edu.in,"$argon2id$v=19$m=19456,t=2,p=1$eArnrLW1/rRzVwcR87bxEw$2A/rMWXO2MalZdh5hd4gbWYexoYip6qPZDyC0jg96MM",Daisy Vijayaraghavan,student,,t,BBA,6247d0c8-16fc-44b7-835b-29504624a780,2026-09-07 02:00:06.879652+00,2026-09-07 02:00:06.879652+00,2026,,BBA
dakota.vijaykumar@ssn.edu.in,"$argon2id$v=19$m=19456,t=2,p=1$eArnrLW1/rRzVwcR87bxEw$2A/rMWXO2MalZdh5hd4gbWYexoYip6qPZDyC0jg96MM",Dakota Vijaykumar,student,,t,BBA,6247d0c8-16fc-44b7-835b-29504624a780,2026-09-07 02:00:06.879652+00,2026-09-07 02:00:06.879652+00,2026,,BBA
dale.vilekar@ssn.edu.in,"$argon2id$v=19$m=19456,t=2,p=1$eArnrLW1/rRzVwcR87bxEw$2A/rMWXO2MalZdh5hd4gbWYexoYip6qPZDyC0jg96MM",Dale Vilekar,student,,t,BBA,6247d0c8-16fc-44b7-835b-29504624a780,2026-09-07 02:00:06.879652+00,2026-09-07 02:00:06.879652+00,2026,,BBA
dallas.vinayak@ssn.edu.in,"$argon2id$v=19$m=19456,t=2,p=1$eArnrLW1/rRzVwcR87bxEw$2A/rMWXO2MalZdh5hd4gbWYexoYip6qPZDyC0jg96MM",Dallas Vinayak,student,,t,BBA,6247d0c8-16fc-44b7-835b-29504624a780,2026-09-07 02:00:06.879652+00,2026-09-07 02:00:06.879652+00,2026,,BBA
dalton.virani@ssn.edu.in,"$argon2id$v=19$m=19456,t=2,p=1$eArnrLW1/rRzVwcR87bxEw$2A/rMWXO2MalZdh5hd4gbWYexoYip6qPZDyC0jg96MM",Dalton Virani,student,,t,BBA,6247d0c8-16fc-44b7-835b-29504624a780,2026-09-07 02:00:06.879652+00,2026-09-07 02:00:06.879652+00,2026,,BBA
damian.virk@ssn.edu.in,"$argon2id$v=19$m=19456,t=2,p=1$eArnrLW1/rRzVwcR87bxEw$2A/rMWXO2MalZdh5hd4gbWYexoYip6qPZDyC0jg96MM",Damian Virk,student,,t,BBA,6247d0c8-16fc-44b7-835b-29504624a780,2026-09-07 02:00:06.879652+00,2026-09-07 02:00:06.879652+00,2026,,BBA
damien.viswanathan@ssn.edu.in,"$argon2id$v=19$m=19456,t=2,p=1$eArnrLW1/rRzVwcR87bxEw$2A/rMWXO2MalZdh5hd4gbWYexoYip6qPZDyC0jg96MM",Damien Viswanathan,student,,t,BBA,6247d0c8-16fc-44b7-835b-29504624a780,2026-09-07 02:00:06.879652+00,2026-09-07 02:00:06.879652+00,2026,,BBA
damini.batra@dgvaishnav.edu.in,"$argon2id$v=19$m=19456,t=2,p=1$eArnrLW1/rRzVwcR87bxEw$2A/rMWXO2MalZdh5hd4gbWYexoYip6qPZDyC0jg96MM",Damini Batra,student,,t,M.Sc. Maths,183b3f5e-8a32-4972-ac8b-cf77dfe6a6c5,2026-09-07 02:00:06.879652+00,2026-09-07 02:00:06.879652+00,2027,,M.Sc. Maths
damion.vohra@ssn.edu.in,"$argon2id$v=19$m=19456,t=2,p=1$eArnrLW1/rRzVwcR87bxEw$2A/rMWXO2MalZdh5hd4gbWYexoYip6qPZDyC0jg96MM",Damion Vohra,student,,t,BBA,6247d0c8-16fc-44b7-835b-29504624a780,2026-09-07 02:00:06.879652+00,2026-09-07 02:00:06.879652+00,2026,,BBA
damon.vora@ssn.edu.in,"$argon2id$v=19$m=19456,t=2,p=1$eArnrLW1/rRzVwcR87bxEw$2A/rMWXO2MalZdh5hd4gbWYexoYip6qPZDyC0jg96MM",Damon Vora,student,,t,BBA,6247d0c8-16fc-44b7-835b-29504624a780,2026-09-07 02:00:06.879652+00,2026-09-07 02:00:06.879652+00,2026,,BBA
dana.vyas@ssn.edu.in,"$argon2id$v=19$m=19456,t=2,p=1$eArnrLW1/rRzVwcR87bxEw$2A/rMWXO2MalZdh5hd4gbWYexoYip6qPZDyC0jg96MM",Dana Vyas,student,,t,BBA,6247d0c8-16fc-44b7-835b-29504624a780,2026-09-07 02:00:06.879652+00,2026-09-07 02:00:06.879652+00,2027,,BBA
dane.wadhwa@ssn.edu.in,"$argon2id$v=19$m=19456,t=2,p=1$eArnrLW1/rRzVwcR87bxEw$2A/rMWXO2MalZdh5hd4gbWYexoYip6qPZDyC0jg96MM",Dane Wadhwa,student,,t,BBA,6247d0c8-16fc-44b7-835b-29504624a780,2026-09-07 02:00:06.879652+00,2026-09-07 02:00:06.879652+00,2027,,BBA
danica.wadia@ssn.edu.in,"$argon2id$v=19$m=19456,t=2,p=1$eArnrLW1/rRzVwcR87bxEw$2A/rMWXO2MalZdh5hd4gbWYexoYip6qPZDyC0jg96MM",Danica Wadia,student,,t,BBA,6247d0c8-16fc-44b7-835b-29504624a780,2026-09-07 02:00:06.879652+00,2026-09-07 02:00:06.879652+00,2027,,BBA
daniela.wagle@ssn.edu.in,"$argon2id$v=19$m=19456,t=2,p=1$eArnrLW1/rRzVwcR87bxEw$2A/rMWXO2MalZdh5hd4gbWYexoYip6qPZDyC0jg96MM",Daniela Wagle,student,,t,BBA,6247d0c8-16fc-44b7-835b-29504624a780,2026-09-07 02:00:06.879652+00,2026-09-07 02:00:06.879652+00,2027,,BBA
danielle.walia@ssn.edu.in,"$argon2id$v=19$m=19456,t=2,p=1$eArnrLW1/rRzVwcR87bxEw$2A/rMWXO2MalZdh5hd4gbWYexoYip6qPZDyC0jg96MM",Danielle Walia,student,,t,BBA,6247d0c8-16fc-44b7-835b-29504624a780,2026-09-07 02:00:06.879652+00,2026-09-07 02:00:06.879652+00,2027,,BBA
daniel.wadkar@ssn.edu.in,"$argon2id$v=19$m=19456,t=2,p=1$eArnrLW1/rRzVwcR87bxEw$2A/rMWXO2MalZdh5hd4gbWYexoYip6qPZDyC0jg96MM",Daniel Wadkar,student,,t,BBA,6247d0c8-16fc-44b7-835b-29504624a780,2026-09-07 02:00:06.879652+00,2026-09-07 02:00:06.879652+00,2027,,BBA
danny.walke@ssn.edu.in,"$argon2id$v=19$m=19456,t=2,p=1$eArnrLW1/rRzVwcR87bxEw$2A/rMWXO2MalZdh5hd4gbWYexoYip6qPZDyC0jg96MM",Danny Walke,student,,t,BBA,6247d0c8-16fc-44b7-835b-29504624a780,2026-09-07 02:00:06.879652+00,2026-09-07 02:00:06.879652+00,2027,,BBA
dante.wanchoo@ssn.edu.in,"$argon2id$v=19$m=19456,t=2,p=1$eArnrLW1/rRzVwcR87bxEw$2A/rMWXO2MalZdh5hd4gbWYexoYip6qPZDyC0jg96MM",Dante Wanchoo,student,,t,BBA,6247d0c8-16fc-44b7-835b-29504624a780,2026-09-07 02:00:06.879652+00,2026-09-07 02:00:06.879652+00,2027,,BBA
dan.voruganti@ssn.edu.in,"$argon2id$v=19$m=19456,t=2,p=1$eArnrLW1/rRzVwcR87bxEw$2A/rMWXO2MalZdh5hd4gbWYexoYip6qPZDyC0jg96MM",Dan Voruganti,student,,t,BBA,6247d0c8-16fc-44b7-835b-29504624a780,2026-09-07 02:00:06.879652+00,2026-09-07 02:00:06.879652+00,2027,,BBA
daphne.warrier@ssn.edu.in,"$argon2id$v=19$m=19456,t=2,p=1$eArnrLW1/rRzVwcR87bxEw$2A/rMWXO2MalZdh5hd4gbWYexoYip6qPZDyC0jg96MM",Daphne Warrier,student,,t,BBA,6247d0c8-16fc-44b7-835b-29504624a780,2026-09-07 02:00:06.879652+00,2026-09-07 02:00:06.879652+00,2027,,BBA
dara.warty@ssn.edu.in,"$argon2id$v=19$m=19456,t=2,p=1$eArnrLW1/rRzVwcR87bxEw$2A/rMWXO2MalZdh5hd4gbWYexoYip6qPZDyC0jg96MM",Dara Warty,student,,t,BBA,6247d0c8-16fc-44b7-835b-29504624a780,2026-09-07 02:00:06.879652+00,2026-09-07 02:00:06.879652+00,2028,,BBA
darcy.wasnik@ssn.edu.in,"$argon2id$v=19$m=19456,t=2,p=1$eArnrLW1/rRzVwcR87bxEw$2A/rMWXO2MalZdh5hd4gbWYexoYip6qPZDyC0jg96MM",Darcy Wasnik,student,,t,BBA,6247d0c8-16fc-44b7-835b-29504624a780,2026-09-07 02:00:06.879652+00,2026-09-07 02:00:06.879652+00,2028,,BBA
darian.watson@ssn.edu.in,"$argon2id$v=19$m=19456,t=2,p=1$eArnrLW1/rRzVwcR87bxEw$2A/rMWXO2MalZdh5hd4gbWYexoYip6qPZDyC0jg96MM",Darian Watson,student,,t,BBA,6247d0c8-16fc-44b7-835b-29504624a780,2026-09-07 02:00:06.879652+00,2026-09-07 02:00:06.879652+00,2028,,BBA
darien.white@ssn.edu.in,"$argon2id$v=19$m=19456,t=2,p=1$eArnrLW1/rRzVwcR87bxEw$2A/rMWXO2MalZdh5hd4gbWYexoYip6qPZDyC0jg96MM",Darien White,student,,t,BBA,6247d0c8-16fc-44b7-835b-29504624a780,2026-09-07 02:00:06.879652+00,2026-09-07 02:00:06.879652+00,2028,,BBA
darin.williams@ssn.edu.in,"$argon2id$v=19$m=19456,t=2,p=1$eArnrLW1/rRzVwcR87bxEw$2A/rMWXO2MalZdh5hd4gbWYexoYip6qPZDyC0jg96MM",Darin Williams,student,,t,BBA,6247d0c8-16fc-44b7-835b-29504624a780,2026-09-07 02:00:06.879652+00,2026-09-07 02:00:06.879652+00,2028,,BBA
dario.yadav@ssn.edu.in,"$argon2id$v=19$m=19456,t=2,p=1$eArnrLW1/rRzVwcR87bxEw$2A/rMWXO2MalZdh5hd4gbWYexoYip6qPZDyC0jg96MM",Dario Yadav,student,,t,BBA,6247d0c8-16fc-44b7-835b-29504624a780,2026-09-07 02:00:06.879652+00,2026-09-07 02:00:06.879652+00,2028,,BBA
darius.yagnik@ssn.edu.in,"$argon2id$v=19$m=19456,t=2,p=1$eArnrLW1/rRzVwcR87bxEw$2A/rMWXO2MalZdh5hd4gbWYexoYip6qPZDyC0jg96MM",Darius Yagnik,student,,t,BBA,6247d0c8-16fc-44b7-835b-29504624a780,2026-09-07 02:00:06.879652+00,2026-09-07 02:00:06.879652+00,2028,,BBA
darlene.yashwant@ssn.edu.in,"$argon2id$v=19$m=19456,t=2,p=1$eArnrLW1/rRzVwcR87bxEw$2A/rMWXO2MalZdh5hd4gbWYexoYip6qPZDyC0jg96MM",Darlene Yashwant,student,,t,BBA,6247d0c8-16fc-44b7-835b-29504624a780,2026-09-07 02:00:06.879652+00,2026-09-07 02:00:06.879652+00,2028,,BBA
darnell.zachariah@ssn.edu.in,"$argon2id$v=19$m=19456,t=2,p=1$eArnrLW1/rRzVwcR87bxEw$2A/rMWXO2MalZdh5hd4gbWYexoYip6qPZDyC0jg96MM",Darnell Zachariah,student,,t,BBA,6247d0c8-16fc-44b7-835b-29504624a780,2026-09-07 02:00:06.879652+00,2026-09-07 02:00:06.879652+00,2028,,BBA
darrell.zaidi@ssn.edu.in,"$argon2id$v=19$m=19456,t=2,p=1$eArnrLW1/rRzVwcR87bxEw$2A/rMWXO2MalZdh5hd4gbWYexoYip6qPZDyC0jg96MM",Darrell Zaidi,student,,t,BBA,6247d0c8-16fc-44b7-835b-29504624a780,2026-09-07 02:00:06.879652+00,2026-09-07 02:00:06.879652+00,2028,,BBA
darren.zakaria@hindustanuniv.ac.in,"$argon2id$v=19$m=19456,t=2,p=1$eArnrLW1/rRzVwcR87bxEw$2A/rMWXO2MalZdh5hd4gbWYexoYip6qPZDyC0jg96MM",Darren Zakaria,faculty,,t,B.Sc. Biochem,04e1d892-e0b5-4b42-aa60-f913808a5b97,2026-09-07 02:00:06.879652+00,2026-09-07 02:00:06.879652+00,,,B.Sc. Biochem
darryl.zaveri@hindustanuniv.ac.in,"$argon2id$v=19$m=19456,t=2,p=1$eArnrLW1/rRzVwcR87bxEw$2A/rMWXO2MalZdh5hd4gbWYexoYip6qPZDyC0jg96MM",Darryl Zaveri,faculty,,t,M.Sc. Maths,04e1d892-e0b5-4b42-aa60-f913808a5b97,2026-09-07 02:00:06.879652+00,2026-09-07 02:00:06.879652+00,,,M.Sc. Maths
darshan.bawa@dgvaishnav.edu.in,"$argon2id$v=19$m=19456,t=2,p=1$eArnrLW1/rRzVwcR87bxEw$2A/rMWXO2MalZdh5hd4gbWYexoYip6qPZDyC0jg96MM",Darshan Bawa,student,,t,M.Sc. Maths,183b3f5e-8a32-4972-ac8b-cf77dfe6a6c5,2026-09-07 02:00:06.879652+00,2026-09-07 02:00:06.879652+00,2027,,M.Sc. Maths
darwin.abbott@hindustanuniv.ac.in,"$argon2id$v=19$m=19456,t=2,p=1$eArnrLW1/rRzVwcR87bxEw$2A/rMWXO2MalZdh5hd4gbWYexoYip6qPZDyC0jg96MM",Darwin Abbott,faculty,,t,B.E. CSE,04e1d892-e0b5-4b42-aa60-f913808a5b97,2026-09-07 02:00:06.879652+00,2026-09-07 02:00:06.879652+00,,,B.E. CSE
daryl.abernathy@hindustanuniv.ac.in,"$argon2id$v=19$m=19456,t=2,p=1$eArnrLW1/rRzVwcR87bxEw$2A/rMWXO2MalZdh5hd4gbWYexoYip6qPZDyC0jg96MM",Daryl Abernathy,faculty,,t,M.Tech. DS,04e1d892-e0b5-4b42-aa60-f913808a5b97,2026-09-07 02:00:06.879652+00,2026-09-07 02:00:06.879652+00,,,M.Tech. DS
dash.abrahams@hindustanuniv.ac.in,"$argon2id$v=19$m=19456,t=2,p=1$eArnrLW1/rRzVwcR87bxEw$2A/rMWXO2MalZdh5hd4gbWYexoYip6qPZDyC0jg96MM",Dash Abrahams,faculty,,t,BBA,04e1d892-e0b5-4b42-aa60-f913808a5b97,2026-09-07 02:00:06.879652+00,2026-09-07 02:00:06.879652+00,,,BBA
dathan.ackerman@hindustanuniv.ac.in,"$argon2id$v=19$m=19456,t=2,p=1$eArnrLW1/rRzVwcR87bxEw$2A/rMWXO2MalZdh5hd4gbWYexoYip6qPZDyC0jg96MM",Dathan Ackerman,student,,t,B.Sc. Biochem,04e1d892-e0b5-4b42-aa60-f913808a5b97,2026-09-07 02:00:06.879652+00,2026-09-07 02:00:06.879652+00,2026,,B.Sc. Biochem
dave.adams@hindustanuniv.ac.in,"$argon2id$v=19$m=19456,t=2,p=1$eArnrLW1/rRzVwcR87bxEw$2A/rMWXO2MalZdh5hd4gbWYexoYip6qPZDyC0jg96MM",Dave Adams,student,,t,B.Sc. Biochem,04e1d892-e0b5-4b42-aa60-f913808a5b97,2026-09-07 02:00:06.879652+00,2026-09-07 02:00:06.879652+00,2026,,B.Sc. Biochem
davida.aguilar@hindustanuniv.ac.in,"$argon2id$v=19$m=19456,t=2,p=1$eArnrLW1/rRzVwcR87bxEw$2A/rMWXO2MalZdh5hd4gbWYexoYip6qPZDyC0jg96MM",Davida Aguilar,student,,t,B.Sc. Biochem,04e1d892-e0b5-4b42-aa60-f913808a5b97,2026-09-07 02:00:06.879652+00,2026-09-07 02:00:06.879652+00,2026,,B.Sc. Biochem
david.adkins@hindustanuniv.ac.in,"$argon2id$v=19$m=19456,t=2,p=1$eArnrLW1/rRzVwcR87bxEw$2A/rMWXO2MalZdh5hd4gbWYexoYip6qPZDyC0jg96MM",David Adkins,student,,t,B.Sc. Biochem,04e1d892-e0b5-4b42-aa60-f913808a5b97,2026-09-07 02:00:06.879652+00,2026-09-07 02:00:06.879652+00,2026,,B.Sc. Biochem
davin.albright@hindustanuniv.ac.in,"$argon2id$v=19$m=19456,t=2,p=1$eArnrLW1/rRzVwcR87bxEw$2A/rMWXO2MalZdh5hd4gbWYexoYip6qPZDyC0jg96MM",Davin Albright,student,,t,B.Sc. Biochem,04e1d892-e0b5-4b42-aa60-f913808a5b97,2026-09-07 02:00:06.879652+00,2026-09-07 02:00:06.879652+00,2026,,B.Sc. Biochem
davion.aldridge@hindustanuniv.ac.in,"$argon2id$v=19$m=19456,t=2,p=1$eArnrLW1/rRzVwcR87bxEw$2A/rMWXO2MalZdh5hd4gbWYexoYip6qPZDyC0jg96MM",Davion Aldridge,student,,t,B.Sc. Biochem,04e1d892-e0b5-4b42-aa60-f913808a5b97,2026-09-07 02:00:06.879652+00,2026-09-07 02:00:06.879652+00,2026,,B.Sc. Biochem
davis.alexander@hindustanuniv.ac.in,"$argon2id$v=19$m=19456,t=2,p=1$eArnrLW1/rRzVwcR87bxEw$2A/rMWXO2MalZdh5hd4gbWYexoYip6qPZDyC0jg96MM",Davis Alexander,student,,t,B.Sc. Biochem,04e1d892-e0b5-4b42-aa60-f913808a5b97,2026-09-07 02:00:06.879652+00,2026-09-07 02:00:06.879652+00,2026,,B.Sc. Biochem
dawn.alford@hindustanuniv.ac.in,"$argon2id$v=19$m=19456,t=2,p=1$eArnrLW1/rRzVwcR87bxEw$2A/rMWXO2MalZdh5hd4gbWYexoYip6qPZDyC0jg96MM",Dawn Alford,student,,t,B.Sc. Biochem,04e1d892-e0b5-4b42-aa60-f913808a5b97,2026-09-07 02:00:06.879652+00,2026-09-07 02:00:06.879652+00,2026,,B.Sc. Biochem
dawson.allbritton@hindustanuniv.ac.in,"$argon2id$v=19$m=19456,t=2,p=1$eArnrLW1/rRzVwcR87bxEw$2A/rMWXO2MalZdh5hd4gbWYexoYip6qPZDyC0jg96MM",Dawson Allbritton,student,,t,B.Sc. Biochem,04e1d892-e0b5-4b42-aa60-f913808a5b97,2026-09-07 02:00:06.879652+00,2026-09-07 02:00:06.879652+00,2026,,B.Sc. Biochem
dax.allen@hindustanuniv.ac.in,"$argon2id$v=19$m=19456,t=2,p=1$eArnrLW1/rRzVwcR87bxEw$2A/rMWXO2MalZdh5hd4gbWYexoYip6qPZDyC0jg96MM",Dax Allen,student,,t,B.Sc. Biochem,04e1d892-e0b5-4b42-aa60-f913808a5b97,2026-09-07 02:00:06.879652+00,2026-09-07 02:00:06.879652+00,2026,,B.Sc. Biochem
dayton.allison@hindustanuniv.ac.in,"$argon2id$v=19$m=19456,t=2,p=1$eArnrLW1/rRzVwcR87bxEw$2A/rMWXO2MalZdh5hd4gbWYexoYip6qPZDyC0jg96MM",Dayton Allison,student,,t,B.Sc. Biochem,04e1d892-e0b5-4b42-aa60-f913808a5b97,2026-09-07 02:00:06.879652+00,2026-09-07 02:00:06.879652+00,2027,,B.Sc. Biochem
deacon.allred@hindustanuniv.ac.in,"$argon2id$v=19$m=19456,t=2,p=1$eArnrLW1/rRzVwcR87bxEw$2A/rMWXO2MalZdh5hd4gbWYexoYip6qPZDyC0jg96MM",Deacon Allred,student,,t,B.Sc. Biochem,04e1d892-e0b5-4b42-aa60-f913808a5b97,2026-09-07 02:00:06.879652+00,2026-09-07 02:00:06.879652+00,2027,,B.Sc. Biochem
dean.alvarado@hindustanuniv.ac.in,"$argon2id$v=19$m=19456,t=2,p=1$eArnrLW1/rRzVwcR87bxEw$2A/rMWXO2MalZdh5hd4gbWYexoYip6qPZDyC0jg96MM",Dean Alvarado,student,,t,B.Sc. Biochem,04e1d892-e0b5-4b42-aa60-f913808a5b97,2026-09-07 02:00:06.879652+00,2026-09-07 02:00:06.879652+00,2027,,B.Sc. Biochem
deanna.alvarez@hindustanuniv.ac.in,"$argon2id$v=19$m=19456,t=2,p=1$eArnrLW1/rRzVwcR87bxEw$2A/rMWXO2MalZdh5hd4gbWYexoYip6qPZDyC0jg96MM",Deanna Alvarez,student,,t,B.Sc. Biochem,04e1d892-e0b5-4b42-aa60-f913808a5b97,2026-09-07 02:00:06.879652+00,2026-09-07 02:00:06.879652+00,2027,,B.Sc. Biochem
debashis.behl@dgvaishnav.edu.in,"$argon2id$v=19$m=19456,t=2,p=1$eArnrLW1/rRzVwcR87bxEw$2A/rMWXO2MalZdh5hd4gbWYexoYip6qPZDyC0jg96MM",Debashis Behl,student,,t,M.Sc. Maths,183b3f5e-8a32-4972-ac8b-cf77dfe6a6c5,2026-09-07 02:00:06.879652+00,2026-09-07 02:00:06.879652+00,2028,,M.Sc. Maths
debbie.alvord@hindustanuniv.ac.in,"$argon2id$v=19$m=19456,t=2,p=1$eArnrLW1/rRzVwcR87bxEw$2A/rMWXO2MalZdh5hd4gbWYexoYip6qPZDyC0jg96MM",Debbie Alvord,student,,t,B.Sc. Biochem,04e1d892-e0b5-4b42-aa60-f913808a5b97,2026-09-07 02:00:06.879652+00,2026-09-07 02:00:06.879652+00,2027,,B.Sc. Biochem
deborah.amaya@hindustanuniv.ac.in,"$argon2id$v=19$m=19456,t=2,p=1$eArnrLW1/rRzVwcR87bxEw$2A/rMWXO2MalZdh5hd4gbWYexoYip6qPZDyC0jg96MM",Deborah Amaya,student,,t,B.Sc. Biochem,04e1d892-e0b5-4b42-aa60-f913808a5b97,2026-09-07 02:00:06.879652+00,2026-09-07 02:00:06.879652+00,2027,,B.Sc. Biochem
debra.ambrose@hindustanuniv.ac.in,"$argon2id$v=19$m=19456,t=2,p=1$eArnrLW1/rRzVwcR87bxEw$2A/rMWXO2MalZdh5hd4gbWYexoYip6qPZDyC0jg96MM",Debra Ambrose,student,,t,B.Sc. Biochem,04e1d892-e0b5-4b42-aa60-f913808a5b97,2026-09-07 02:00:06.879652+00,2026-09-07 02:00:06.879652+00,2027,,B.Sc. Biochem
declan.ames@hindustanuniv.ac.in,"$argon2id$v=19$m=19456,t=2,p=1$eArnrLW1/rRzVwcR87bxEw$2A/rMWXO2MalZdh5hd4gbWYexoYip6qPZDyC0jg96MM",Declan Ames,student,,t,B.Sc. Biochem,04e1d892-e0b5-4b42-aa60-f913808a5b97,2026-09-07 02:00:06.879652+00,2026-09-07 02:00:06.879652+00,2027,,B.Sc. Biochem
deedee.amundson@hindustanuniv.ac.in,"$argon2id$v=19$m=19456,t=2,p=1$eArnrLW1/rRzVwcR87bxEw$2A/rMWXO2MalZdh5hd4gbWYexoYip6qPZDyC0jg96MM",Deedee Amundson,student,,t,B.Sc. Biochem,04e1d892-e0b5-4b42-aa60-f913808a5b97,2026-09-07 02:00:06.879652+00,2026-09-07 02:00:06.879652+00,2027,,B.Sc. Biochem
deena.andersen@hindustanuniv.ac.in,"$argon2id$v=19$m=19456,t=2,p=1$eArnrLW1/rRzVwcR87bxEw$2A/rMWXO2MalZdh5hd4gbWYexoYip6qPZDyC0jg96MM",Deena Andersen,student,,t,B.Sc. Biochem,04e1d892-e0b5-4b42-aa60-f913808a5b97,2026-09-07 02:00:06.879652+00,2026-09-07 02:00:06.879652+00,2027,,B.Sc. Biochem
deepa.bedi@dgvaishnav.edu.in,"$argon2id$v=19$m=19456,t=2,p=1$eArnrLW1/rRzVwcR87bxEw$2A/rMWXO2MalZdh5hd4gbWYexoYip6qPZDyC0jg96MM",Deepa Bedi,student,,t,M.Sc. Maths,183b3f5e-8a32-4972-ac8b-cf77dfe6a6c5,2026-09-07 02:00:06.879652+00,2026-09-07 02:00:06.879652+00,2028,,M.Sc. Maths
deepak.belavadi@dgvaishnav.edu.in,"$argon2id$v=19$m=19456,t=2,p=1$eArnrLW1/rRzVwcR87bxEw$2A/rMWXO2MalZdh5hd4gbWYexoYip6qPZDyC0jg96MM",Deepak Belavadi,student,,t,M.Sc. Maths,183b3f5e-8a32-4972-ac8b-cf77dfe6a6c5,2026-09-07 02:00:06.879652+00,2026-09-07 02:00:06.879652+00,2028,,M.Sc. Maths
deepika.behera@dgvaishnav.edu.in,"$argon2id$v=19$m=19456,t=2,p=1$eArnrLW1/rRzVwcR87bxEw$2A/rMWXO2MalZdh5hd4gbWYexoYip6qPZDyC0jg96MM",Deepika Behera,student,,t,M.Sc. Maths,183b3f5e-8a32-4972-ac8b-cf77dfe6a6c5,2026-09-07 02:00:06.879652+00,2026-09-07 02:00:06.879652+00,2028,,M.Sc. Maths
deepti.bendre@dgvaishnav.edu.in,"$argon2id$v=19$m=19456,t=2,p=1$eArnrLW1/rRzVwcR87bxEw$2A/rMWXO2MalZdh5hd4gbWYexoYip6qPZDyC0jg96MM",Deepti Bendre,student,,t,M.Sc. Maths,183b3f5e-8a32-4972-ac8b-cf77dfe6a6c5,2026-09-07 02:00:06.879652+00,2026-09-07 02:00:06.879652+00,2028,,M.Sc. Maths
deidre.anderson@hindustanuniv.ac.in,"$argon2id$v=19$m=19456,t=2,p=1$eArnrLW1/rRzVwcR87bxEw$2A/rMWXO2MalZdh5hd4gbWYexoYip6qPZDyC0jg96MM",Deidre Anderson,student,,t,B.Sc. Biochem,04e1d892-e0b5-4b42-aa60-f913808a5b97,2026-09-07 02:00:06.879652+00,2026-09-07 02:00:06.879652+00,2028,,B.Sc. Biochem
deirdre.andrews@hindustanuniv.ac.in,"$argon2id$v=19$m=19456,t=2,p=1$eArnrLW1/rRzVwcR87bxEw$2A/rMWXO2MalZdh5hd4gbWYexoYip6qPZDyC0jg96MM",Deirdre Andrews,student,,t,B.Sc. Biochem,04e1d892-e0b5-4b42-aa60-f913808a5b97,2026-09-07 02:00:06.879652+00,2026-09-07 02:00:06.879652+00,2028,,B.Sc. Biochem
delaney.archer@hindustanuniv.ac.in,"$argon2id$v=19$m=19456,t=2,p=1$eArnrLW1/rRzVwcR87bxEw$2A/rMWXO2MalZdh5hd4gbWYexoYip6qPZDyC0jg96MM",Delaney Archer,student,,t,B.Sc. Biochem,04e1d892-e0b5-4b42-aa60-f913808a5b97,2026-09-07 02:00:06.879652+00,2026-09-07 02:00:06.879652+00,2028,,B.Sc. Biochem
del.appleton@hindustanuniv.ac.in,"$argon2id$v=19$m=19456,t=2,p=1$eArnrLW1/rRzVwcR87bxEw$2A/rMWXO2MalZdh5hd4gbWYexoYip6qPZDyC0jg96MM",Del Appleton,student,,t,B.Sc. Biochem,04e1d892-e0b5-4b42-aa60-f913808a5b97,2026-09-07 02:00:06.879652+00,2026-09-07 02:00:06.879652+00,2028,,B.Sc. Biochem
delbert.archibald@hindustanuniv.ac.in,"$argon2id$v=19$m=19456,t=2,p=1$eArnrLW1/rRzVwcR87bxEw$2A/rMWXO2MalZdh5hd4gbWYexoYip6qPZDyC0jg96MM",Delbert Archibald,student,,t,B.Sc. Biochem,04e1d892-e0b5-4b42-aa60-f913808a5b97,2026-09-07 02:00:06.879652+00,2026-09-07 02:00:06.879652+00,2028,,B.Sc. Biochem
delia.armstrong@hindustanuniv.ac.in,"$argon2id$v=19$m=19456,t=2,p=1$eArnrLW1/rRzVwcR87bxEw$2A/rMWXO2MalZdh5hd4gbWYexoYip6qPZDyC0jg96MM",Delia Armstrong,student,,t,B.Sc. Biochem,04e1d892-e0b5-4b42-aa60-f913808a5b97,2026-09-07 02:00:06.879652+00,2026-09-07 02:00:06.879652+00,2028,,B.Sc. Biochem
delilah.arndt@hindustanuniv.ac.in,"$argon2id$v=19$m=19456,t=2,p=1$eArnrLW1/rRzVwcR87bxEw$2A/rMWXO2MalZdh5hd4gbWYexoYip6qPZDyC0jg96MM",Delilah Arndt,student,,t,B.Sc. Biochem,04e1d892-e0b5-4b42-aa60-f913808a5b97,2026-09-07 02:00:06.879652+00,2026-09-07 02:00:06.879652+00,2028,,B.Sc. Biochem
della.arnold@hindustanuniv.ac.in,"$argon2id$v=19$m=19456,t=2,p=1$eArnrLW1/rRzVwcR87bxEw$2A/rMWXO2MalZdh5hd4gbWYexoYip6qPZDyC0jg96MM",Della Arnold,student,,t,B.Sc. Biochem,04e1d892-e0b5-4b42-aa60-f913808a5b97,2026-09-07 02:00:06.879652+00,2026-09-07 02:00:06.879652+00,2028,,B.Sc. Biochem
delores.arrington@hindustanuniv.ac.in,"$argon2id$v=19$m=19456,t=2,p=1$eArnrLW1/rRzVwcR87bxEw$2A/rMWXO2MalZdh5hd4gbWYexoYip6qPZDyC0jg96MM",Delores Arrington,student,,t,B.Sc. Biochem,04e1d892-e0b5-4b42-aa60-f913808a5b97,2026-09-07 02:00:06.879652+00,2026-09-07 02:00:06.879652+00,2028,,B.Sc. Biochem
delphine.arthur@hindustanuniv.ac.in,"$argon2id$v=19$m=19456,t=2,p=1$eArnrLW1/rRzVwcR87bxEw$2A/rMWXO2MalZdh5hd4gbWYexoYip6qPZDyC0jg96MM",Delphine Arthur,student,,t,B.Sc. Biochem,04e1d892-e0b5-4b42-aa60-f913808a5b97,2026-09-07 02:00:06.879652+00,2026-09-07 02:00:06.879652+00,2028,,B.Sc. Biochem
demarcus.asbury@hindustanuniv.ac.in,"$argon2id$v=19$m=19456,t=2,p=1$eArnrLW1/rRzVwcR87bxEw$2A/rMWXO2MalZdh5hd4gbWYexoYip6qPZDyC0jg96MM",Demarcus Asbury,student,,t,M.Sc. Maths,04e1d892-e0b5-4b42-aa60-f913808a5b97,2026-09-07 02:00:06.879652+00,2026-09-07 02:00:06.879652+00,2026,,M.Sc. Maths
demetrius.ashby@hindustanuniv.ac.in,"$argon2id$v=19$m=19456,t=2,p=1$eArnrLW1/rRzVwcR87bxEw$2A/rMWXO2MalZdh5hd4gbWYexoYip6qPZDyC0jg96MM",Demetrius Ashby,student,,t,M.Sc. Maths,04e1d892-e0b5-4b42-aa60-f913808a5b97,2026-09-07 02:00:06.879652+00,2026-09-07 02:00:06.879652+00,2026,,M.Sc. Maths
dena.ashcraft@hindustanuniv.ac.in,"$argon2id$v=19$m=19456,t=2,p=1$eArnrLW1/rRzVwcR87bxEw$2A/rMWXO2MalZdh5hd4gbWYexoYip6qPZDyC0jg96MM",Dena Ashcraft,student,,t,M.Sc. Maths,04e1d892-e0b5-4b42-aa60-f913808a5b97,2026-09-07 02:00:06.879652+00,2026-09-07 02:00:06.879652+00,2026,,M.Sc. Maths
denis.ashford@hindustanuniv.ac.in,"$argon2id$v=19$m=19456,t=2,p=1$eArnrLW1/rRzVwcR87bxEw$2A/rMWXO2MalZdh5hd4gbWYexoYip6qPZDyC0jg96MM",Denis Ashford,student,,t,M.Sc. Maths,04e1d892-e0b5-4b42-aa60-f913808a5b97,2026-09-07 02:00:06.879652+00,2026-09-07 02:00:06.879652+00,2026,,M.Sc. Maths
denise.ashley@hindustanuniv.ac.in,"$argon2id$v=19$m=19456,t=2,p=1$eArnrLW1/rRzVwcR87bxEw$2A/rMWXO2MalZdh5hd4gbWYexoYip6qPZDyC0jg96MM",Denise Ashley,student,,t,M.Sc. Maths,04e1d892-e0b5-4b42-aa60-f913808a5b97,2026-09-07 02:00:06.879652+00,2026-09-07 02:00:06.879652+00,2026,,M.Sc. Maths
dennis.aston@hindustanuniv.ac.in,"$argon2id$v=19$m=19456,t=2,p=1$eArnrLW1/rRzVwcR87bxEw$2A/rMWXO2MalZdh5hd4gbWYexoYip6qPZDyC0jg96MM",Dennis Aston,student,,t,M.Sc. Maths,04e1d892-e0b5-4b42-aa60-f913808a5b97,2026-09-07 02:00:06.879652+00,2026-09-07 02:00:06.879652+00,2026,,M.Sc. Maths
denver.atchison@hindustanuniv.ac.in,"$argon2id$v=19$m=19456,t=2,p=1$eArnrLW1/rRzVwcR87bxEw$2A/rMWXO2MalZdh5hd4gbWYexoYip6qPZDyC0jg96MM",Denver Atchison,student,,t,M.Sc. Maths,04e1d892-e0b5-4b42-aa60-f913808a5b97,2026-09-07 02:00:06.879652+00,2026-09-07 02:00:06.879652+00,2026,,M.Sc. Maths
deon.atherton@hindustanuniv.ac.in,"$argon2id$v=19$m=19456,t=2,p=1$eArnrLW1/rRzVwcR87bxEw$2A/rMWXO2MalZdh5hd4gbWYexoYip6qPZDyC0jg96MM",Deon Atherton,student,,t,M.Sc. Maths,04e1d892-e0b5-4b42-aa60-f913808a5b97,2026-09-07 02:00:06.879652+00,2026-09-07 02:00:06.879652+00,2026,,M.Sc. Maths
derek.atkins@hindustanuniv.ac.in,"$argon2id$v=19$m=19456,t=2,p=1$eArnrLW1/rRzVwcR87bxEw$2A/rMWXO2MalZdh5hd4gbWYexoYip6qPZDyC0jg96MM",Derek Atkins,student,,t,M.Sc. Maths,04e1d892-e0b5-4b42-aa60-f913808a5b97,2026-09-07 02:00:06.879652+00,2026-09-07 02:00:06.879652+00,2026,,M.Sc. Maths
derrick.atkinson@hindustanuniv.ac.in,"$argon2id$v=19$m=19456,t=2,p=1$eArnrLW1/rRzVwcR87bxEw$2A/rMWXO2MalZdh5hd4gbWYexoYip6qPZDyC0jg96MM",Derrick Atkinson,student,,t,M.Sc. Maths,04e1d892-e0b5-4b42-aa60-f913808a5b97,2026-09-07 02:00:06.879652+00,2026-09-07 02:00:06.879652+00,2026,,M.Sc. Maths
deshawn.atwater@hindustanuniv.ac.in,"$argon2id$v=19$m=19456,t=2,p=1$eArnrLW1/rRzVwcR87bxEw$2A/rMWXO2MalZdh5hd4gbWYexoYip6qPZDyC0jg96MM",Deshawn Atwater,student,,t,M.Sc. Maths,04e1d892-e0b5-4b42-aa60-f913808a5b97,2026-09-07 02:00:06.879652+00,2026-09-07 02:00:06.879652+00,2027,,M.Sc. Maths
desirae.atwood@hindustanuniv.ac.in,"$argon2id$v=19$m=19456,t=2,p=1$eArnrLW1/rRzVwcR87bxEw$2A/rMWXO2MalZdh5hd4gbWYexoYip6qPZDyC0jg96MM",Desirae Atwood,student,,t,M.Sc. Maths,04e1d892-e0b5-4b42-aa60-f913808a5b97,2026-09-07 02:00:06.879652+00,2026-09-07 02:00:06.879652+00,2027,,M.Sc. Maths
desiree.auerbach@hindustanuniv.ac.in,"$argon2id$v=19$m=19456,t=2,p=1$eArnrLW1/rRzVwcR87bxEw$2A/rMWXO2MalZdh5hd4gbWYexoYip6qPZDyC0jg96MM",Desiree Auerbach,student,,t,M.Sc. Maths,04e1d892-e0b5-4b42-aa60-f913808a5b97,2026-09-07 02:00:06.879652+00,2026-09-07 02:00:06.879652+00,2027,,M.Sc. Maths
desmond.austin@hindustanuniv.ac.in,"$argon2id$v=19$m=19456,t=2,p=1$eArnrLW1/rRzVwcR87bxEw$2A/rMWXO2MalZdh5hd4gbWYexoYip6qPZDyC0jg96MM",Desmond Austin,student,,t,M.Sc. Maths,04e1d892-e0b5-4b42-aa60-f913808a5b97,2026-09-07 02:00:06.879652+00,2026-09-07 02:00:06.879652+00,2027,,M.Sc. Maths
destiny.autry@hindustanuniv.ac.in,"$argon2id$v=19$m=19456,t=2,p=1$eArnrLW1/rRzVwcR87bxEw$2A/rMWXO2MalZdh5hd4gbWYexoYip6qPZDyC0jg96MM",Destiny Autry,student,,t,M.Sc. Maths,04e1d892-e0b5-4b42-aa60-f913808a5b97,2026-09-07 02:00:06.879652+00,2026-09-07 02:00:06.879652+00,2027,,M.Sc. Maths
devangi.bhaduri@dgvaishnav.edu.in,"$argon2id$v=19$m=19456,t=2,p=1$eArnrLW1/rRzVwcR87bxEw$2A/rMWXO2MalZdh5hd4gbWYexoYip6qPZDyC0jg96MM",Devangi Bhaduri,student,,t,M.Sc. Maths,183b3f5e-8a32-4972-ac8b-cf77dfe6a6c5,2026-09-07 02:00:06.879652+00,2026-09-07 02:00:06.879652+00,2028,,M.Sc. Maths
dev.benegal@dgvaishnav.edu.in,"$argon2id$v=19$m=19456,t=2,p=1$eArnrLW1/rRzVwcR87bxEw$2A/rMWXO2MalZdh5hd4gbWYexoYip6qPZDyC0jg96MM",Dev Benegal,student,,t,M.Sc. Maths,183b3f5e-8a32-4972-ac8b-cf77dfe6a6c5,2026-09-07 02:00:06.879652+00,2026-09-07 02:00:06.879652+00,2028,,M.Sc. Maths
devendra.bhagat@dgvaishnav.edu.in,"$argon2id$v=19$m=19456,t=2,p=1$eArnrLW1/rRzVwcR87bxEw$2A/rMWXO2MalZdh5hd4gbWYexoYip6qPZDyC0jg96MM",Devendra Bhagat,student,,t,M.Sc. Maths,183b3f5e-8a32-4972-ac8b-cf77dfe6a6c5,2026-09-07 02:00:06.879652+00,2026-09-07 02:00:06.879652+00,2028,,M.Sc. Maths
devina.bhagwat@dgvaishnav.edu.in,"$argon2id$v=19$m=19456,t=2,p=1$eArnrLW1/rRzVwcR87bxEw$2A/rMWXO2MalZdh5hd4gbWYexoYip6qPZDyC0jg96MM",Devina Bhagwat,student,,t,M.Sc. Maths,183b3f5e-8a32-4972-ac8b-cf77dfe6a6c5,2026-09-07 02:00:06.879652+00,2026-09-07 02:00:06.879652+00,2028,,M.Sc. Maths
devin.avery@hindustanuniv.ac.in,"$argon2id$v=19$m=19456,t=2,p=1$eArnrLW1/rRzVwcR87bxEw$2A/rMWXO2MalZdh5hd4gbWYexoYip6qPZDyC0jg96MM",Devin Avery,student,,t,M.Sc. Maths,04e1d892-e0b5-4b42-aa60-f913808a5b97,2026-09-07 02:00:06.879652+00,2026-09-07 02:00:06.879652+00,2027,,M.Sc. Maths
devon.avila@hindustanuniv.ac.in,"$argon2id$v=19$m=19456,t=2,p=1$eArnrLW1/rRzVwcR87bxEw$2A/rMWXO2MalZdh5hd4gbWYexoYip6qPZDyC0jg96MM",Devon Avila,student,,t,M.Sc. Maths,04e1d892-e0b5-4b42-aa60-f913808a5b97,2026-09-07 02:00:06.879652+00,2026-09-07 02:00:06.879652+00,2027,,M.Sc. Maths
devontae.ayala@hindustanuniv.ac.in,"$argon2id$v=19$m=19456,t=2,p=1$eArnrLW1/rRzVwcR87bxEw$2A/rMWXO2MalZdh5hd4gbWYexoYip6qPZDyC0jg96MM",Devontae Ayala,student,,t,M.Sc. Maths,04e1d892-e0b5-4b42-aa60-f913808a5b97,2026-09-07 02:00:06.879652+00,2026-09-07 02:00:06.879652+00,2027,,M.Sc. Maths
dewayne.ayers@hindustanuniv.ac.in,"$argon2id$v=19$m=19456,t=2,p=1$eArnrLW1/rRzVwcR87bxEw$2A/rMWXO2MalZdh5hd4gbWYexoYip6qPZDyC0jg96MM",Dewayne Ayers,student,,t,M.Sc. Maths,04e1d892-e0b5-4b42-aa60-f913808a5b97,2026-09-07 02:00:06.879652+00,2026-09-07 02:00:06.879652+00,2027,,M.Sc. Maths
dexter.aylward@hindustanuniv.ac.in,"$argon2id$v=19$m=19456,t=2,p=1$eArnrLW1/rRzVwcR87bxEw$2A/rMWXO2MalZdh5hd4gbWYexoYip6qPZDyC0jg96MM",Dexter Aylward,student,,t,M.Sc. Maths,04e1d892-e0b5-4b42-aa60-f913808a5b97,2026-09-07 02:00:06.879652+00,2026-09-07 02:00:06.879652+00,2027,,M.Sc. Maths
dhanush.bhalerao@dgvaishnav.edu.in,"$argon2id$v=19$m=19456,t=2,p=1$eArnrLW1/rRzVwcR87bxEw$2A/rMWXO2MalZdh5hd4gbWYexoYip6qPZDyC0jg96MM",Dhanush Bhalerao,student,,t,M.Sc. Maths,183b3f5e-8a32-4972-ac8b-cf77dfe6a6c5,2026-09-07 02:00:06.879652+00,2026-09-07 02:00:06.879652+00,2028,,M.Sc. Maths
dhriti.bhalla@dgvaishnav.edu.in,"$argon2id$v=19$m=19456,t=2,p=1$eArnrLW1/rRzVwcR87bxEw$2A/rMWXO2MalZdh5hd4gbWYexoYip6qPZDyC0jg96MM",Dhriti Bhalla,student,,t,B.E. CSE,183b3f5e-8a32-4972-ac8b-cf77dfe6a6c5,2026-09-07 02:00:06.879652+00,2026-09-07 02:00:06.879652+00,2026,,B.E. CSE
dhruv.bhandari@dgvaishnav.edu.in,"$argon2id$v=19$m=19456,t=2,p=1$eArnrLW1/rRzVwcR87bxEw$2A/rMWXO2MalZdh5hd4gbWYexoYip6qPZDyC0jg96MM",Dhruv Bhandari,student,,t,B.E. CSE,183b3f5e-8a32-4972-ac8b-cf77dfe6a6c5,2026-09-07 02:00:06.879652+00,2026-09-07 02:00:06.879652+00,2026,,B.E. CSE
diamond.babbitt@hindustanuniv.ac.in,"$argon2id$v=19$m=19456,t=2,p=1$eArnrLW1/rRzVwcR87bxEw$2A/rMWXO2MalZdh5hd4gbWYexoYip6qPZDyC0jg96MM",Diamond Babbitt,student,,t,M.Sc. Maths,04e1d892-e0b5-4b42-aa60-f913808a5b97,2026-09-07 02:00:06.879652+00,2026-09-07 02:00:06.879652+00,2028,,M.Sc. Maths
diana.babcock@hindustanuniv.ac.in,"$argon2id$v=19$m=19456,t=2,p=1$eArnrLW1/rRzVwcR87bxEw$2A/rMWXO2MalZdh5hd4gbWYexoYip6qPZDyC0jg96MM",Diana Babcock,student,,t,M.Sc. Maths,04e1d892-e0b5-4b42-aa60-f913808a5b97,2026-09-07 02:00:06.879652+00,2026-09-07 02:00:06.879652+00,2028,,M.Sc. Maths
diane.bachman@hindustanuniv.ac.in,"$argon2id$v=19$m=19456,t=2,p=1$eArnrLW1/rRzVwcR87bxEw$2A/rMWXO2MalZdh5hd4gbWYexoYip6qPZDyC0jg96MM",Diane Bachman,student,,t,M.Sc. Maths,04e1d892-e0b5-4b42-aa60-f913808a5b97,2026-09-07 02:00:06.879652+00,2026-09-07 02:00:06.879652+00,2028,,M.Sc. Maths
dianna.bachmann@hindustanuniv.ac.in,"$argon2id$v=19$m=19456,t=2,p=1$eArnrLW1/rRzVwcR87bxEw$2A/rMWXO2MalZdh5hd4gbWYexoYip6qPZDyC0jg96MM",Dianna Bachmann,student,,t,M.Sc. Maths,04e1d892-e0b5-4b42-aa60-f913808a5b97,2026-09-07 02:00:06.879652+00,2026-09-07 02:00:06.879652+00,2028,,M.Sc. Maths
dianne.bacon@hindustanuniv.ac.in,"$argon2id$v=19$m=19456,t=2,p=1$eArnrLW1/rRzVwcR87bxEw$2A/rMWXO2MalZdh5hd4gbWYexoYip6qPZDyC0jg96MM",Dianne Bacon,student,,t,M.Sc. Maths,04e1d892-e0b5-4b42-aa60-f913808a5b97,2026-09-07 02:00:06.879652+00,2026-09-07 02:00:06.879652+00,2028,,M.Sc. Maths
diego.badgley@hindustanuniv.ac.in,"$argon2id$v=19$m=19456,t=2,p=1$eArnrLW1/rRzVwcR87bxEw$2A/rMWXO2MalZdh5hd4gbWYexoYip6qPZDyC0jg96MM",Diego Badgley,student,,t,M.Sc. Maths,04e1d892-e0b5-4b42-aa60-f913808a5b97,2026-09-07 02:00:06.879652+00,2026-09-07 02:00:06.879652+00,2028,,M.Sc. Maths
dilip.bharadwaj@dgvaishnav.edu.in,"$argon2id$v=19$m=19456,t=2,p=1$eArnrLW1/rRzVwcR87bxEw$2A/rMWXO2MalZdh5hd4gbWYexoYip6qPZDyC0jg96MM",Dilip Bharadwaj,student,,t,B.E. CSE,183b3f5e-8a32-4972-ac8b-cf77dfe6a6c5,2026-09-07 02:00:06.879652+00,2026-09-07 02:00:06.879652+00,2026,,B.E. CSE
dillon.bagley@hindustanuniv.ac.in,"$argon2id$v=19$m=19456,t=2,p=1$eArnrLW1/rRzVwcR87bxEw$2A/rMWXO2MalZdh5hd4gbWYexoYip6qPZDyC0jg96MM",Dillon Bagley,student,,t,M.Sc. Maths,04e1d892-e0b5-4b42-aa60-f913808a5b97,2026-09-07 02:00:06.879652+00,2026-09-07 02:00:06.879652+00,2028,,M.Sc. Maths
dimitri.bailey@hindustanuniv.ac.in,"$argon2id$v=19$m=19456,t=2,p=1$eArnrLW1/rRzVwcR87bxEw$2A/rMWXO2MalZdh5hd4gbWYexoYip6qPZDyC0jg96MM",Dimitri Bailey,student,,t,M.Sc. Maths,04e1d892-e0b5-4b42-aa60-f913808a5b97,2026-09-07 02:00:06.879652+00,2026-09-07 02:00:06.879652+00,2028,,M.Sc. Maths
dina.bain@hindustanuniv.ac.in,"$argon2id$v=19$m=19456,t=2,p=1$eArnrLW1/rRzVwcR87bxEw$2A/rMWXO2MalZdh5hd4gbWYexoYip6qPZDyC0jg96MM",Dina Bain,student,,t,M.Sc. Maths,04e1d892-e0b5-4b42-aa60-f913808a5b97,2026-09-07 02:00:06.879652+00,2026-09-07 02:00:06.879652+00,2028,,M.Sc. Maths
dinah.baines@hindustanuniv.ac.in,"$argon2id$v=19$m=19456,t=2,p=1$eArnrLW1/rRzVwcR87bxEw$2A/rMWXO2MalZdh5hd4gbWYexoYip6qPZDyC0jg96MM",Dinah Baines,student,,t,M.Sc. Maths,04e1d892-e0b5-4b42-aa60-f913808a5b97,2026-09-07 02:00:06.879652+00,2026-09-07 02:00:06.879652+00,2028,,M.Sc. Maths
dino.baird@hindustanuniv.ac.in,"$argon2id$v=19$m=19456,t=2,p=1$eArnrLW1/rRzVwcR87bxEw$2A/rMWXO2MalZdh5hd4gbWYexoYip6qPZDyC0jg96MM",Dino Baird,student,,t,B.E. CSE,04e1d892-e0b5-4b42-aa60-f913808a5b97,2026-09-07 02:00:06.879652+00,2026-09-07 02:00:06.879652+00,2026,,B.E. CSE
dion.baker@hindustanuniv.ac.in,"$argon2id$v=19$m=19456,t=2,p=1$eArnrLW1/rRzVwcR87bxEw$2A/rMWXO2MalZdh5hd4gbWYexoYip6qPZDyC0jg96MM",Dion Baker,student,,t,B.E. CSE,04e1d892-e0b5-4b42-aa60-f913808a5b97,2026-09-07 02:00:06.879652+00,2026-09-07 02:00:06.879652+00,2026,,B.E. CSE
dirk.baldwin@hindustanuniv.ac.in,"$argon2id$v=19$m=19456,t=2,p=1$eArnrLW1/rRzVwcR87bxEw$2A/rMWXO2MalZdh5hd4gbWYexoYip6qPZDyC0jg96MM",Dirk Baldwin,student,,t,B.E. CSE,04e1d892-e0b5-4b42-aa60-f913808a5b97,2026-09-07 02:00:06.879652+00,2026-09-07 02:00:06.879652+00,2026,,B.E. CSE
disha.bhanot@dgvaishnav.edu.in,"$argon2id$v=19$m=19456,t=2,p=1$eArnrLW1/rRzVwcR87bxEw$2A/rMWXO2MalZdh5hd4gbWYexoYip6qPZDyC0jg96MM",Disha Bhanot,student,,t,B.E. CSE,183b3f5e-8a32-4972-ac8b-cf77dfe6a6c5,2026-09-07 02:00:06.879652+00,2026-09-07 02:00:06.879652+00,2026,,B.E. CSE
divya.bhargava@dgvaishnav.edu.in,"$argon2id$v=19$m=19456,t=2,p=1$eArnrLW1/rRzVwcR87bxEw$2A/rMWXO2MalZdh5hd4gbWYexoYip6qPZDyC0jg96MM",Divya Bhargava,student,,t,B.E. CSE,183b3f5e-8a32-4972-ac8b-cf77dfe6a6c5,2026-09-07 02:00:06.879652+00,2026-09-07 02:00:06.879652+00,2026,,B.E. CSE
divyansh.bhasin@dgvaishnav.edu.in,"$argon2id$v=19$m=19456,t=2,p=1$eArnrLW1/rRzVwcR87bxEw$2A/rMWXO2MalZdh5hd4gbWYexoYip6qPZDyC0jg96MM",Divyansh Bhasin,student,,t,B.E. CSE,183b3f5e-8a32-4972-ac8b-cf77dfe6a6c5,2026-09-07 02:00:06.879652+00,2026-09-07 02:00:06.879652+00,2026,,B.E. CSE
dixie.ball@hindustanuniv.ac.in,"$argon2id$v=19$m=19456,t=2,p=1$eArnrLW1/rRzVwcR87bxEw$2A/rMWXO2MalZdh5hd4gbWYexoYip6qPZDyC0jg96MM",Dixie Ball,student,,t,B.E. CSE,04e1d892-e0b5-4b42-aa60-f913808a5b97,2026-09-07 02:00:06.879652+00,2026-09-07 02:00:06.879652+00,2026,,B.E. CSE
diya.bhatia@dgvaishnav.edu.in,"$argon2id$v=19$m=19456,t=2,p=1$eArnrLW1/rRzVwcR87bxEw$2A/rMWXO2MalZdh5hd4gbWYexoYip6qPZDyC0jg96MM",Diya Bhatia,student,,t,B.E. CSE,183b3f5e-8a32-4972-ac8b-cf77dfe6a6c5,2026-09-07 02:00:06.879652+00,2026-09-07 02:00:06.879652+00,2026,,B.E. CSE
dolan.ballard@hindustanuniv.ac.in,"$argon2id$v=19$m=19456,t=2,p=1$eArnrLW1/rRzVwcR87bxEw$2A/rMWXO2MalZdh5hd4gbWYexoYip6qPZDyC0jg96MM",Dolan Ballard,student,,t,B.E. CSE,04e1d892-e0b5-4b42-aa60-f913808a5b97,2026-09-07 02:00:06.879652+00,2026-09-07 02:00:06.879652+00,2026,,B.E. CSE
dolores.ballenger@hindustanuniv.ac.in,"$argon2id$v=19$m=19456,t=2,p=1$eArnrLW1/rRzVwcR87bxEw$2A/rMWXO2MalZdh5hd4gbWYexoYip6qPZDyC0jg96MM",Dolores Ballenger,student,,t,B.E. CSE,04e1d892-e0b5-4b42-aa60-f913808a5b97,2026-09-07 02:00:06.879652+00,2026-09-07 02:00:06.879652+00,2026,,B.E. CSE
domenic.bancroft@hindustanuniv.ac.in,"$argon2id$v=19$m=19456,t=2,p=1$eArnrLW1/rRzVwcR87bxEw$2A/rMWXO2MalZdh5hd4gbWYexoYip6qPZDyC0jg96MM",Domenic Bancroft,student,,t,B.E. CSE,04e1d892-e0b5-4b42-aa60-f913808a5b97,2026-09-07 02:00:06.879652+00,2026-09-07 02:00:06.879652+00,2026,,B.E. CSE
dominic.banker@hindustanuniv.ac.in,"$argon2id$v=19$m=19456,t=2,p=1$eArnrLW1/rRzVwcR87bxEw$2A/rMWXO2MalZdh5hd4gbWYexoYip6qPZDyC0jg96MM",Dominic Banker,student,,t,B.E. CSE,04e1d892-e0b5-4b42-aa60-f913808a5b97,2026-09-07 02:00:06.879652+00,2026-09-07 02:00:06.879652+00,2026,,B.E. CSE
dominique.banks@hindustanuniv.ac.in,"$argon2id$v=19$m=19456,t=2,p=1$eArnrLW1/rRzVwcR87bxEw$2A/rMWXO2MalZdh5hd4gbWYexoYip6qPZDyC0jg96MM",Dominique Banks,student,,t,B.E. CSE,04e1d892-e0b5-4b42-aa60-f913808a5b97,2026-09-07 02:00:06.879652+00,2026-09-07 02:00:06.879652+00,2026,,B.E. CSE
donald.banning@hindustanuniv.ac.in,"$argon2id$v=19$m=19456,t=2,p=1$eArnrLW1/rRzVwcR87bxEw$2A/rMWXO2MalZdh5hd4gbWYexoYip6qPZDyC0jg96MM",Donald Banning,student,,t,B.E. CSE,04e1d892-e0b5-4b42-aa60-f913808a5b97,2026-09-07 02:00:06.879652+00,2026-09-07 02:00:06.879652+00,2027,,B.E. CSE
don.banner@hindustanuniv.ac.in,"$argon2id$v=19$m=19456,t=2,p=1$eArnrLW1/rRzVwcR87bxEw$2A/rMWXO2MalZdh5hd4gbWYexoYip6qPZDyC0jg96MM",Don Banner,student,,t,B.E. CSE,04e1d892-e0b5-4b42-aa60-f913808a5b97,2026-09-07 02:00:06.879652+00,2026-09-07 02:00:06.879652+00,2026,,B.E. CSE
donna.barber@hindustanuniv.ac.in,"$argon2id$v=19$m=19456,t=2,p=1$eArnrLW1/rRzVwcR87bxEw$2A/rMWXO2MalZdh5hd4gbWYexoYip6qPZDyC0jg96MM",Donna Barber,student,,t,B.E. CSE,04e1d892-e0b5-4b42-aa60-f913808a5b97,2026-09-07 02:00:06.879652+00,2026-09-07 02:00:06.879652+00,2027,,B.E. CSE
donnie.barbosa@hindustanuniv.ac.in,"$argon2id$v=19$m=19456,t=2,p=1$eArnrLW1/rRzVwcR87bxEw$2A/rMWXO2MalZdh5hd4gbWYexoYip6qPZDyC0jg96MM",Donnie Barbosa,student,,t,B.E. CSE,04e1d892-e0b5-4b42-aa60-f913808a5b97,2026-09-07 02:00:06.879652+00,2026-09-07 02:00:06.879652+00,2027,,B.E. CSE
donovan.barclay@hindustanuniv.ac.in,"$argon2id$v=19$m=19456,t=2,p=1$eArnrLW1/rRzVwcR87bxEw$2A/rMWXO2MalZdh5hd4gbWYexoYip6qPZDyC0jg96MM",Donovan Barclay,student,,t,B.E. CSE,04e1d892-e0b5-4b42-aa60-f913808a5b97,2026-09-07 02:00:06.879652+00,2026-09-07 02:00:06.879652+00,2027,,B.E. CSE
dora.bard@hindustanuniv.ac.in,"$argon2id$v=19$m=19456,t=2,p=1$eArnrLW1/rRzVwcR87bxEw$2A/rMWXO2MalZdh5hd4gbWYexoYip6qPZDyC0jg96MM",Dora Bard,student,,t,B.E. CSE,04e1d892-e0b5-4b42-aa60-f913808a5b97,2026-09-07 02:00:06.879652+00,2026-09-07 02:00:06.879652+00,2027,,B.E. CSE
dorian.barden@hindustanuniv.ac.in,"$argon2id$v=19$m=19456,t=2,p=1$eArnrLW1/rRzVwcR87bxEw$2A/rMWXO2MalZdh5hd4gbWYexoYip6qPZDyC0jg96MM",Dorian Barden,student,,t,B.E. CSE,04e1d892-e0b5-4b42-aa60-f913808a5b97,2026-09-07 02:00:06.879652+00,2026-09-07 02:00:06.879652+00,2027,,B.E. CSE
doris.barker@hindustanuniv.ac.in,"$argon2id$v=19$m=19456,t=2,p=1$eArnrLW1/rRzVwcR87bxEw$2A/rMWXO2MalZdh5hd4gbWYexoYip6qPZDyC0jg96MM",Doris Barker,student,,t,B.E. CSE,04e1d892-e0b5-4b42-aa60-f913808a5b97,2026-09-07 02:00:06.879652+00,2026-09-07 02:00:06.879652+00,2027,,B.E. CSE
dorothea.barlow@hindustanuniv.ac.in,"$argon2id$v=19$m=19456,t=2,p=1$eArnrLW1/rRzVwcR87bxEw$2A/rMWXO2MalZdh5hd4gbWYexoYip6qPZDyC0jg96MM",Dorothea Barlow,student,,t,B.E. CSE,04e1d892-e0b5-4b42-aa60-f913808a5b97,2026-09-07 02:00:06.879652+00,2026-09-07 02:00:06.879652+00,2027,,B.E. CSE
dorothy.barkley@hindustanuniv.ac.in,"$argon2id$v=19$m=19456,t=2,p=1$eArnrLW1/rRzVwcR87bxEw$2A/rMWXO2MalZdh5hd4gbWYexoYip6qPZDyC0jg96MM",Dorothy Barkley,student,,t,B.E. CSE,04e1d892-e0b5-4b42-aa60-f913808a5b97,2026-09-07 02:00:06.879652+00,2026-09-07 02:00:06.879652+00,2027,,B.E. CSE
douglas.barnard@hindustanuniv.ac.in,"$argon2id$v=19$m=19456,t=2,p=1$eArnrLW1/rRzVwcR87bxEw$2A/rMWXO2MalZdh5hd4gbWYexoYip6qPZDyC0jg96MM",Douglas Barnard,student,,t,B.E. CSE,04e1d892-e0b5-4b42-aa60-f913808a5b97,2026-09-07 02:00:06.879652+00,2026-09-07 02:00:06.879652+00,2027,,B.E. CSE
doyle.barnes@hindustanuniv.ac.in,"$argon2id$v=19$m=19456,t=2,p=1$eArnrLW1/rRzVwcR87bxEw$2A/rMWXO2MalZdh5hd4gbWYexoYip6qPZDyC0jg96MM",Doyle Barnes,student,,t,B.E. CSE,04e1d892-e0b5-4b42-aa60-f913808a5b97,2026-09-07 02:00:06.879652+00,2026-09-07 02:00:06.879652+00,2028,,B.E. CSE
drake.barnett@hindustanuniv.ac.in,"$argon2id$v=19$m=19456,t=2,p=1$eArnrLW1/rRzVwcR87bxEw$2A/rMWXO2MalZdh5hd4gbWYexoYip6qPZDyC0jg96MM",Drake Barnett,student,,t,B.E. CSE,04e1d892-e0b5-4b42-aa60-f913808a5b97,2026-09-07 02:00:06.879652+00,2026-09-07 02:00:06.879652+00,2028,,B.E. CSE
drew.barney@hindustanuniv.ac.in,"$argon2id$v=19$m=19456,t=2,p=1$eArnrLW1/rRzVwcR87bxEw$2A/rMWXO2MalZdh5hd4gbWYexoYip6qPZDyC0jg96MM",Drew Barney,student,,t,B.E. CSE,04e1d892-e0b5-4b42-aa60-f913808a5b97,2026-09-07 02:00:06.879652+00,2026-09-07 02:00:06.879652+00,2028,,B.E. CSE
duane.barnhart@hindustanuniv.ac.in,"$argon2id$v=19$m=19456,t=2,p=1$eArnrLW1/rRzVwcR87bxEw$2A/rMWXO2MalZdh5hd4gbWYexoYip6qPZDyC0jg96MM",Duane Barnhart,student,,t,B.E. CSE,04e1d892-e0b5-4b42-aa60-f913808a5b97,2026-09-07 02:00:06.879652+00,2026-09-07 02:00:06.879652+00,2028,,B.E. CSE
dudley.barr@hindustanuniv.ac.in,"$argon2id$v=19$m=19456,t=2,p=1$eArnrLW1/rRzVwcR87bxEw$2A/rMWXO2MalZdh5hd4gbWYexoYip6qPZDyC0jg96MM",Dudley Barr,student,,t,B.E. CSE,04e1d892-e0b5-4b42-aa60-f913808a5b97,2026-09-07 02:00:06.879652+00,2026-09-07 02:00:06.879652+00,2028,,B.E. CSE
duke.barratt@hindustanuniv.ac.in,"$argon2id$v=19$m=19456,t=2,p=1$eArnrLW1/rRzVwcR87bxEw$2A/rMWXO2MalZdh5hd4gbWYexoYip6qPZDyC0jg96MM",Duke Barratt,student,,t,B.E. CSE,04e1d892-e0b5-4b42-aa60-f913808a5b97,2026-09-07 02:00:06.879652+00,2026-09-07 02:00:06.879652+00,2028,,B.E. CSE
duncan.barrett@hindustanuniv.ac.in,"$argon2id$v=19$m=19456,t=2,p=1$eArnrLW1/rRzVwcR87bxEw$2A/rMWXO2MalZdh5hd4gbWYexoYip6qPZDyC0jg96MM",Duncan Barrett,student,,t,B.E. CSE,04e1d892-e0b5-4b42-aa60-f913808a5b97,2026-09-07 02:00:06.879652+00,2026-09-07 02:00:06.879652+00,2028,,B.E. CSE
dustin.barrick@hindustanuniv.ac.in,"$argon2id$v=19$m=19456,t=2,p=1$eArnrLW1/rRzVwcR87bxEw$2A/rMWXO2MalZdh5hd4gbWYexoYip6qPZDyC0jg96MM",Dustin Barrick,student,,t,B.E. CSE,04e1d892-e0b5-4b42-aa60-f913808a5b97,2026-09-07 02:00:06.879652+00,2026-09-07 02:00:06.879652+00,2028,,B.E. CSE
dusty.barron@hindustanuniv.ac.in,"$argon2id$v=19$m=19456,t=2,p=1$eArnrLW1/rRzVwcR87bxEw$2A/rMWXO2MalZdh5hd4gbWYexoYip6qPZDyC0jg96MM",Dusty Barron,student,,t,B.E. CSE,04e1d892-e0b5-4b42-aa60-f913808a5b97,2026-09-07 02:00:06.879652+00,2026-09-07 02:00:06.879652+00,2028,,B.E. CSE
dwayne.barrow@hindustanuniv.ac.in,"$argon2id$v=19$m=19456,t=2,p=1$eArnrLW1/rRzVwcR87bxEw$2A/rMWXO2MalZdh5hd4gbWYexoYip6qPZDyC0jg96MM",Dwayne Barrow,student,,t,B.E. CSE,04e1d892-e0b5-4b42-aa60-f913808a5b97,2026-09-07 02:00:06.879652+00,2026-09-07 02:00:06.879652+00,2028,,B.E. CSE
dwight.barry@hindustanuniv.ac.in,"$argon2id$v=19$m=19456,t=2,p=1$eArnrLW1/rRzVwcR87bxEw$2A/rMWXO2MalZdh5hd4gbWYexoYip6qPZDyC0jg96MM",Dwight Barry,student,,t,M.Tech. DS,04e1d892-e0b5-4b42-aa60-f913808a5b97,2026-09-07 02:00:06.879652+00,2026-09-07 02:00:06.879652+00,2026,,M.Tech. DS
dylan.bartholomew@hindustanuniv.ac.in,"$argon2id$v=19$m=19456,t=2,p=1$eArnrLW1/rRzVwcR87bxEw$2A/rMWXO2MalZdh5hd4gbWYexoYip6qPZDyC0jg96MM",Dylan Bartholomew,student,,t,M.Tech. DS,04e1d892-e0b5-4b42-aa60-f913808a5b97,2026-09-07 02:00:06.879652+00,2026-09-07 02:00:06.879652+00,2026,,M.Tech. DS
eamon.bartlett@hindustanuniv.ac.in,"$argon2id$v=19$m=19456,t=2,p=1$eArnrLW1/rRzVwcR87bxEw$2A/rMWXO2MalZdh5hd4gbWYexoYip6qPZDyC0jg96MM",Eamon Bartlett,student,,t,M.Tech. DS,04e1d892-e0b5-4b42-aa60-f913808a5b97,2026-09-07 02:00:06.879652+00,2026-09-07 02:00:06.879652+00,2026,,M.Tech. DS
earl.barton@hindustanuniv.ac.in,"$argon2id$v=19$m=19456,t=2,p=1$eArnrLW1/rRzVwcR87bxEw$2A/rMWXO2MalZdh5hd4gbWYexoYip6qPZDyC0jg96MM",Earl Barton,student,,t,M.Tech. DS,04e1d892-e0b5-4b42-aa60-f913808a5b97,2026-09-07 02:00:06.879652+00,2026-09-07 02:00:06.879652+00,2026,,M.Tech. DS
earle.basham@hindustanuniv.ac.in,"$argon2id$v=19$m=19456,t=2,p=1$eArnrLW1/rRzVwcR87bxEw$2A/rMWXO2MalZdh5hd4gbWYexoYip6qPZDyC0jg96MM",Earle Basham,student,,t,M.Tech. DS,04e1d892-e0b5-4b42-aa60-f913808a5b97,2026-09-07 02:00:06.879652+00,2026-09-07 02:00:06.879652+00,2026,,M.Tech. DS
earnest.bassett@hindustanuniv.ac.in,"$argon2id$v=19$m=19456,t=2,p=1$eArnrLW1/rRzVwcR87bxEw$2A/rMWXO2MalZdh5hd4gbWYexoYip6qPZDyC0jg96MM",Earnest Bassett,student,,t,M.Tech. DS,04e1d892-e0b5-4b42-aa60-f913808a5b97,2026-09-07 02:00:06.879652+00,2026-09-07 02:00:06.879652+00,2026,,M.Tech. DS
easton.bassinger@hindustanuniv.ac.in,"$argon2id$v=19$m=19456,t=2,p=1$eArnrLW1/rRzVwcR87bxEw$2A/rMWXO2MalZdh5hd4gbWYexoYip6qPZDyC0jg96MM",Easton Bassinger,student,,t,M.Tech. DS,04e1d892-e0b5-4b42-aa60-f913808a5b97,2026-09-07 02:00:06.879652+00,2026-09-07 02:00:06.879652+00,2026,,M.Tech. DS
ebony.bateman@hindustanuniv.ac.in,"$argon2id$v=19$m=19456,t=2,p=1$eArnrLW1/rRzVwcR87bxEw$2A/rMWXO2MalZdh5hd4gbWYexoYip6qPZDyC0jg96MM",Ebony Bateman,student,,t,M.Tech. DS,04e1d892-e0b5-4b42-aa60-f913808a5b97,2026-09-07 02:00:06.879652+00,2026-09-07 02:00:06.879652+00,2026,,M.Tech. DS
echo.bates@hindustanuniv.ac.in,"$argon2id$v=19$m=19456,t=2,p=1$eArnrLW1/rRzVwcR87bxEw$2A/rMWXO2MalZdh5hd4gbWYexoYip6qPZDyC0jg96MM",Echo Bates,student,,t,M.Tech. DS,04e1d892-e0b5-4b42-aa60-f913808a5b97,2026-09-07 02:00:06.879652+00,2026-09-07 02:00:06.879652+00,2026,,M.Tech. DS
ed.bathurst@hindustanuniv.ac.in,"$argon2id$v=19$m=19456,t=2,p=1$eArnrLW1/rRzVwcR87bxEw$2A/rMWXO2MalZdh5hd4gbWYexoYip6qPZDyC0jg96MM",Ed Bathurst,student,,t,M.Tech. DS,04e1d892-e0b5-4b42-aa60-f913808a5b97,2026-09-07 02:00:06.879652+00,2026-09-07 02:00:06.879652+00,2026,,M.Tech. DS
eddie.batson@hindustanuniv.ac.in,"$argon2id$v=19$m=19456,t=2,p=1$eArnrLW1/rRzVwcR87bxEw$2A/rMWXO2MalZdh5hd4gbWYexoYip6qPZDyC0jg96MM",Eddie Batson,student,,t,M.Tech. DS,04e1d892-e0b5-4b42-aa60-f913808a5b97,2026-09-07 02:00:06.879652+00,2026-09-07 02:00:06.879652+00,2027,,M.Tech. DS
eddy.battaglia@hindustanuniv.ac.in,"$argon2id$v=19$m=19456,t=2,p=1$eArnrLW1/rRzVwcR87bxEw$2A/rMWXO2MalZdh5hd4gbWYexoYip6qPZDyC0jg96MM",Eddy Battaglia,student,,t,M.Tech. DS,04e1d892-e0b5-4b42-aa60-f913808a5b97,2026-09-07 02:00:06.879652+00,2026-09-07 02:00:06.879652+00,2027,,M.Tech. DS
edgar.batten@hindustanuniv.ac.in,"$argon2id$v=19$m=19456,t=2,p=1$eArnrLW1/rRzVwcR87bxEw$2A/rMWXO2MalZdh5hd4gbWYexoYip6qPZDyC0jg96MM",Edgar Batten,student,,t,M.Tech. DS,04e1d892-e0b5-4b42-aa60-f913808a5b97,2026-09-07 02:00:06.879652+00,2026-09-07 02:00:06.879652+00,2027,,M.Tech. DS
edgardo.battles@hindustanuniv.ac.in,"$argon2id$v=19$m=19456,t=2,p=1$eArnrLW1/rRzVwcR87bxEw$2A/rMWXO2MalZdh5hd4gbWYexoYip6qPZDyC0jg96MM",Edgardo Battles,student,,t,M.Tech. DS,04e1d892-e0b5-4b42-aa60-f913808a5b97,2026-09-07 02:00:06.879652+00,2026-09-07 02:00:06.879652+00,2027,,M.Tech. DS
edison.bauer@hindustanuniv.ac.in,"$argon2id$v=19$m=19456,t=2,p=1$eArnrLW1/rRzVwcR87bxEw$2A/rMWXO2MalZdh5hd4gbWYexoYip6qPZDyC0jg96MM",Edison Bauer,student,,t,M.Tech. DS,04e1d892-e0b5-4b42-aa60-f913808a5b97,2026-09-07 02:00:06.879652+00,2026-09-07 02:00:06.879652+00,2027,,M.Tech. DS
edith.baughman@hindustanuniv.ac.in,"$argon2id$v=19$m=19456,t=2,p=1$eArnrLW1/rRzVwcR87bxEw$2A/rMWXO2MalZdh5hd4gbWYexoYip6qPZDyC0jg96MM",Edith Baughman,student,,t,M.Tech. DS,04e1d892-e0b5-4b42-aa60-f913808a5b97,2026-09-07 02:00:06.879652+00,2026-09-07 02:00:06.879652+00,2027,,M.Tech. DS
edmund.baum@hindustanuniv.ac.in,"$argon2id$v=19$m=19456,t=2,p=1$eArnrLW1/rRzVwcR87bxEw$2A/rMWXO2MalZdh5hd4gbWYexoYip6qPZDyC0jg96MM",Edmund Baum,student,,t,M.Tech. DS,04e1d892-e0b5-4b42-aa60-f913808a5b97,2026-09-07 02:00:06.879652+00,2026-09-07 02:00:06.879652+00,2027,,M.Tech. DS
eduardo.baumann@hindustanuniv.ac.in,"$argon2id$v=19$m=19456,t=2,p=1$eArnrLW1/rRzVwcR87bxEw$2A/rMWXO2MalZdh5hd4gbWYexoYip6qPZDyC0jg96MM",Eduardo Baumann,student,,t,M.Tech. DS,04e1d892-e0b5-4b42-aa60-f913808a5b97,2026-09-07 02:00:06.879652+00,2026-09-07 02:00:06.879652+00,2027,,M.Tech. DS
edward.baumgardner@hindustanuniv.ac.in,"$argon2id$v=19$m=19456,t=2,p=1$eArnrLW1/rRzVwcR87bxEw$2A/rMWXO2MalZdh5hd4gbWYexoYip6qPZDyC0jg96MM",Edward Baumgardner,student,,t,M.Tech. DS,04e1d892-e0b5-4b42-aa60-f913808a5b97,2026-09-07 02:00:06.879652+00,2026-09-07 02:00:06.879652+00,2027,,M.Tech. DS
edwina.baxter@hindustanuniv.ac.in,"$argon2id$v=19$m=19456,t=2,p=1$eArnrLW1/rRzVwcR87bxEw$2A/rMWXO2MalZdh5hd4gbWYexoYip6qPZDyC0jg96MM",Edwina Baxter,student,,t,M.Tech. DS,04e1d892-e0b5-4b42-aa60-f913808a5b97,2026-09-07 02:00:06.879652+00,2026-09-07 02:00:06.879652+00,2028,,M.Tech. DS
edwin.baumgartner@hindustanuniv.ac.in,"$argon2id$v=19$m=19456,t=2,p=1$eArnrLW1/rRzVwcR87bxEw$2A/rMWXO2MalZdh5hd4gbWYexoYip6qPZDyC0jg96MM",Edwin Baumgartner,student,,t,M.Tech. DS,04e1d892-e0b5-4b42-aa60-f913808a5b97,2026-09-07 02:00:06.879652+00,2026-09-07 02:00:06.879652+00,2027,,M.Tech. DS
eeshan.bhatnagar@dgvaishnav.edu.in,"$argon2id$v=19$m=19456,t=2,p=1$eArnrLW1/rRzVwcR87bxEw$2A/rMWXO2MalZdh5hd4gbWYexoYip6qPZDyC0jg96MM",Eeshan Bhatnagar,student,,t,B.E. CSE,183b3f5e-8a32-4972-ac8b-cf77dfe6a6c5,2026-09-07 02:00:06.879652+00,2026-09-07 02:00:06.879652+00,2026,,B.E. CSE
effie.bayer@hindustanuniv.ac.in,"$argon2id$v=19$m=19456,t=2,p=1$eArnrLW1/rRzVwcR87bxEw$2A/rMWXO2MalZdh5hd4gbWYexoYip6qPZDyC0jg96MM",Effie Bayer,student,,t,M.Tech. DS,04e1d892-e0b5-4b42-aa60-f913808a5b97,2026-09-07 02:00:06.879652+00,2026-09-07 02:00:06.879652+00,2028,,M.Tech. DS
egan.baylor@hindustanuniv.ac.in,"$argon2id$v=19$m=19456,t=2,p=1$eArnrLW1/rRzVwcR87bxEw$2A/rMWXO2MalZdh5hd4gbWYexoYip6qPZDyC0jg96MM",Egan Baylor,student,,t,M.Tech. DS,04e1d892-e0b5-4b42-aa60-f913808a5b97,2026-09-07 02:00:06.879652+00,2026-09-07 02:00:06.879652+00,2028,,M.Tech. DS
eileen.beach@hindustanuniv.ac.in,"$argon2id$v=19$m=19456,t=2,p=1$eArnrLW1/rRzVwcR87bxEw$2A/rMWXO2MalZdh5hd4gbWYexoYip6qPZDyC0jg96MM",Eileen Beach,student,,t,M.Tech. DS,04e1d892-e0b5-4b42-aa60-f913808a5b97,2026-09-07 02:00:06.879652+00,2026-09-07 02:00:06.879652+00,2028,,M.Tech. DS
ekta.bhatt@dgvaishnav.edu.in,"$argon2id$v=19$m=19456,t=2,p=1$eArnrLW1/rRzVwcR87bxEw$2A/rMWXO2MalZdh5hd4gbWYexoYip6qPZDyC0jg96MM",Ekta Bhatt,student,,t,B.E. CSE,183b3f5e-8a32-4972-ac8b-cf77dfe6a6c5,2026-09-07 02:00:06.879652+00,2026-09-07 02:00:06.879652+00,2026,,B.E. CSE
elaina.beal@hindustanuniv.ac.in,"$argon2id$v=19$m=19456,t=2,p=1$eArnrLW1/rRzVwcR87bxEw$2A/rMWXO2MalZdh5hd4gbWYexoYip6qPZDyC0jg96MM",Elaina Beal,student,,t,M.Tech. DS,04e1d892-e0b5-4b42-aa60-f913808a5b97,2026-09-07 02:00:06.879652+00,2026-09-07 02:00:06.879652+00,2028,,M.Tech. DS
elaine.beale@hindustanuniv.ac.in,"$argon2id$v=19$m=19456,t=2,p=1$eArnrLW1/rRzVwcR87bxEw$2A/rMWXO2MalZdh5hd4gbWYexoYip6qPZDyC0jg96MM",Elaine Beale,student,,t,M.Tech. DS,04e1d892-e0b5-4b42-aa60-f913808a5b97,2026-09-07 02:00:06.879652+00,2026-09-07 02:00:06.879652+00,2028,,M.Tech. DS
eldon.beall@hindustanuniv.ac.in,"$argon2id$v=19$m=19456,t=2,p=1$eArnrLW1/rRzVwcR87bxEw$2A/rMWXO2MalZdh5hd4gbWYexoYip6qPZDyC0jg96MM",Eldon Beall,student,,t,M.Tech. DS,04e1d892-e0b5-4b42-aa60-f913808a5b97,2026-09-07 02:00:06.879652+00,2026-09-07 02:00:06.879652+00,2028,,M.Tech. DS
eleanor.beals@hindustanuniv.ac.in,"$argon2id$v=19$m=19456,t=2,p=1$eArnrLW1/rRzVwcR87bxEw$2A/rMWXO2MalZdh5hd4gbWYexoYip6qPZDyC0jg96MM",Eleanor Beals,student,,t,M.Tech. DS,04e1d892-e0b5-4b42-aa60-f913808a5b97,2026-09-07 02:00:06.879652+00,2026-09-07 02:00:06.879652+00,2028,,M.Tech. DS
elena.beam@hindustanuniv.ac.in,"$argon2id$v=19$m=19456,t=2,p=1$eArnrLW1/rRzVwcR87bxEw$2A/rMWXO2MalZdh5hd4gbWYexoYip6qPZDyC0jg96MM",Elena Beam,student,,t,M.Tech. DS,04e1d892-e0b5-4b42-aa60-f913808a5b97,2026-09-07 02:00:06.879652+00,2026-09-07 02:00:06.879652+00,2028,,M.Tech. DS
eliana.beard@hindustanuniv.ac.in,"$argon2id$v=19$m=19456,t=2,p=1$eArnrLW1/rRzVwcR87bxEw$2A/rMWXO2MalZdh5hd4gbWYexoYip6qPZDyC0jg96MM",Eliana Beard,student,,t,BBA,04e1d892-e0b5-4b42-aa60-f913808a5b97,2026-09-07 02:00:06.879652+00,2026-09-07 02:00:06.879652+00,2026,,BBA
elias.beardsley@hindustanuniv.ac.in,"$argon2id$v=19$m=19456,t=2,p=1$eArnrLW1/rRzVwcR87bxEw$2A/rMWXO2MalZdh5hd4gbWYexoYip6qPZDyC0jg96MM",Elias Beardsley,student,,t,BBA,04e1d892-e0b5-4b42-aa60-f913808a5b97,2026-09-07 02:00:06.879652+00,2026-09-07 02:00:06.879652+00,2026,,BBA
eli.bean@hindustanuniv.ac.in,"$argon2id$v=19$m=19456,t=2,p=1$eArnrLW1/rRzVwcR87bxEw$2A/rMWXO2MalZdh5hd4gbWYexoYip6qPZDyC0jg96MM",Eli Bean,student,,t,M.Tech. DS,04e1d892-e0b5-4b42-aa60-f913808a5b97,2026-09-07 02:00:06.879652+00,2026-09-07 02:00:06.879652+00,2028,,M.Tech. DS
elijah.beasley@hindustanuniv.ac.in,"$argon2id$v=19$m=19456,t=2,p=1$eArnrLW1/rRzVwcR87bxEw$2A/rMWXO2MalZdh5hd4gbWYexoYip6qPZDyC0jg96MM",Elijah Beasley,student,,t,BBA,04e1d892-e0b5-4b42-aa60-f913808a5b97,2026-09-07 02:00:06.879652+00,2026-09-07 02:00:06.879652+00,2026,,BBA
elinor.beattie@hindustanuniv.ac.in,"$argon2id$v=19$m=19456,t=2,p=1$eArnrLW1/rRzVwcR87bxEw$2A/rMWXO2MalZdh5hd4gbWYexoYip6qPZDyC0jg96MM",Elinor Beattie,student,,t,BBA,04e1d892-e0b5-4b42-aa60-f913808a5b97,2026-09-07 02:00:06.879652+00,2026-09-07 02:00:06.879652+00,2026,,BBA
elisa.beatty@hindustanuniv.ac.in,"$argon2id$v=19$m=19456,t=2,p=1$eArnrLW1/rRzVwcR87bxEw$2A/rMWXO2MalZdh5hd4gbWYexoYip6qPZDyC0jg96MM",Elisa Beatty,student,,t,BBA,04e1d892-e0b5-4b42-aa60-f913808a5b97,2026-09-07 02:00:06.879652+00,2026-09-07 02:00:06.879652+00,2026,,BBA
elisabeth.beauchamp@hindustanuniv.ac.in,"$argon2id$v=19$m=19456,t=2,p=1$eArnrLW1/rRzVwcR87bxEw$2A/rMWXO2MalZdh5hd4gbWYexoYip6qPZDyC0jg96MM",Elisabeth Beauchamp,student,,t,BBA,04e1d892-e0b5-4b42-aa60-f913808a5b97,2026-09-07 02:00:06.879652+00,2026-09-07 02:00:06.879652+00,2026,,BBA
elise.beaudoin@hindustanuniv.ac.in,"$argon2id$v=19$m=19456,t=2,p=1$eArnrLW1/rRzVwcR87bxEw$2A/rMWXO2MalZdh5hd4gbWYexoYip6qPZDyC0jg96MM",Elise Beaudoin,student,,t,BBA,04e1d892-e0b5-4b42-aa60-f913808a5b97,2026-09-07 02:00:06.879652+00,2026-09-07 02:00:06.879652+00,2026,,BBA
elisha.beaulieu@hindustanuniv.ac.in,"$argon2id$v=19$m=19456,t=2,p=1$eArnrLW1/rRzVwcR87bxEw$2A/rMWXO2MalZdh5hd4gbWYexoYip6qPZDyC0jg96MM",Elisha Beaulieu,student,,t,BBA,04e1d892-e0b5-4b42-aa60-f913808a5b97,2026-09-07 02:00:06.879652+00,2026-09-07 02:00:06.879652+00,2026,,BBA
eliza.beaumont@hindustanuniv.ac.in,"$argon2id$v=19$m=19456,t=2,p=1$eArnrLW1/rRzVwcR87bxEw$2A/rMWXO2MalZdh5hd4gbWYexoYip6qPZDyC0jg96MM",Eliza Beaumont,student,,t,BBA,04e1d892-e0b5-4b42-aa60-f913808a5b97,2026-09-07 02:00:06.879652+00,2026-09-07 02:00:06.879652+00,2026,,BBA
elizabeth.beaver@hindustanuniv.ac.in,"$argon2id$v=19$m=19456,t=2,p=1$eArnrLW1/rRzVwcR87bxEw$2A/rMWXO2MalZdh5hd4gbWYexoYip6qPZDyC0jg96MM",Elizabeth Beaver,student,,t,BBA,04e1d892-e0b5-4b42-aa60-f913808a5b97,2026-09-07 02:00:06.879652+00,2026-09-07 02:00:06.879652+00,2026,,BBA
ella.beck@hindustanuniv.ac.in,"$argon2id$v=19$m=19456,t=2,p=1$eArnrLW1/rRzVwcR87bxEw$2A/rMWXO2MalZdh5hd4gbWYexoYip6qPZDyC0jg96MM",Ella Beck,student,,t,BBA,04e1d892-e0b5-4b42-aa60-f913808a5b97,2026-09-07 02:00:06.879652+00,2026-09-07 02:00:06.879652+00,2027,,BBA
ellen.becker@hindustanuniv.ac.in,"$argon2id$v=19$m=19456,t=2,p=1$eArnrLW1/rRzVwcR87bxEw$2A/rMWXO2MalZdh5hd4gbWYexoYip6qPZDyC0jg96MM",Ellen Becker,student,,t,BBA,04e1d892-e0b5-4b42-aa60-f913808a5b97,2026-09-07 02:00:06.879652+00,2026-09-07 02:00:06.879652+00,2027,,BBA
ellie.beckett@hindustanuniv.ac.in,"$argon2id$v=19$m=19456,t=2,p=1$eArnrLW1/rRzVwcR87bxEw$2A/rMWXO2MalZdh5hd4gbWYexoYip6qPZDyC0jg96MM",Ellie Beckett,student,,t,BBA,04e1d892-e0b5-4b42-aa60-f913808a5b97,2026-09-07 02:00:06.879652+00,2026-09-07 02:00:06.879652+00,2027,,BBA
elliot.beckford@hindustanuniv.ac.in,"$argon2id$v=19$m=19456,t=2,p=1$eArnrLW1/rRzVwcR87bxEw$2A/rMWXO2MalZdh5hd4gbWYexoYip6qPZDyC0jg96MM",Elliot Beckford,student,,t,BBA,04e1d892-e0b5-4b42-aa60-f913808a5b97,2026-09-07 02:00:06.879652+00,2026-09-07 02:00:06.879652+00,2027,,BBA
elliott.beckham@hindustanuniv.ac.in,"$argon2id$v=19$m=19456,t=2,p=1$eArnrLW1/rRzVwcR87bxEw$2A/rMWXO2MalZdh5hd4gbWYexoYip6qPZDyC0jg96MM",Elliott Beckham,student,,t,BBA,04e1d892-e0b5-4b42-aa60-f913808a5b97,2026-09-07 02:00:06.879652+00,2026-09-07 02:00:06.879652+00,2027,,BBA
ellis.beckman@hindustanuniv.ac.in,"$argon2id$v=19$m=19456,t=2,p=1$eArnrLW1/rRzVwcR87bxEw$2A/rMWXO2MalZdh5hd4gbWYexoYip6qPZDyC0jg96MM",Ellis Beckman,student,,t,BBA,04e1d892-e0b5-4b42-aa60-f913808a5b97,2026-09-07 02:00:06.879652+00,2026-09-07 02:00:06.879652+00,2027,,BBA
ellison.beckwith@hindustanuniv.ac.in,"$argon2id$v=19$m=19456,t=2,p=1$eArnrLW1/rRzVwcR87bxEw$2A/rMWXO2MalZdh5hd4gbWYexoYip6qPZDyC0jg96MM",Ellison Beckwith,student,,t,BBA,04e1d892-e0b5-4b42-aa60-f913808a5b97,2026-09-07 02:00:06.879652+00,2026-09-07 02:00:06.879652+00,2027,,BBA
elmer.bedell@hindustanuniv.ac.in,"$argon2id$v=19$m=19456,t=2,p=1$eArnrLW1/rRzVwcR87bxEw$2A/rMWXO2MalZdh5hd4gbWYexoYip6qPZDyC0jg96MM",Elmer Bedell,student,,t,BBA,04e1d892-e0b5-4b42-aa60-f913808a5b97,2026-09-07 02:00:06.879652+00,2026-09-07 02:00:06.879652+00,2027,,BBA
eloise.bedford@hindustanuniv.ac.in,"$argon2id$v=19$m=19456,t=2,p=1$eArnrLW1/rRzVwcR87bxEw$2A/rMWXO2MalZdh5hd4gbWYexoYip6qPZDyC0jg96MM",Eloise Bedford,student,,t,BBA,04e1d892-e0b5-4b42-aa60-f913808a5b97,2026-09-07 02:00:06.879652+00,2026-09-07 02:00:06.879652+00,2027,,BBA
elora.beebe@hindustanuniv.ac.in,"$argon2id$v=19$m=19456,t=2,p=1$eArnrLW1/rRzVwcR87bxEw$2A/rMWXO2MalZdh5hd4gbWYexoYip6qPZDyC0jg96MM",Elora Beebe,student,,t,BBA,04e1d892-e0b5-4b42-aa60-f913808a5b97,2026-09-07 02:00:06.879652+00,2026-09-07 02:00:06.879652+00,2027,,BBA
elsie.beeler@hindustanuniv.ac.in,"$argon2id$v=19$m=19456,t=2,p=1$eArnrLW1/rRzVwcR87bxEw$2A/rMWXO2MalZdh5hd4gbWYexoYip6qPZDyC0jg96MM",Elsie Beeler,student,,t,BBA,04e1d892-e0b5-4b42-aa60-f913808a5b97,2026-09-07 02:00:06.879652+00,2026-09-07 02:00:06.879652+00,2028,,BBA
elton.beers@hindustanuniv.ac.in,"$argon2id$v=19$m=19456,t=2,p=1$eArnrLW1/rRzVwcR87bxEw$2A/rMWXO2MalZdh5hd4gbWYexoYip6qPZDyC0jg96MM",Elton Beers,student,,t,BBA,04e1d892-e0b5-4b42-aa60-f913808a5b97,2026-09-07 02:00:06.879652+00,2026-09-07 02:00:06.879652+00,2028,,BBA
elva.begley@hindustanuniv.ac.in,"$argon2id$v=19$m=19456,t=2,p=1$eArnrLW1/rRzVwcR87bxEw$2A/rMWXO2MalZdh5hd4gbWYexoYip6qPZDyC0jg96MM",Elva Begley,student,,t,BBA,04e1d892-e0b5-4b42-aa60-f913808a5b97,2026-09-07 02:00:06.879652+00,2026-09-07 02:00:06.879652+00,2028,,BBA
elvis.behrens@hindustanuniv.ac.in,"$argon2id$v=19$m=19456,t=2,p=1$eArnrLW1/rRzVwcR87bxEw$2A/rMWXO2MalZdh5hd4gbWYexoYip6qPZDyC0jg96MM",Elvis Behrens,student,,t,BBA,04e1d892-e0b5-4b42-aa60-f913808a5b97,2026-09-07 02:00:06.879652+00,2026-09-07 02:00:06.879652+00,2028,,BBA
elwin.belanger@hindustanuniv.ac.in,"$argon2id$v=19$m=19456,t=2,p=1$eArnrLW1/rRzVwcR87bxEw$2A/rMWXO2MalZdh5hd4gbWYexoYip6qPZDyC0jg96MM",Elwin Belanger,student,,t,BBA,04e1d892-e0b5-4b42-aa60-f913808a5b97,2026-09-07 02:00:06.879652+00,2026-09-07 02:00:06.879652+00,2028,,BBA
elyse.belcher@hindustanuniv.ac.in,"$argon2id$v=19$m=19456,t=2,p=1$eArnrLW1/rRzVwcR87bxEw$2A/rMWXO2MalZdh5hd4gbWYexoYip6qPZDyC0jg96MM",Elyse Belcher,student,,t,BBA,04e1d892-e0b5-4b42-aa60-f913808a5b97,2026-09-07 02:00:06.879652+00,2026-09-07 02:00:06.879652+00,2028,,BBA
emanuel.belknap@hindustanuniv.ac.in,"$argon2id$v=19$m=19456,t=2,p=1$eArnrLW1/rRzVwcR87bxEw$2A/rMWXO2MalZdh5hd4gbWYexoYip6qPZDyC0jg96MM",Emanuel Belknap,student,,t,BBA,04e1d892-e0b5-4b42-aa60-f913808a5b97,2026-09-07 02:00:06.879652+00,2026-09-07 02:00:06.879652+00,2028,,BBA
emerson.bell@hindustanuniv.ac.in,"$argon2id$v=19$m=19456,t=2,p=1$eArnrLW1/rRzVwcR87bxEw$2A/rMWXO2MalZdh5hd4gbWYexoYip6qPZDyC0jg96MM",Emerson Bell,student,,t,BBA,04e1d892-e0b5-4b42-aa60-f913808a5b97,2026-09-07 02:00:06.879652+00,2026-09-07 02:00:06.879652+00,2028,,BBA
emery.bellamy@hindustanuniv.ac.in,"$argon2id$v=19$m=19456,t=2,p=1$eArnrLW1/rRzVwcR87bxEw$2A/rMWXO2MalZdh5hd4gbWYexoYip6qPZDyC0jg96MM",Emery Bellamy,student,,t,BBA,04e1d892-e0b5-4b42-aa60-f913808a5b97,2026-09-07 02:00:06.879652+00,2026-09-07 02:00:06.879652+00,2028,,BBA
emil.bellew@hindustanuniv.ac.in,"$argon2id$v=19$m=19456,t=2,p=1$eArnrLW1/rRzVwcR87bxEw$2A/rMWXO2MalZdh5hd4gbWYexoYip6qPZDyC0jg96MM",Emil Bellew,student,,t,BBA,04e1d892-e0b5-4b42-aa60-f913808a5b97,2026-09-07 02:00:06.879652+00,2026-09-07 02:00:06.879652+00,2028,,BBA
emilia.bellinger@srmist.edu.in,"$argon2id$v=19$m=19456,t=2,p=1$eArnrLW1/rRzVwcR87bxEw$2A/rMWXO2MalZdh5hd4gbWYexoYip6qPZDyC0jg96MM",Emilia Bellinger,faculty,,t,B.Sc. Biochem,93d0ead2-8e2c-46f9-8832-ddf0d8325a25,2026-09-07 02:00:06.879652+00,2026-09-07 02:00:06.879652+00,,,B.Sc. Biochem
emilie.belmont@srmist.edu.in,"$argon2id$v=19$m=19456,t=2,p=1$eArnrLW1/rRzVwcR87bxEw$2A/rMWXO2MalZdh5hd4gbWYexoYip6qPZDyC0jg96MM",Emilie Belmont,faculty,,t,M.Sc. Maths,93d0ead2-8e2c-46f9-8832-ddf0d8325a25,2026-09-07 02:00:06.879652+00,2026-09-07 02:00:06.879652+00,,,M.Sc. Maths
emilio.beltran@srmist.edu.in,"$argon2id$v=19$m=19456,t=2,p=1$eArnrLW1/rRzVwcR87bxEw$2A/rMWXO2MalZdh5hd4gbWYexoYip6qPZDyC0jg96MM",Emilio Beltran,faculty,,t,B.E. CSE,93d0ead2-8e2c-46f9-8832-ddf0d8325a25,2026-09-07 02:00:06.879652+00,2026-09-07 02:00:06.879652+00,,,B.E. CSE
emily.bement@srmist.edu.in,"$argon2id$v=19$m=19456,t=2,p=1$eArnrLW1/rRzVwcR87bxEw$2A/rMWXO2MalZdh5hd4gbWYexoYip6qPZDyC0jg96MM",Emily Bement,faculty,,t,M.Tech. DS,93d0ead2-8e2c-46f9-8832-ddf0d8325a25,2026-09-07 02:00:06.879652+00,2026-09-07 02:00:06.879652+00,,,M.Tech. DS
emma.bender@srmist.edu.in,"$argon2id$v=19$m=19456,t=2,p=1$eArnrLW1/rRzVwcR87bxEw$2A/rMWXO2MalZdh5hd4gbWYexoYip6qPZDyC0jg96MM",Emma Bender,faculty,,t,BBA,93d0ead2-8e2c-46f9-8832-ddf0d8325a25,2026-09-07 02:00:06.879652+00,2026-09-07 02:00:06.879652+00,,,BBA
emmalee.benedict@srmist.edu.in,"$argon2id$v=19$m=19456,t=2,p=1$eArnrLW1/rRzVwcR87bxEw$2A/rMWXO2MalZdh5hd4gbWYexoYip6qPZDyC0jg96MM",Emmalee Benedict,student,,t,B.Sc. Biochem,93d0ead2-8e2c-46f9-8832-ddf0d8325a25,2026-09-07 02:00:06.879652+00,2026-09-07 02:00:06.879652+00,2026,,B.Sc. Biochem
emmaline.benfield@srmist.edu.in,"$argon2id$v=19$m=19456,t=2,p=1$eArnrLW1/rRzVwcR87bxEw$2A/rMWXO2MalZdh5hd4gbWYexoYip6qPZDyC0jg96MM",Emmaline Benfield,student,,t,B.Sc. Biochem,93d0ead2-8e2c-46f9-8832-ddf0d8325a25,2026-09-07 02:00:06.879652+00,2026-09-07 02:00:06.879652+00,2026,,B.Sc. Biochem
emmanuel.benitez@srmist.edu.in,"$argon2id$v=19$m=19456,t=2,p=1$eArnrLW1/rRzVwcR87bxEw$2A/rMWXO2MalZdh5hd4gbWYexoYip6qPZDyC0jg96MM",Emmanuel Benitez,student,,t,B.Sc. Biochem,93d0ead2-8e2c-46f9-8832-ddf0d8325a25,2026-09-07 02:00:06.879652+00,2026-09-07 02:00:06.879652+00,2026,,B.Sc. Biochem
emmett.benjamin@srmist.edu.in,"$argon2id$v=19$m=19456,t=2,p=1$eArnrLW1/rRzVwcR87bxEw$2A/rMWXO2MalZdh5hd4gbWYexoYip6qPZDyC0jg96MM",Emmett Benjamin,student,,t,B.Sc. Biochem,93d0ead2-8e2c-46f9-8832-ddf0d8325a25,2026-09-07 02:00:06.879652+00,2026-09-07 02:00:06.879652+00,2026,,B.Sc. Biochem
emmie.bennett@srmist.edu.in,"$argon2id$v=19$m=19456,t=2,p=1$eArnrLW1/rRzVwcR87bxEw$2A/rMWXO2MalZdh5hd4gbWYexoYip6qPZDyC0jg96MM",Emmie Bennett,student,,t,B.Sc. Biochem,93d0ead2-8e2c-46f9-8832-ddf0d8325a25,2026-09-07 02:00:06.879652+00,2026-09-07 02:00:06.879652+00,2026,,B.Sc. Biochem
emmy.bennion@srmist.edu.in,"$argon2id$v=19$m=19456,t=2,p=1$eArnrLW1/rRzVwcR87bxEw$2A/rMWXO2MalZdh5hd4gbWYexoYip6qPZDyC0jg96MM",Emmy Bennion,student,,t,B.Sc. Biochem,93d0ead2-8e2c-46f9-8832-ddf0d8325a25,2026-09-07 02:00:06.879652+00,2026-09-07 02:00:06.879652+00,2026,,B.Sc. Biochem
emory.benoit@srmist.edu.in,"$argon2id$v=19$m=19456,t=2,p=1$eArnrLW1/rRzVwcR87bxEw$2A/rMWXO2MalZdh5hd4gbWYexoYip6qPZDyC0jg96MM",Emory Benoit,student,,t,B.Sc. Biochem,93d0ead2-8e2c-46f9-8832-ddf0d8325a25,2026-09-07 02:00:06.879652+00,2026-09-07 02:00:06.879652+00,2026,,B.Sc. Biochem
enoch.benson@srmist.edu.in,"$argon2id$v=19$m=19456,t=2,p=1$eArnrLW1/rRzVwcR87bxEw$2A/rMWXO2MalZdh5hd4gbWYexoYip6qPZDyC0jg96MM",Enoch Benson,student,,t,B.Sc. Biochem,93d0ead2-8e2c-46f9-8832-ddf0d8325a25,2026-09-07 02:00:06.879652+00,2026-09-07 02:00:06.879652+00,2026,,B.Sc. Biochem
enrique.bentley@srmist.edu.in,"$argon2id$v=19$m=19456,t=2,p=1$eArnrLW1/rRzVwcR87bxEw$2A/rMWXO2MalZdh5hd4gbWYexoYip6qPZDyC0jg96MM",Enrique Bentley,student,,t,B.Sc. Biochem,93d0ead2-8e2c-46f9-8832-ddf0d8325a25,2026-09-07 02:00:06.879652+00,2026-09-07 02:00:06.879652+00,2026,,B.Sc. Biochem
erica.berg@srmist.edu.in,"$argon2id$v=19$m=19456,t=2,p=1$eArnrLW1/rRzVwcR87bxEw$2A/rMWXO2MalZdh5hd4gbWYexoYip6qPZDyC0jg96MM",Erica Berg,student,,t,B.Sc. Biochem,93d0ead2-8e2c-46f9-8832-ddf0d8325a25,2026-09-07 02:00:06.879652+00,2026-09-07 02:00:06.879652+00,2027,,B.Sc. Biochem
eric.benton@srmist.edu.in,"$argon2id$v=19$m=19456,t=2,p=1$eArnrLW1/rRzVwcR87bxEw$2A/rMWXO2MalZdh5hd4gbWYexoYip6qPZDyC0jg96MM",Eric Benton,student,,t,B.Sc. Biochem,93d0ead2-8e2c-46f9-8832-ddf0d8325a25,2026-09-07 02:00:06.879652+00,2026-09-07 02:00:06.879652+00,2026,,B.Sc. Biochem
erich.berger@srmist.edu.in,"$argon2id$v=19$m=19456,t=2,p=1$eArnrLW1/rRzVwcR87bxEw$2A/rMWXO2MalZdh5hd4gbWYexoYip6qPZDyC0jg96MM",Erich Berger,student,,t,B.Sc. Biochem,93d0ead2-8e2c-46f9-8832-ddf0d8325a25,2026-09-07 02:00:06.879652+00,2026-09-07 02:00:06.879652+00,2027,,B.Sc. Biochem
erick.bergeron@srmist.edu.in,"$argon2id$v=19$m=19456,t=2,p=1$eArnrLW1/rRzVwcR87bxEw$2A/rMWXO2MalZdh5hd4gbWYexoYip6qPZDyC0jg96MM",Erick Bergeron,student,,t,B.Sc. Biochem,93d0ead2-8e2c-46f9-8832-ddf0d8325a25,2026-09-07 02:00:06.879652+00,2026-09-07 02:00:06.879652+00,2027,,B.Sc. Biochem
erika.bergman@srmist.edu.in,"$argon2id$v=19$m=19456,t=2,p=1$eArnrLW1/rRzVwcR87bxEw$2A/rMWXO2MalZdh5hd4gbWYexoYip6qPZDyC0jg96MM",Erika Bergman,student,,t,B.Sc. Biochem,93d0ead2-8e2c-46f9-8832-ddf0d8325a25,2026-09-07 02:00:06.879652+00,2026-09-07 02:00:06.879652+00,2027,,B.Sc. Biochem
erin.berkeley@srmist.edu.in,"$argon2id$v=19$m=19456,t=2,p=1$eArnrLW1/rRzVwcR87bxEw$2A/rMWXO2MalZdh5hd4gbWYexoYip6qPZDyC0jg96MM",Erin Berkeley,student,,t,B.Sc. Biochem,93d0ead2-8e2c-46f9-8832-ddf0d8325a25,2026-09-07 02:00:06.879652+00,2026-09-07 02:00:06.879652+00,2027,,B.Sc. Biochem
erna.berman@srmist.edu.in,"$argon2id$v=19$m=19456,t=2,p=1$eArnrLW1/rRzVwcR87bxEw$2A/rMWXO2MalZdh5hd4gbWYexoYip6qPZDyC0jg96MM",Erna Berman,student,,t,B.Sc. Biochem,93d0ead2-8e2c-46f9-8832-ddf0d8325a25,2026-09-07 02:00:06.879652+00,2026-09-07 02:00:06.879652+00,2027,,B.Sc. Biochem
ernest.bernal@srmist.edu.in,"$argon2id$v=19$m=19456,t=2,p=1$eArnrLW1/rRzVwcR87bxEw$2A/rMWXO2MalZdh5hd4gbWYexoYip6qPZDyC0jg96MM",Ernest Bernal,student,,t,B.Sc. Biochem,93d0ead2-8e2c-46f9-8832-ddf0d8325a25,2026-09-07 02:00:06.879652+00,2026-09-07 02:00:06.879652+00,2027,,B.Sc. Biochem
ernestine.bernard@srmist.edu.in,"$argon2id$v=19$m=19456,t=2,p=1$eArnrLW1/rRzVwcR87bxEw$2A/rMWXO2MalZdh5hd4gbWYexoYip6qPZDyC0jg96MM",Ernestine Bernard,student,,t,B.Sc. Biochem,93d0ead2-8e2c-46f9-8832-ddf0d8325a25,2026-09-07 02:00:06.879652+00,2026-09-07 02:00:06.879652+00,2027,,B.Sc. Biochem
ernesto.berry@srmist.edu.in,"$argon2id$v=19$m=19456,t=2,p=1$eArnrLW1/rRzVwcR87bxEw$2A/rMWXO2MalZdh5hd4gbWYexoYip6qPZDyC0jg96MM",Ernesto Berry,student,,t,B.Sc. Biochem,93d0ead2-8e2c-46f9-8832-ddf0d8325a25,2026-09-07 02:00:06.879652+00,2026-09-07 02:00:06.879652+00,2027,,B.Sc. Biochem
ernie.berryman@srmist.edu.in,"$argon2id$v=19$m=19456,t=2,p=1$eArnrLW1/rRzVwcR87bxEw$2A/rMWXO2MalZdh5hd4gbWYexoYip6qPZDyC0jg96MM",Ernie Berryman,student,,t,B.Sc. Biochem,93d0ead2-8e2c-46f9-8832-ddf0d8325a25,2026-09-07 02:00:06.879652+00,2026-09-07 02:00:06.879652+00,2027,,B.Sc. Biochem
erwin.bertelsen@srmist.edu.in,"$argon2id$v=19$m=19456,t=2,p=1$eArnrLW1/rRzVwcR87bxEw$2A/rMWXO2MalZdh5hd4gbWYexoYip6qPZDyC0jg96MM",Erwin Bertelsen,student,,t,B.Sc. Biochem,93d0ead2-8e2c-46f9-8832-ddf0d8325a25,2026-09-07 02:00:06.879652+00,2026-09-07 02:00:06.879652+00,2028,,B.Sc. Biochem
esme.bertram@srmist.edu.in,"$argon2id$v=19$m=19456,t=2,p=1$eArnrLW1/rRzVwcR87bxEw$2A/rMWXO2MalZdh5hd4gbWYexoYip6qPZDyC0jg96MM",Esme Bertram,student,,t,B.Sc. Biochem,93d0ead2-8e2c-46f9-8832-ddf0d8325a25,2026-09-07 02:00:06.879652+00,2026-09-07 02:00:06.879652+00,2028,,B.Sc. Biochem
esmeralda.beshears@srmist.edu.in,"$argon2id$v=19$m=19456,t=2,p=1$eArnrLW1/rRzVwcR87bxEw$2A/rMWXO2MalZdh5hd4gbWYexoYip6qPZDyC0jg96MM",Esmeralda Beshears,student,,t,B.Sc. Biochem,93d0ead2-8e2c-46f9-8832-ddf0d8325a25,2026-09-07 02:00:06.879652+00,2026-09-07 02:00:06.879652+00,2028,,B.Sc. Biochem
esperanza.bessler@srmist.edu.in,"$argon2id$v=19$m=19456,t=2,p=1$eArnrLW1/rRzVwcR87bxEw$2A/rMWXO2MalZdh5hd4gbWYexoYip6qPZDyC0jg96MM",Esperanza Bessler,student,,t,B.Sc. Biochem,93d0ead2-8e2c-46f9-8832-ddf0d8325a25,2026-09-07 02:00:06.879652+00,2026-09-07 02:00:06.879652+00,2028,,B.Sc. Biochem
essie.best@srmist.edu.in,"$argon2id$v=19$m=19456,t=2,p=1$eArnrLW1/rRzVwcR87bxEw$2A/rMWXO2MalZdh5hd4gbWYexoYip6qPZDyC0jg96MM",Essie Best,student,,t,B.Sc. Biochem,93d0ead2-8e2c-46f9-8832-ddf0d8325a25,2026-09-07 02:00:06.879652+00,2026-09-07 02:00:06.879652+00,2028,,B.Sc. Biochem
esteban.bettencourt@srmist.edu.in,"$argon2id$v=19$m=19456,t=2,p=1$eArnrLW1/rRzVwcR87bxEw$2A/rMWXO2MalZdh5hd4gbWYexoYip6qPZDyC0jg96MM",Esteban Bettencourt,student,,t,B.Sc. Biochem,93d0ead2-8e2c-46f9-8832-ddf0d8325a25,2026-09-07 02:00:06.879652+00,2026-09-07 02:00:06.879652+00,2028,,B.Sc. Biochem
estelle.beverly@srmist.edu.in,"$argon2id$v=19$m=19456,t=2,p=1$eArnrLW1/rRzVwcR87bxEw$2A/rMWXO2MalZdh5hd4gbWYexoYip6qPZDyC0jg96MM",Estelle Beverly,student,,t,B.Sc. Biochem,93d0ead2-8e2c-46f9-8832-ddf0d8325a25,2026-09-07 02:00:06.879652+00,2026-09-07 02:00:06.879652+00,2028,,B.Sc. Biochem
ester.beyer@srmist.edu.in,"$argon2id$v=19$m=19456,t=2,p=1$eArnrLW1/rRzVwcR87bxEw$2A/rMWXO2MalZdh5hd4gbWYexoYip6qPZDyC0jg96MM",Ester Beyer,student,,t,B.Sc. Biochem,93d0ead2-8e2c-46f9-8832-ddf0d8325a25,2026-09-07 02:00:06.879652+00,2026-09-07 02:00:06.879652+00,2028,,B.Sc. Biochem
esther.bickford@srmist.edu.in,"$argon2id$v=19$m=19456,t=2,p=1$eArnrLW1/rRzVwcR87bxEw$2A/rMWXO2MalZdh5hd4gbWYexoYip6qPZDyC0jg96MM",Esther Bickford,student,,t,B.Sc. Biochem,93d0ead2-8e2c-46f9-8832-ddf0d8325a25,2026-09-07 02:00:06.879652+00,2026-09-07 02:00:06.879652+00,2028,,B.Sc. Biochem
ethan.biddle@srmist.edu.in,"$argon2id$v=19$m=19456,t=2,p=1$eArnrLW1/rRzVwcR87bxEw$2A/rMWXO2MalZdh5hd4gbWYexoYip6qPZDyC0jg96MM",Ethan Biddle,student,,t,B.Sc. Biochem,93d0ead2-8e2c-46f9-8832-ddf0d8325a25,2026-09-07 02:00:06.879652+00,2026-09-07 02:00:06.879652+00,2028,,B.Sc. Biochem
ethel.bieber@srmist.edu.in,"$argon2id$v=19$m=19456,t=2,p=1$eArnrLW1/rRzVwcR87bxEw$2A/rMWXO2MalZdh5hd4gbWYexoYip6qPZDyC0jg96MM",Ethel Bieber,student,,t,M.Sc. Maths,93d0ead2-8e2c-46f9-8832-ddf0d8325a25,2026-09-07 02:00:06.879652+00,2026-09-07 02:00:06.879652+00,2026,,M.Sc. Maths
eugene.bigelow@srmist.edu.in,"$argon2id$v=19$m=19456,t=2,p=1$eArnrLW1/rRzVwcR87bxEw$2A/rMWXO2MalZdh5hd4gbWYexoYip6qPZDyC0jg96MM",Eugene Bigelow,student,,t,M.Sc. Maths,93d0ead2-8e2c-46f9-8832-ddf0d8325a25,2026-09-07 02:00:06.879652+00,2026-09-07 02:00:06.879652+00,2026,,M.Sc. Maths
eugenia.biggs@srmist.edu.in,"$argon2id$v=19$m=19456,t=2,p=1$eArnrLW1/rRzVwcR87bxEw$2A/rMWXO2MalZdh5hd4gbWYexoYip6qPZDyC0jg96MM",Eugenia Biggs,student,,t,M.Sc. Maths,93d0ead2-8e2c-46f9-8832-ddf0d8325a25,2026-09-07 02:00:06.879652+00,2026-09-07 02:00:06.879652+00,2026,,M.Sc. Maths
eula.billings@srmist.edu.in,"$argon2id$v=19$m=19456,t=2,p=1$eArnrLW1/rRzVwcR87bxEw$2A/rMWXO2MalZdh5hd4gbWYexoYip6qPZDyC0jg96MM",Eula Billings,student,,t,M.Sc. Maths,93d0ead2-8e2c-46f9-8832-ddf0d8325a25,2026-09-07 02:00:06.879652+00,2026-09-07 02:00:06.879652+00,2026,,M.Sc. Maths
eulalia.billingsley@srmist.edu.in,"$argon2id$v=19$m=19456,t=2,p=1$eArnrLW1/rRzVwcR87bxEw$2A/rMWXO2MalZdh5hd4gbWYexoYip6qPZDyC0jg96MM",Eulalia Billingsley,student,,t,M.Sc. Maths,93d0ead2-8e2c-46f9-8832-ddf0d8325a25,2026-09-07 02:00:06.879652+00,2026-09-07 02:00:06.879652+00,2026,,M.Sc. Maths
eunice.bingham@srmist.edu.in,"$argon2id$v=19$m=19456,t=2,p=1$eArnrLW1/rRzVwcR87bxEw$2A/rMWXO2MalZdh5hd4gbWYexoYip6qPZDyC0jg96MM",Eunice Bingham,student,,t,M.Sc. Maths,93d0ead2-8e2c-46f9-8832-ddf0d8325a25,2026-09-07 02:00:06.879652+00,2026-09-07 02:00:06.879652+00,2026,,M.Sc. Maths
eva.birchard@srmist.edu.in,"$argon2id$v=19$m=19456,t=2,p=1$eArnrLW1/rRzVwcR87bxEw$2A/rMWXO2MalZdh5hd4gbWYexoYip6qPZDyC0jg96MM",Eva Birchard,student,,t,M.Sc. Maths,93d0ead2-8e2c-46f9-8832-ddf0d8325a25,2026-09-07 02:00:06.879652+00,2026-09-07 02:00:06.879652+00,2026,,M.Sc. Maths
evan.bird@srmist.edu.in,"$argon2id$v=19$m=19456,t=2,p=1$eArnrLW1/rRzVwcR87bxEw$2A/rMWXO2MalZdh5hd4gbWYexoYip6qPZDyC0jg96MM",Evan Bird,student,,t,M.Sc. Maths,93d0ead2-8e2c-46f9-8832-ddf0d8325a25,2026-09-07 02:00:06.879652+00,2026-09-07 02:00:06.879652+00,2026,,M.Sc. Maths
evangeline.birdsong@srmist.edu.in,"$argon2id$v=19$m=19456,t=2,p=1$eArnrLW1/rRzVwcR87bxEw$2A/rMWXO2MalZdh5hd4gbWYexoYip6qPZDyC0jg96MM",Evangeline Birdsong,student,,t,M.Sc. Maths,93d0ead2-8e2c-46f9-8832-ddf0d8325a25,2026-09-07 02:00:06.879652+00,2026-09-07 02:00:06.879652+00,2026,,M.Sc. Maths
eve.birkhead@srmist.edu.in,"$argon2id$v=19$m=19456,t=2,p=1$eArnrLW1/rRzVwcR87bxEw$2A/rMWXO2MalZdh5hd4gbWYexoYip6qPZDyC0jg96MM",Eve Birkhead,student,,t,M.Sc. Maths,93d0ead2-8e2c-46f9-8832-ddf0d8325a25,2026-09-07 02:00:06.879652+00,2026-09-07 02:00:06.879652+00,2026,,M.Sc. Maths
evelyn.birney@srmist.edu.in,"$argon2id$v=19$m=19456,t=2,p=1$eArnrLW1/rRzVwcR87bxEw$2A/rMWXO2MalZdh5hd4gbWYexoYip6qPZDyC0jg96MM",Evelyn Birney,student,,t,M.Sc. Maths,93d0ead2-8e2c-46f9-8832-ddf0d8325a25,2026-09-07 02:00:06.879652+00,2026-09-07 02:00:06.879652+00,2027,,M.Sc. Maths
everett.bishop@srmist.edu.in,"$argon2id$v=19$m=19456,t=2,p=1$eArnrLW1/rRzVwcR87bxEw$2A/rMWXO2MalZdh5hd4gbWYexoYip6qPZDyC0jg96MM",Everett Bishop,student,,t,M.Sc. Maths,93d0ead2-8e2c-46f9-8832-ddf0d8325a25,2026-09-07 02:00:06.879652+00,2026-09-07 02:00:06.879652+00,2027,,M.Sc. Maths
ewan.bisset@srmist.edu.in,"$argon2id$v=19$m=19456,t=2,p=1$eArnrLW1/rRzVwcR87bxEw$2A/rMWXO2MalZdh5hd4gbWYexoYip6qPZDyC0jg96MM",Ewan Bisset,student,,t,M.Sc. Maths,93d0ead2-8e2c-46f9-8832-ddf0d8325a25,2026-09-07 02:00:06.879652+00,2026-09-07 02:00:06.879652+00,2027,,M.Sc. Maths
ezekiel.bivens@srmist.edu.in,"$argon2id$v=19$m=19456,t=2,p=1$eArnrLW1/rRzVwcR87bxEw$2A/rMWXO2MalZdh5hd4gbWYexoYip6qPZDyC0jg96MM",Ezekiel Bivens,student,,t,M.Sc. Maths,93d0ead2-8e2c-46f9-8832-ddf0d8325a25,2026-09-07 02:00:06.879652+00,2026-09-07 02:00:06.879652+00,2027,,M.Sc. Maths
ezra.bixby@srmist.edu.in,"$argon2id$v=19$m=19456,t=2,p=1$eArnrLW1/rRzVwcR87bxEw$2A/rMWXO2MalZdh5hd4gbWYexoYip6qPZDyC0jg96MM",Ezra Bixby,student,,t,M.Sc. Maths,93d0ead2-8e2c-46f9-8832-ddf0d8325a25,2026-09-07 02:00:06.879652+00,2026-09-07 02:00:06.879652+00,2027,,M.Sc. Maths
fabian.black@srmist.edu.in,"$argon2id$v=19$m=19456,t=2,p=1$eArnrLW1/rRzVwcR87bxEw$2A/rMWXO2MalZdh5hd4gbWYexoYip6qPZDyC0jg96MM",Fabian Black,student,,t,M.Sc. Maths,93d0ead2-8e2c-46f9-8832-ddf0d8325a25,2026-09-07 02:00:06.879652+00,2026-09-07 02:00:06.879652+00,2027,,M.Sc. Maths
faith.blackburn@srmist.edu.in,"$argon2id$v=19$m=19456,t=2,p=1$eArnrLW1/rRzVwcR87bxEw$2A/rMWXO2MalZdh5hd4gbWYexoYip6qPZDyC0jg96MM",Faith Blackburn,student,,t,M.Sc. Maths,93d0ead2-8e2c-46f9-8832-ddf0d8325a25,2026-09-07 02:00:06.879652+00,2026-09-07 02:00:06.879652+00,2027,,M.Sc. Maths
fallon.blackman@srmist.edu.in,"$argon2id$v=19$m=19456,t=2,p=1$eArnrLW1/rRzVwcR87bxEw$2A/rMWXO2MalZdh5hd4gbWYexoYip6qPZDyC0jg96MM",Fallon Blackman,student,,t,M.Sc. Maths,93d0ead2-8e2c-46f9-8832-ddf0d8325a25,2026-09-07 02:00:06.879652+00,2026-09-07 02:00:06.879652+00,2027,,M.Sc. Maths
farley.blackmon@srmist.edu.in,"$argon2id$v=19$m=19456,t=2,p=1$eArnrLW1/rRzVwcR87bxEw$2A/rMWXO2MalZdh5hd4gbWYexoYip6qPZDyC0jg96MM",Farley Blackmon,student,,t,M.Sc. Maths,93d0ead2-8e2c-46f9-8832-ddf0d8325a25,2026-09-07 02:00:06.879652+00,2026-09-07 02:00:06.879652+00,2027,,M.Sc. Maths
farrah.blackstone@srmist.edu.in,"$argon2id$v=19$m=19456,t=2,p=1$eArnrLW1/rRzVwcR87bxEw$2A/rMWXO2MalZdh5hd4gbWYexoYip6qPZDyC0jg96MM",Farrah Blackstone,student,,t,M.Sc. Maths,93d0ead2-8e2c-46f9-8832-ddf0d8325a25,2026-09-07 02:00:06.879652+00,2026-09-07 02:00:06.879652+00,2027,,M.Sc. Maths
fatima.blackwood@srmist.edu.in,"$argon2id$v=19$m=19456,t=2,p=1$eArnrLW1/rRzVwcR87bxEw$2A/rMWXO2MalZdh5hd4gbWYexoYip6qPZDyC0jg96MM",Fatima Blackwood,student,,t,M.Sc. Maths,93d0ead2-8e2c-46f9-8832-ddf0d8325a25,2026-09-07 02:00:06.879652+00,2026-09-07 02:00:06.879652+00,2028,,M.Sc. Maths
faye.blades@srmist.edu.in,"$argon2id$v=19$m=19456,t=2,p=1$eArnrLW1/rRzVwcR87bxEw$2A/rMWXO2MalZdh5hd4gbWYexoYip6qPZDyC0jg96MM",Faye Blades,student,,t,M.Sc. Maths,93d0ead2-8e2c-46f9-8832-ddf0d8325a25,2026-09-07 02:00:06.879652+00,2026-09-07 02:00:06.879652+00,2028,,M.Sc. Maths
federica.blain@srmist.edu.in,"$argon2id$v=19$m=19456,t=2,p=1$eArnrLW1/rRzVwcR87bxEw$2A/rMWXO2MalZdh5hd4gbWYexoYip6qPZDyC0jg96MM",Federica Blain,student,,t,M.Sc. Maths,93d0ead2-8e2c-46f9-8832-ddf0d8325a25,2026-09-07 02:00:06.879652+00,2026-09-07 02:00:06.879652+00,2028,,M.Sc. Maths
federico.blair@srmist.edu.in,"$argon2id$v=19$m=19456,t=2,p=1$eArnrLW1/rRzVwcR87bxEw$2A/rMWXO2MalZdh5hd4gbWYexoYip6qPZDyC0jg96MM",Federico Blair,student,,t,M.Sc. Maths,93d0ead2-8e2c-46f9-8832-ddf0d8325a25,2026-09-07 02:00:06.879652+00,2026-09-07 02:00:06.879652+00,2028,,M.Sc. Maths
felicia.blaisdell@srmist.edu.in,"$argon2id$v=19$m=19456,t=2,p=1$eArnrLW1/rRzVwcR87bxEw$2A/rMWXO2MalZdh5hd4gbWYexoYip6qPZDyC0jg96MM",Felicia Blaisdell,student,,t,M.Sc. Maths,93d0ead2-8e2c-46f9-8832-ddf0d8325a25,2026-09-07 02:00:06.879652+00,2026-09-07 02:00:06.879652+00,2028,,M.Sc. Maths
felicity.blake@srmist.edu.in,"$argon2id$v=19$m=19456,t=2,p=1$eArnrLW1/rRzVwcR87bxEw$2A/rMWXO2MalZdh5hd4gbWYexoYip6qPZDyC0jg96MM",Felicity Blake,student,,t,M.Sc. Maths,93d0ead2-8e2c-46f9-8832-ddf0d8325a25,2026-09-07 02:00:06.879652+00,2026-09-07 02:00:06.879652+00,2028,,M.Sc. Maths
felipe.blakely@srmist.edu.in,"$argon2id$v=19$m=19456,t=2,p=1$eArnrLW1/rRzVwcR87bxEw$2A/rMWXO2MalZdh5hd4gbWYexoYip6qPZDyC0jg96MM",Felipe Blakely,student,,t,M.Sc. Maths,93d0ead2-8e2c-46f9-8832-ddf0d8325a25,2026-09-07 02:00:06.879652+00,2026-09-07 02:00:06.879652+00,2028,,M.Sc. Maths
felix.blalock@srmist.edu.in,"$argon2id$v=19$m=19456,t=2,p=1$eArnrLW1/rRzVwcR87bxEw$2A/rMWXO2MalZdh5hd4gbWYexoYip6qPZDyC0jg96MM",Felix Blalock,student,,t,M.Sc. Maths,93d0ead2-8e2c-46f9-8832-ddf0d8325a25,2026-09-07 02:00:06.879652+00,2026-09-07 02:00:06.879652+00,2028,,M.Sc. Maths
fernando.blanchard@srmist.edu.in,"$argon2id$v=19$m=19456,t=2,p=1$eArnrLW1/rRzVwcR87bxEw$2A/rMWXO2MalZdh5hd4gbWYexoYip6qPZDyC0jg96MM",Fernando Blanchard,student,,t,M.Sc. Maths,93d0ead2-8e2c-46f9-8832-ddf0d8325a25,2026-09-07 02:00:06.879652+00,2026-09-07 02:00:06.879652+00,2028,,M.Sc. Maths
fidel.blanco@srmist.edu.in,"$argon2id$v=19$m=19456,t=2,p=1$eArnrLW1/rRzVwcR87bxEw$2A/rMWXO2MalZdh5hd4gbWYexoYip6qPZDyC0jg96MM",Fidel Blanco,student,,t,M.Sc. Maths,93d0ead2-8e2c-46f9-8832-ddf0d8325a25,2026-09-07 02:00:06.879652+00,2026-09-07 02:00:06.879652+00,2028,,M.Sc. Maths
finbar.bland@srmist.edu.in,"$argon2id$v=19$m=19456,t=2,p=1$eArnrLW1/rRzVwcR87bxEw$2A/rMWXO2MalZdh5hd4gbWYexoYip6qPZDyC0jg96MM",Finbar Bland,student,,t,B.E. CSE,93d0ead2-8e2c-46f9-8832-ddf0d8325a25,2026-09-07 02:00:06.879652+00,2026-09-07 02:00:06.879652+00,2026,,B.E. CSE
findlay.blank@srmist.edu.in,"$argon2id$v=19$m=19456,t=2,p=1$eArnrLW1/rRzVwcR87bxEw$2A/rMWXO2MalZdh5hd4gbWYexoYip6qPZDyC0jg96MM",Findlay Blank,student,,t,B.E. CSE,93d0ead2-8e2c-46f9-8832-ddf0d8325a25,2026-09-07 02:00:06.879652+00,2026-09-07 02:00:06.879652+00,2026,,B.E. CSE
finley.blankenship@srmist.edu.in,"$argon2id$v=19$m=19456,t=2,p=1$eArnrLW1/rRzVwcR87bxEw$2A/rMWXO2MalZdh5hd4gbWYexoYip6qPZDyC0jg96MM",Finley Blankenship,student,,t,B.E. CSE,93d0ead2-8e2c-46f9-8832-ddf0d8325a25,2026-09-07 02:00:06.879652+00,2026-09-07 02:00:06.879652+00,2026,,B.E. CSE
finn.blanton@srmist.edu.in,"$argon2id$v=19$m=19456,t=2,p=1$eArnrLW1/rRzVwcR87bxEw$2A/rMWXO2MalZdh5hd4gbWYexoYip6qPZDyC0jg96MM",Finn Blanton,student,,t,B.E. CSE,93d0ead2-8e2c-46f9-8832-ddf0d8325a25,2026-09-07 02:00:06.879652+00,2026-09-07 02:00:06.879652+00,2026,,B.E. CSE
finnian.blaylock@srmist.edu.in,"$argon2id$v=19$m=19456,t=2,p=1$eArnrLW1/rRzVwcR87bxEw$2A/rMWXO2MalZdh5hd4gbWYexoYip6qPZDyC0jg96MM",Finnian Blaylock,student,,t,B.E. CSE,93d0ead2-8e2c-46f9-8832-ddf0d8325a25,2026-09-07 02:00:06.879652+00,2026-09-07 02:00:06.879652+00,2026,,B.E. CSE
fiona.blevins@srmist.edu.in,"$argon2id$v=19$m=19456,t=2,p=1$eArnrLW1/rRzVwcR87bxEw$2A/rMWXO2MalZdh5hd4gbWYexoYip6qPZDyC0jg96MM",Fiona Blevins,student,,t,B.E. CSE,93d0ead2-8e2c-46f9-8832-ddf0d8325a25,2026-09-07 02:00:06.879652+00,2026-09-07 02:00:06.879652+00,2026,,B.E. CSE
fletcher.bliss@srmist.edu.in,"$argon2id$v=19$m=19456,t=2,p=1$eArnrLW1/rRzVwcR87bxEw$2A/rMWXO2MalZdh5hd4gbWYexoYip6qPZDyC0jg96MM",Fletcher Bliss,student,,t,B.E. CSE,93d0ead2-8e2c-46f9-8832-ddf0d8325a25,2026-09-07 02:00:06.879652+00,2026-09-07 02:00:06.879652+00,2026,,B.E. CSE
flora.blizzard@srmist.edu.in,"$argon2id$v=19$m=19456,t=2,p=1$eArnrLW1/rRzVwcR87bxEw$2A/rMWXO2MalZdh5hd4gbWYexoYip6qPZDyC0jg96MM",Flora Blizzard,student,,t,B.E. CSE,93d0ead2-8e2c-46f9-8832-ddf0d8325a25,2026-09-07 02:00:06.879652+00,2026-09-07 02:00:06.879652+00,2026,,B.E. CSE
florence.blodgett@srmist.edu.in,"$argon2id$v=19$m=19456,t=2,p=1$eArnrLW1/rRzVwcR87bxEw$2A/rMWXO2MalZdh5hd4gbWYexoYip6qPZDyC0jg96MM",Florence Blodgett,student,,t,B.E. CSE,93d0ead2-8e2c-46f9-8832-ddf0d8325a25,2026-09-07 02:00:06.879652+00,2026-09-07 02:00:06.879652+00,2026,,B.E. CSE
florian.bloom@srmist.edu.in,"$argon2id$v=19$m=19456,t=2,p=1$eArnrLW1/rRzVwcR87bxEw$2A/rMWXO2MalZdh5hd4gbWYexoYip6qPZDyC0jg96MM",Florian Bloom,student,,t,B.E. CSE,93d0ead2-8e2c-46f9-8832-ddf0d8325a25,2026-09-07 02:00:06.879652+00,2026-09-07 02:00:06.879652+00,2026,,B.E. CSE
floyd.bloomberg@srmist.edu.in,"$argon2id$v=19$m=19456,t=2,p=1$eArnrLW1/rRzVwcR87bxEw$2A/rMWXO2MalZdh5hd4gbWYexoYip6qPZDyC0jg96MM",Floyd Bloomberg,student,,t,B.E. CSE,93d0ead2-8e2c-46f9-8832-ddf0d8325a25,2026-09-07 02:00:06.879652+00,2026-09-07 02:00:06.879652+00,2027,,B.E. CSE
flynn.blossom@srmist.edu.in,"$argon2id$v=19$m=19456,t=2,p=1$eArnrLW1/rRzVwcR87bxEw$2A/rMWXO2MalZdh5hd4gbWYexoYip6qPZDyC0jg96MM",Flynn Blossom,student,,t,B.E. CSE,93d0ead2-8e2c-46f9-8832-ddf0d8325a25,2026-09-07 02:00:06.879652+00,2026-09-07 02:00:06.879652+00,2027,,B.E. CSE
forest.blount@srmist.edu.in,"$argon2id$v=19$m=19456,t=2,p=1$eArnrLW1/rRzVwcR87bxEw$2A/rMWXO2MalZdh5hd4gbWYexoYip6qPZDyC0jg96MM",Forest Blount,student,,t,B.E. CSE,93d0ead2-8e2c-46f9-8832-ddf0d8325a25,2026-09-07 02:00:06.879652+00,2026-09-07 02:00:06.879652+00,2027,,B.E. CSE
forrest.blue@srmist.edu.in,"$argon2id$v=19$m=19456,t=2,p=1$eArnrLW1/rRzVwcR87bxEw$2A/rMWXO2MalZdh5hd4gbWYexoYip6qPZDyC0jg96MM",Forrest Blue,student,,t,B.E. CSE,93d0ead2-8e2c-46f9-8832-ddf0d8325a25,2026-09-07 02:00:06.879652+00,2026-09-07 02:00:06.879652+00,2027,,B.E. CSE
foster.blum@srmist.edu.in,"$argon2id$v=19$m=19456,t=2,p=1$eArnrLW1/rRzVwcR87bxEw$2A/rMWXO2MalZdh5hd4gbWYexoYip6qPZDyC0jg96MM",Foster Blum,student,,t,B.E. CSE,93d0ead2-8e2c-46f9-8832-ddf0d8325a25,2026-09-07 02:00:06.879652+00,2026-09-07 02:00:06.879652+00,2027,,B.E. CSE
frances.blythe@srmist.edu.in,"$argon2id$v=19$m=19456,t=2,p=1$eArnrLW1/rRzVwcR87bxEw$2A/rMWXO2MalZdh5hd4gbWYexoYip6qPZDyC0jg96MM",Frances Blythe,student,,t,B.E. CSE,93d0ead2-8e2c-46f9-8832-ddf0d8325a25,2026-09-07 02:00:06.879652+00,2026-09-07 02:00:06.879652+00,2027,,B.E. CSE
francesca.boardman@srmist.edu.in,"$argon2id$v=19$m=19456,t=2,p=1$eArnrLW1/rRzVwcR87bxEw$2A/rMWXO2MalZdh5hd4gbWYexoYip6qPZDyC0jg96MM",Francesca Boardman,student,,t,B.E. CSE,93d0ead2-8e2c-46f9-8832-ddf0d8325a25,2026-09-07 02:00:06.879652+00,2026-09-07 02:00:06.879652+00,2027,,B.E. CSE
francesco.boatwright@srmist.edu.in,"$argon2id$v=19$m=19456,t=2,p=1$eArnrLW1/rRzVwcR87bxEw$2A/rMWXO2MalZdh5hd4gbWYexoYip6qPZDyC0jg96MM",Francesco Boatwright,student,,t,B.E. CSE,93d0ead2-8e2c-46f9-8832-ddf0d8325a25,2026-09-07 02:00:06.879652+00,2026-09-07 02:00:06.879652+00,2027,,B.E. CSE
francis.bobo@srmist.edu.in,"$argon2id$v=19$m=19456,t=2,p=1$eArnrLW1/rRzVwcR87bxEw$2A/rMWXO2MalZdh5hd4gbWYexoYip6qPZDyC0jg96MM",Francis Bobo,student,,t,B.E. CSE,93d0ead2-8e2c-46f9-8832-ddf0d8325a25,2026-09-07 02:00:06.879652+00,2026-09-07 02:00:06.879652+00,2027,,B.E. CSE
francisca.bock@srmist.edu.in,"$argon2id$v=19$m=19456,t=2,p=1$eArnrLW1/rRzVwcR87bxEw$2A/rMWXO2MalZdh5hd4gbWYexoYip6qPZDyC0jg96MM",Francisca Bock,student,,t,B.E. CSE,93d0ead2-8e2c-46f9-8832-ddf0d8325a25,2026-09-07 02:00:06.879652+00,2026-09-07 02:00:06.879652+00,2027,,B.E. CSE
francisco.boehm@srmist.edu.in,"$argon2id$v=19$m=19456,t=2,p=1$eArnrLW1/rRzVwcR87bxEw$2A/rMWXO2MalZdh5hd4gbWYexoYip6qPZDyC0jg96MM",Francisco Boehm,student,,t,B.E. CSE,93d0ead2-8e2c-46f9-8832-ddf0d8325a25,2026-09-07 02:00:06.879652+00,2026-09-07 02:00:06.879652+00,2028,,B.E. CSE
frank.bogan@srmist.edu.in,"$argon2id$v=19$m=19456,t=2,p=1$eArnrLW1/rRzVwcR87bxEw$2A/rMWXO2MalZdh5hd4gbWYexoYip6qPZDyC0jg96MM",Frank Bogan,student,,t,B.E. CSE,93d0ead2-8e2c-46f9-8832-ddf0d8325a25,2026-09-07 02:00:06.879652+00,2026-09-07 02:00:06.879652+00,2028,,B.E. CSE
frankie.boggs@srmist.edu.in,"$argon2id$v=19$m=19456,t=2,p=1$eArnrLW1/rRzVwcR87bxEw$2A/rMWXO2MalZdh5hd4gbWYexoYip6qPZDyC0jg96MM",Frankie Boggs,student,,t,B.E. CSE,93d0ead2-8e2c-46f9-8832-ddf0d8325a25,2026-09-07 02:00:06.879652+00,2026-09-07 02:00:06.879652+00,2028,,B.E. CSE
franklin.bogle@srmist.edu.in,"$argon2id$v=19$m=19456,t=2,p=1$eArnrLW1/rRzVwcR87bxEw$2A/rMWXO2MalZdh5hd4gbWYexoYip6qPZDyC0jg96MM",Franklin Bogle,student,,t,B.E. CSE,93d0ead2-8e2c-46f9-8832-ddf0d8325a25,2026-09-07 02:00:06.879652+00,2026-09-07 02:00:06.879652+00,2028,,B.E. CSE
fred.bogue@srmist.edu.in,"$argon2id$v=19$m=19456,t=2,p=1$eArnrLW1/rRzVwcR87bxEw$2A/rMWXO2MalZdh5hd4gbWYexoYip6qPZDyC0jg96MM",Fred Bogue,student,,t,B.E. CSE,93d0ead2-8e2c-46f9-8832-ddf0d8325a25,2026-09-07 02:00:06.879652+00,2026-09-07 02:00:06.879652+00,2028,,B.E. CSE
freddie.bohlmann@srmist.edu.in,"$argon2id$v=19$m=19456,t=2,p=1$eArnrLW1/rRzVwcR87bxEw$2A/rMWXO2MalZdh5hd4gbWYexoYip6qPZDyC0jg96MM",Freddie Bohlmann,student,,t,B.E. CSE,93d0ead2-8e2c-46f9-8832-ddf0d8325a25,2026-09-07 02:00:06.879652+00,2026-09-07 02:00:06.879652+00,2028,,B.E. CSE
frederica.boland@srmist.edu.in,"$argon2id$v=19$m=19456,t=2,p=1$eArnrLW1/rRzVwcR87bxEw$2A/rMWXO2MalZdh5hd4gbWYexoYip6qPZDyC0jg96MM",Frederica Boland,student,,t,B.E. CSE,93d0ead2-8e2c-46f9-8832-ddf0d8325a25,2026-09-07 02:00:06.879652+00,2026-09-07 02:00:06.879652+00,2028,,B.E. CSE
frederick.bohman@srmist.edu.in,"$argon2id$v=19$m=19456,t=2,p=1$eArnrLW1/rRzVwcR87bxEw$2A/rMWXO2MalZdh5hd4gbWYexoYip6qPZDyC0jg96MM",Frederick Bohman,student,,t,B.E. CSE,93d0ead2-8e2c-46f9-8832-ddf0d8325a25,2026-09-07 02:00:06.879652+00,2026-09-07 02:00:06.879652+00,2028,,B.E. CSE
fredrick.bolden@srmist.edu.in,"$argon2id$v=19$m=19456,t=2,p=1$eArnrLW1/rRzVwcR87bxEw$2A/rMWXO2MalZdh5hd4gbWYexoYip6qPZDyC0jg96MM",Fredrick Bolden,student,,t,B.E. CSE,93d0ead2-8e2c-46f9-8832-ddf0d8325a25,2026-09-07 02:00:06.879652+00,2026-09-07 02:00:06.879652+00,2028,,B.E. CSE
freja.boles@srmist.edu.in,"$argon2id$v=19$m=19456,t=2,p=1$eArnrLW1/rRzVwcR87bxEw$2A/rMWXO2MalZdh5hd4gbWYexoYip6qPZDyC0jg96MM",Freja Boles,student,,t,B.E. CSE,93d0ead2-8e2c-46f9-8832-ddf0d8325a25,2026-09-07 02:00:06.879652+00,2026-09-07 02:00:06.879652+00,2028,,B.E. CSE
freya.bolin@srmist.edu.in,"$argon2id$v=19$m=19456,t=2,p=1$eArnrLW1/rRzVwcR87bxEw$2A/rMWXO2MalZdh5hd4gbWYexoYip6qPZDyC0jg96MM",Freya Bolin,student,,t,M.Tech. DS,93d0ead2-8e2c-46f9-8832-ddf0d8325a25,2026-09-07 02:00:06.879652+00,2026-09-07 02:00:06.879652+00,2026,,M.Tech. DS
fritz.boling@srmist.edu.in,"$argon2id$v=19$m=19456,t=2,p=1$eArnrLW1/rRzVwcR87bxEw$2A/rMWXO2MalZdh5hd4gbWYexoYip6qPZDyC0jg96MM",Fritz Boling,student,,t,M.Tech. DS,93d0ead2-8e2c-46f9-8832-ddf0d8325a25,2026-09-07 02:00:06.879652+00,2026-09-07 02:00:06.879652+00,2026,,M.Tech. DS
gabriela.bolton@srmist.edu.in,"$argon2id$v=19$m=19456,t=2,p=1$eArnrLW1/rRzVwcR87bxEw$2A/rMWXO2MalZdh5hd4gbWYexoYip6qPZDyC0jg96MM",Gabriela Bolton,student,,t,M.Tech. DS,93d0ead2-8e2c-46f9-8832-ddf0d8325a25,2026-09-07 02:00:06.879652+00,2026-09-07 02:00:06.879652+00,2026,,M.Tech. DS
gabriel.bollinger@srmist.edu.in,"$argon2id$v=19$m=19456,t=2,p=1$eArnrLW1/rRzVwcR87bxEw$2A/rMWXO2MalZdh5hd4gbWYexoYip6qPZDyC0jg96MM",Gabriel Bollinger,student,,t,M.Tech. DS,93d0ead2-8e2c-46f9-8832-ddf0d8325a25,2026-09-07 02:00:06.879652+00,2026-09-07 02:00:06.879652+00,2026,,M.Tech. DS
gabriella.bond@srmist.edu.in,"$argon2id$v=19$m=19456,t=2,p=1$eArnrLW1/rRzVwcR87bxEw$2A/rMWXO2MalZdh5hd4gbWYexoYip6qPZDyC0jg96MM",Gabriella Bond,student,,t,M.Tech. DS,93d0ead2-8e2c-46f9-8832-ddf0d8325a25,2026-09-07 02:00:06.879652+00,2026-09-07 02:00:06.879652+00,2026,,M.Tech. DS
gabrielle.bonds@srmist.edu.in,"$argon2id$v=19$m=19456,t=2,p=1$eArnrLW1/rRzVwcR87bxEw$2A/rMWXO2MalZdh5hd4gbWYexoYip6qPZDyC0jg96MM",Gabrielle Bonds,student,,t,M.Tech. DS,93d0ead2-8e2c-46f9-8832-ddf0d8325a25,2026-09-07 02:00:06.879652+00,2026-09-07 02:00:06.879652+00,2026,,M.Tech. DS
gael.bone@srmist.edu.in,"$argon2id$v=19$m=19456,t=2,p=1$eArnrLW1/rRzVwcR87bxEw$2A/rMWXO2MalZdh5hd4gbWYexoYip6qPZDyC0jg96MM",Gael Bone,student,,t,M.Tech. DS,93d0ead2-8e2c-46f9-8832-ddf0d8325a25,2026-09-07 02:00:06.879652+00,2026-09-07 02:00:06.879652+00,2026,,M.Tech. DS
gage.bonham@srmist.edu.in,"$argon2id$v=19$m=19456,t=2,p=1$eArnrLW1/rRzVwcR87bxEw$2A/rMWXO2MalZdh5hd4gbWYexoYip6qPZDyC0jg96MM",Gage Bonham,student,,t,M.Tech. DS,93d0ead2-8e2c-46f9-8832-ddf0d8325a25,2026-09-07 02:00:06.879652+00,2026-09-07 02:00:06.879652+00,2026,,M.Tech. DS
gajendra.bhattacharya@dgvaishnav.edu.in,"$argon2id$v=19$m=19456,t=2,p=1$eArnrLW1/rRzVwcR87bxEw$2A/rMWXO2MalZdh5hd4gbWYexoYip6qPZDyC0jg96MM",Gajendra Bhattacharya,student,,t,B.E. CSE,183b3f5e-8a32-4972-ac8b-cf77dfe6a6c5,2026-09-07 02:00:06.879652+00,2026-09-07 02:00:06.879652+00,2026,,B.E. CSE
gale.boniface@srmist.edu.in,"$argon2id$v=19$m=19456,t=2,p=1$eArnrLW1/rRzVwcR87bxEw$2A/rMWXO2MalZdh5hd4gbWYexoYip6qPZDyC0jg96MM",Gale Boniface,student,,t,M.Tech. DS,93d0ead2-8e2c-46f9-8832-ddf0d8325a25,2026-09-07 02:00:06.879652+00,2026-09-07 02:00:06.879652+00,2026,,M.Tech. DS
galen.bonner@srmist.edu.in,"$argon2id$v=19$m=19456,t=2,p=1$eArnrLW1/rRzVwcR87bxEw$2A/rMWXO2MalZdh5hd4gbWYexoYip6qPZDyC0jg96MM",Galen Bonner,student,,t,M.Tech. DS,93d0ead2-8e2c-46f9-8832-ddf0d8325a25,2026-09-07 02:00:06.879652+00,2026-09-07 02:00:06.879652+00,2026,,M.Tech. DS
ganesh.bhende@dgvaishnav.edu.in,"$argon2id$v=19$m=19456,t=2,p=1$eArnrLW1/rRzVwcR87bxEw$2A/rMWXO2MalZdh5hd4gbWYexoYip6qPZDyC0jg96MM",Ganesh Bhende,student,,t,B.E. CSE,183b3f5e-8a32-4972-ac8b-cf77dfe6a6c5,2026-09-07 02:00:06.879652+00,2026-09-07 02:00:06.879652+00,2027,,B.E. CSE
gannon.bonney@srmist.edu.in,"$argon2id$v=19$m=19456,t=2,p=1$eArnrLW1/rRzVwcR87bxEw$2A/rMWXO2MalZdh5hd4gbWYexoYip6qPZDyC0jg96MM",Gannon Bonney,student,,t,M.Tech. DS,93d0ead2-8e2c-46f9-8832-ddf0d8325a25,2026-09-07 02:00:06.879652+00,2026-09-07 02:00:06.879652+00,2027,,M.Tech. DS
gareth.bonsall@srmist.edu.in,"$argon2id$v=19$m=19456,t=2,p=1$eArnrLW1/rRzVwcR87bxEw$2A/rMWXO2MalZdh5hd4gbWYexoYip6qPZDyC0jg96MM",Gareth Bonsall,student,,t,M.Tech. DS,93d0ead2-8e2c-46f9-8832-ddf0d8325a25,2026-09-07 02:00:06.879652+00,2026-09-07 02:00:06.879652+00,2027,,M.Tech. DS
garima.bhavsar@dgvaishnav.edu.in,"$argon2id$v=19$m=19456,t=2,p=1$eArnrLW1/rRzVwcR87bxEw$2A/rMWXO2MalZdh5hd4gbWYexoYip6qPZDyC0jg96MM",Garima Bhavsar,student,,t,B.E. CSE,183b3f5e-8a32-4972-ac8b-cf77dfe6a6c5,2026-09-07 02:00:06.879652+00,2026-09-07 02:00:06.879652+00,2027,,B.E. CSE
garrett.booker@srmist.edu.in,"$argon2id$v=19$m=19456,t=2,p=1$eArnrLW1/rRzVwcR87bxEw$2A/rMWXO2MalZdh5hd4gbWYexoYip6qPZDyC0jg96MM",Garrett Booker,student,,t,M.Tech. DS,93d0ead2-8e2c-46f9-8832-ddf0d8325a25,2026-09-07 02:00:06.879652+00,2026-09-07 02:00:06.879652+00,2027,,M.Tech. DS
garry.boone@srmist.edu.in,"$argon2id$v=19$m=19456,t=2,p=1$eArnrLW1/rRzVwcR87bxEw$2A/rMWXO2MalZdh5hd4gbWYexoYip6qPZDyC0jg96MM",Garry Boone,student,,t,M.Tech. DS,93d0ead2-8e2c-46f9-8832-ddf0d8325a25,2026-09-07 02:00:06.879652+00,2026-09-07 02:00:06.879652+00,2027,,M.Tech. DS
garth.booth@srmist.edu.in,"$argon2id$v=19$m=19456,t=2,p=1$eArnrLW1/rRzVwcR87bxEw$2A/rMWXO2MalZdh5hd4gbWYexoYip6qPZDyC0jg96MM",Garth Booth,student,,t,M.Tech. DS,93d0ead2-8e2c-46f9-8832-ddf0d8325a25,2026-09-07 02:00:06.879652+00,2026-09-07 02:00:06.879652+00,2027,,M.Tech. DS
gary.boothe@srmist.edu.in,"$argon2id$v=19$m=19456,t=2,p=1$eArnrLW1/rRzVwcR87bxEw$2A/rMWXO2MalZdh5hd4gbWYexoYip6qPZDyC0jg96MM",Gary Boothe,student,,t,M.Tech. DS,93d0ead2-8e2c-46f9-8832-ddf0d8325a25,2026-09-07 02:00:06.879652+00,2026-09-07 02:00:06.879652+00,2027,,M.Tech. DS
gauri.bhonsle@dgvaishnav.edu.in,"$argon2id$v=19$m=19456,t=2,p=1$eArnrLW1/rRzVwcR87bxEw$2A/rMWXO2MalZdh5hd4gbWYexoYip6qPZDyC0jg96MM",Gauri Bhonsle,student,,t,B.E. CSE,183b3f5e-8a32-4972-ac8b-cf77dfe6a6c5,2026-09-07 02:00:06.879652+00,2026-09-07 02:00:06.879652+00,2027,,B.E. CSE
gautam.bhojwani@dgvaishnav.edu.in,"$argon2id$v=19$m=19456,t=2,p=1$eArnrLW1/rRzVwcR87bxEw$2A/rMWXO2MalZdh5hd4gbWYexoYip6qPZDyC0jg96MM",Gautam Bhojwani,student,,t,B.E. CSE,183b3f5e-8a32-4972-ac8b-cf77dfe6a6c5,2026-09-07 02:00:06.879652+00,2026-09-07 02:00:06.879652+00,2027,,B.E. CSE
gavin.borden@srmist.edu.in,"$argon2id$v=19$m=19456,t=2,p=1$eArnrLW1/rRzVwcR87bxEw$2A/rMWXO2MalZdh5hd4gbWYexoYip6qPZDyC0jg96MM",Gavin Borden,student,,t,M.Tech. DS,93d0ead2-8e2c-46f9-8832-ddf0d8325a25,2026-09-07 02:00:06.879652+00,2026-09-07 02:00:06.879652+00,2027,,M.Tech. DS
gayatri.bhuchar@dgvaishnav.edu.in,"$argon2id$v=19$m=19456,t=2,p=1$eArnrLW1/rRzVwcR87bxEw$2A/rMWXO2MalZdh5hd4gbWYexoYip6qPZDyC0jg96MM",Gayatri Bhuchar,student,,t,B.E. CSE,183b3f5e-8a32-4972-ac8b-cf77dfe6a6c5,2026-09-07 02:00:06.879652+00,2026-09-07 02:00:06.879652+00,2027,,B.E. CSE
geeta.birje@dgvaishnav.edu.in,"$argon2id$v=19$m=19456,t=2,p=1$eArnrLW1/rRzVwcR87bxEw$2A/rMWXO2MalZdh5hd4gbWYexoYip6qPZDyC0jg96MM",Geeta Birje,student,,t,B.E. CSE,183b3f5e-8a32-4972-ac8b-cf77dfe6a6c5,2026-09-07 02:00:06.879652+00,2026-09-07 02:00:06.879652+00,2027,,B.E. CSE
gemma.borders@srmist.edu.in,"$argon2id$v=19$m=19456,t=2,p=1$eArnrLW1/rRzVwcR87bxEw$2A/rMWXO2MalZdh5hd4gbWYexoYip6qPZDyC0jg96MM",Gemma Borders,student,,t,M.Tech. DS,93d0ead2-8e2c-46f9-8832-ddf0d8325a25,2026-09-07 02:00:06.879652+00,2026-09-07 02:00:06.879652+00,2027,,M.Tech. DS
gene.boren@srmist.edu.in,"$argon2id$v=19$m=19456,t=2,p=1$eArnrLW1/rRzVwcR87bxEw$2A/rMWXO2MalZdh5hd4gbWYexoYip6qPZDyC0jg96MM",Gene Boren,student,,t,M.Tech. DS,93d0ead2-8e2c-46f9-8832-ddf0d8325a25,2026-09-07 02:00:06.879652+00,2026-09-07 02:00:06.879652+00,2027,,M.Tech. DS
general.borland@srmist.edu.in,"$argon2id$v=19$m=19456,t=2,p=1$eArnrLW1/rRzVwcR87bxEw$2A/rMWXO2MalZdh5hd4gbWYexoYip6qPZDyC0jg96MM",General Borland,student,,t,M.Tech. DS,93d0ead2-8e2c-46f9-8832-ddf0d8325a25,2026-09-07 02:00:06.879652+00,2026-09-07 02:00:06.879652+00,2027,,M.Tech. DS
geneva.borowski@srmist.edu.in,"$argon2id$v=19$m=19456,t=2,p=1$eArnrLW1/rRzVwcR87bxEw$2A/rMWXO2MalZdh5hd4gbWYexoYip6qPZDyC0jg96MM",Geneva Borowski,student,,t,M.Tech. DS,93d0ead2-8e2c-46f9-8832-ddf0d8325a25,2026-09-07 02:00:06.879652+00,2026-09-07 02:00:06.879652+00,2028,,M.Tech. DS
genevieve.bostick@srmist.edu.in,"$argon2id$v=19$m=19456,t=2,p=1$eArnrLW1/rRzVwcR87bxEw$2A/rMWXO2MalZdh5hd4gbWYexoYip6qPZDyC0jg96MM",Genevieve Bostick,student,,t,M.Tech. DS,93d0ead2-8e2c-46f9-8832-ddf0d8325a25,2026-09-07 02:00:06.879652+00,2026-09-07 02:00:06.879652+00,2028,,M.Tech. DS
geoffrey.boston@srmist.edu.in,"$argon2id$v=19$m=19456,t=2,p=1$eArnrLW1/rRzVwcR87bxEw$2A/rMWXO2MalZdh5hd4gbWYexoYip6qPZDyC0jg96MM",Geoffrey Boston,student,,t,M.Tech. DS,93d0ead2-8e2c-46f9-8832-ddf0d8325a25,2026-09-07 02:00:06.879652+00,2026-09-07 02:00:06.879652+00,2028,,M.Tech. DS
george.boswell@srmist.edu.in,"$argon2id$v=19$m=19456,t=2,p=1$eArnrLW1/rRzVwcR87bxEw$2A/rMWXO2MalZdh5hd4gbWYexoYip6qPZDyC0jg96MM",George Boswell,student,,t,M.Tech. DS,93d0ead2-8e2c-46f9-8832-ddf0d8325a25,2026-09-07 02:00:06.879652+00,2026-09-07 02:00:06.879652+00,2028,,M.Tech. DS
georgia.bosworth@srmist.edu.in,"$argon2id$v=19$m=19456,t=2,p=1$eArnrLW1/rRzVwcR87bxEw$2A/rMWXO2MalZdh5hd4gbWYexoYip6qPZDyC0jg96MM",Georgia Bosworth,student,,t,M.Tech. DS,93d0ead2-8e2c-46f9-8832-ddf0d8325a25,2026-09-07 02:00:06.879652+00,2026-09-07 02:00:06.879652+00,2028,,M.Tech. DS
georgina.bouchard@srmist.edu.in,"$argon2id$v=19$m=19456,t=2,p=1$eArnrLW1/rRzVwcR87bxEw$2A/rMWXO2MalZdh5hd4gbWYexoYip6qPZDyC0jg96MM",Georgina Bouchard,student,,t,M.Tech. DS,93d0ead2-8e2c-46f9-8832-ddf0d8325a25,2026-09-07 02:00:06.879652+00,2026-09-07 02:00:06.879652+00,2028,,M.Tech. DS
gerald.boucher@srmist.edu.in,"$argon2id$v=19$m=19456,t=2,p=1$eArnrLW1/rRzVwcR87bxEw$2A/rMWXO2MalZdh5hd4gbWYexoYip6qPZDyC0jg96MM",Gerald Boucher,student,,t,M.Tech. DS,93d0ead2-8e2c-46f9-8832-ddf0d8325a25,2026-09-07 02:00:06.879652+00,2026-09-07 02:00:06.879652+00,2028,,M.Tech. DS
geraldine.boudreaux@srmist.edu.in,"$argon2id$v=19$m=19456,t=2,p=1$eArnrLW1/rRzVwcR87bxEw$2A/rMWXO2MalZdh5hd4gbWYexoYip6qPZDyC0jg96MM",Geraldine Boudreaux,student,,t,M.Tech. DS,93d0ead2-8e2c-46f9-8832-ddf0d8325a25,2026-09-07 02:00:06.879652+00,2026-09-07 02:00:06.879652+00,2028,,M.Tech. DS
gerard.boulet@srmist.edu.in,"$argon2id$v=19$m=19456,t=2,p=1$eArnrLW1/rRzVwcR87bxEw$2A/rMWXO2MalZdh5hd4gbWYexoYip6qPZDyC0jg96MM",Gerard Boulet,student,,t,M.Tech. DS,93d0ead2-8e2c-46f9-8832-ddf0d8325a25,2026-09-07 02:00:06.879652+00,2026-09-07 02:00:06.879652+00,2028,,M.Tech. DS
gerardo.bourgeois@srmist.edu.in,"$argon2id$v=19$m=19456,t=2,p=1$eArnrLW1/rRzVwcR87bxEw$2A/rMWXO2MalZdh5hd4gbWYexoYip6qPZDyC0jg96MM",Gerardo Bourgeois,student,,t,M.Tech. DS,93d0ead2-8e2c-46f9-8832-ddf0d8325a25,2026-09-07 02:00:06.879652+00,2026-09-07 02:00:06.879652+00,2028,,M.Tech. DS
german.bourne@srmist.edu.in,"$argon2id$v=19$m=19456,t=2,p=1$eArnrLW1/rRzVwcR87bxEw$2A/rMWXO2MalZdh5hd4gbWYexoYip6qPZDyC0jg96MM",German Bourne,student,,t,BBA,93d0ead2-8e2c-46f9-8832-ddf0d8325a25,2026-09-07 02:00:06.879652+00,2026-09-07 02:00:06.879652+00,2026,,BBA
gerry.boutwell@srmist.edu.in,"$argon2id$v=19$m=19456,t=2,p=1$eArnrLW1/rRzVwcR87bxEw$2A/rMWXO2MalZdh5hd4gbWYexoYip6qPZDyC0jg96MM",Gerry Boutwell,student,,t,BBA,93d0ead2-8e2c-46f9-8832-ddf0d8325a25,2026-09-07 02:00:06.879652+00,2026-09-07 02:00:06.879652+00,2026,,BBA
gertrude.bovard@srmist.edu.in,"$argon2id$v=19$m=19456,t=2,p=1$eArnrLW1/rRzVwcR87bxEw$2A/rMWXO2MalZdh5hd4gbWYexoYip6qPZDyC0jg96MM",Gertrude Bovard,student,,t,BBA,93d0ead2-8e2c-46f9-8832-ddf0d8325a25,2026-09-07 02:00:06.879652+00,2026-09-07 02:00:06.879652+00,2026,,BBA
gianna.bowen@srmist.edu.in,"$argon2id$v=19$m=19456,t=2,p=1$eArnrLW1/rRzVwcR87bxEw$2A/rMWXO2MalZdh5hd4gbWYexoYip6qPZDyC0jg96MM",Gianna Bowen,student,,t,BBA,93d0ead2-8e2c-46f9-8832-ddf0d8325a25,2026-09-07 02:00:06.879652+00,2026-09-07 02:00:06.879652+00,2026,,BBA
gideon.bower@srmist.edu.in,"$argon2id$v=19$m=19456,t=2,p=1$eArnrLW1/rRzVwcR87bxEw$2A/rMWXO2MalZdh5hd4gbWYexoYip6qPZDyC0jg96MM",Gideon Bower,student,,t,BBA,93d0ead2-8e2c-46f9-8832-ddf0d8325a25,2026-09-07 02:00:06.879652+00,2026-09-07 02:00:06.879652+00,2026,,BBA
gifford.bowers@srmist.edu.in,"$argon2id$v=19$m=19456,t=2,p=1$eArnrLW1/rRzVwcR87bxEw$2A/rMWXO2MalZdh5hd4gbWYexoYip6qPZDyC0jg96MM",Gifford Bowers,student,,t,BBA,93d0ead2-8e2c-46f9-8832-ddf0d8325a25,2026-09-07 02:00:06.879652+00,2026-09-07 02:00:06.879652+00,2026,,BBA
gilbert.bowker@srmist.edu.in,"$argon2id$v=19$m=19456,t=2,p=1$eArnrLW1/rRzVwcR87bxEw$2A/rMWXO2MalZdh5hd4gbWYexoYip6qPZDyC0jg96MM",Gilbert Bowker,student,,t,BBA,93d0ead2-8e2c-46f9-8832-ddf0d8325a25,2026-09-07 02:00:06.879652+00,2026-09-07 02:00:06.879652+00,2026,,BBA
gilberto.bowler@srmist.edu.in,"$argon2id$v=19$m=19456,t=2,p=1$eArnrLW1/rRzVwcR87bxEw$2A/rMWXO2MalZdh5hd4gbWYexoYip6qPZDyC0jg96MM",Gilberto Bowler,student,,t,BBA,93d0ead2-8e2c-46f9-8832-ddf0d8325a25,2026-09-07 02:00:06.879652+00,2026-09-07 02:00:06.879652+00,2026,,BBA
gilda.bowles@srmist.edu.in,"$argon2id$v=19$m=19456,t=2,p=1$eArnrLW1/rRzVwcR87bxEw$2A/rMWXO2MalZdh5hd4gbWYexoYip6qPZDyC0jg96MM",Gilda Bowles,student,,t,BBA,93d0ead2-8e2c-46f9-8832-ddf0d8325a25,2026-09-07 02:00:06.879652+00,2026-09-07 02:00:06.879652+00,2026,,BBA
giles.bowling@srmist.edu.in,"$argon2id$v=19$m=19456,t=2,p=1$eArnrLW1/rRzVwcR87bxEw$2A/rMWXO2MalZdh5hd4gbWYexoYip6qPZDyC0jg96MM",Giles Bowling,student,,t,BBA,93d0ead2-8e2c-46f9-8832-ddf0d8325a25,2026-09-07 02:00:06.879652+00,2026-09-07 02:00:06.879652+00,2026,,BBA
gillian.bowman@srmist.edu.in,"$argon2id$v=19$m=19456,t=2,p=1$eArnrLW1/rRzVwcR87bxEw$2A/rMWXO2MalZdh5hd4gbWYexoYip6qPZDyC0jg96MM",Gillian Bowman,student,,t,BBA,93d0ead2-8e2c-46f9-8832-ddf0d8325a25,2026-09-07 02:00:06.879652+00,2026-09-07 02:00:06.879652+00,2027,,BBA
gino.bowser@srmist.edu.in,"$argon2id$v=19$m=19456,t=2,p=1$eArnrLW1/rRzVwcR87bxEw$2A/rMWXO2MalZdh5hd4gbWYexoYip6qPZDyC0jg96MM",Gino Bowser,student,,t,BBA,93d0ead2-8e2c-46f9-8832-ddf0d8325a25,2026-09-07 02:00:06.879652+00,2026-09-07 02:00:06.879652+00,2027,,BBA
giorgio.boyce@srmist.edu.in,"$argon2id$v=19$m=19456,t=2,p=1$eArnrLW1/rRzVwcR87bxEw$2A/rMWXO2MalZdh5hd4gbWYexoYip6qPZDyC0jg96MM",Giorgio Boyce,student,,t,BBA,93d0ead2-8e2c-46f9-8832-ddf0d8325a25,2026-09-07 02:00:06.879652+00,2026-09-07 02:00:06.879652+00,2027,,BBA
giovanni.boyd@srmist.edu.in,"$argon2id$v=19$m=19456,t=2,p=1$eArnrLW1/rRzVwcR87bxEw$2A/rMWXO2MalZdh5hd4gbWYexoYip6qPZDyC0jg96MM",Giovanni Boyd,student,,t,BBA,93d0ead2-8e2c-46f9-8832-ddf0d8325a25,2026-09-07 02:00:06.879652+00,2026-09-07 02:00:06.879652+00,2027,,BBA
girish.bindra@dgvaishnav.edu.in,"$argon2id$v=19$m=19456,t=2,p=1$eArnrLW1/rRzVwcR87bxEw$2A/rMWXO2MalZdh5hd4gbWYexoYip6qPZDyC0jg96MM",Girish Bindra,student,,t,B.E. CSE,183b3f5e-8a32-4972-ac8b-cf77dfe6a6c5,2026-09-07 02:00:06.879652+00,2026-09-07 02:00:06.879652+00,2027,,B.E. CSE
giselle.boyer@srmist.edu.in,"$argon2id$v=19$m=19456,t=2,p=1$eArnrLW1/rRzVwcR87bxEw$2A/rMWXO2MalZdh5hd4gbWYexoYip6qPZDyC0jg96MM",Giselle Boyer,student,,t,BBA,93d0ead2-8e2c-46f9-8832-ddf0d8325a25,2026-09-07 02:00:06.879652+00,2026-09-07 02:00:06.879652+00,2027,,BBA
gitanjali.biswas@dgvaishnav.edu.in,"$argon2id$v=19$m=19456,t=2,p=1$eArnrLW1/rRzVwcR87bxEw$2A/rMWXO2MalZdh5hd4gbWYexoYip6qPZDyC0jg96MM",Gitanjali Biswas,student,,t,B.E. CSE,183b3f5e-8a32-4972-ac8b-cf77dfe6a6c5,2026-09-07 02:00:06.879652+00,2026-09-07 02:00:06.879652+00,2027,,B.E. CSE
gladys.boykin@srmist.edu.in,"$argon2id$v=19$m=19456,t=2,p=1$eArnrLW1/rRzVwcR87bxEw$2A/rMWXO2MalZdh5hd4gbWYexoYip6qPZDyC0jg96MM",Gladys Boykin,student,,t,BBA,93d0ead2-8e2c-46f9-8832-ddf0d8325a25,2026-09-07 02:00:06.879652+00,2026-09-07 02:00:06.879652+00,2027,,BBA
glen.boylan@srmist.edu.in,"$argon2id$v=19$m=19456,t=2,p=1$eArnrLW1/rRzVwcR87bxEw$2A/rMWXO2MalZdh5hd4gbWYexoYip6qPZDyC0jg96MM",Glen Boylan,student,,t,BBA,93d0ead2-8e2c-46f9-8832-ddf0d8325a25,2026-09-07 02:00:06.879652+00,2026-09-07 02:00:06.879652+00,2027,,BBA
glenda.boyle@srmist.edu.in,"$argon2id$v=19$m=19456,t=2,p=1$eArnrLW1/rRzVwcR87bxEw$2A/rMWXO2MalZdh5hd4gbWYexoYip6qPZDyC0jg96MM",Glenda Boyle,student,,t,BBA,93d0ead2-8e2c-46f9-8832-ddf0d8325a25,2026-09-07 02:00:06.879652+00,2026-09-07 02:00:06.879652+00,2027,,BBA
glenn.boyles@srmist.edu.in,"$argon2id$v=19$m=19456,t=2,p=1$eArnrLW1/rRzVwcR87bxEw$2A/rMWXO2MalZdh5hd4gbWYexoYip6qPZDyC0jg96MM",Glenn Boyles,student,,t,BBA,93d0ead2-8e2c-46f9-8832-ddf0d8325a25,2026-09-07 02:00:06.879652+00,2026-09-07 02:00:06.879652+00,2027,,BBA
gloria.boynton@srmist.edu.in,"$argon2id$v=19$m=19456,t=2,p=1$eArnrLW1/rRzVwcR87bxEw$2A/rMWXO2MalZdh5hd4gbWYexoYip6qPZDyC0jg96MM",Gloria Boynton,student,,t,BBA,93d0ead2-8e2c-46f9-8832-ddf0d8325a25,2026-09-07 02:00:06.879652+00,2026-09-07 02:00:06.879652+00,2027,,BBA
gopal.bisht@dgvaishnav.edu.in,"$argon2id$v=19$m=19456,t=2,p=1$eArnrLW1/rRzVwcR87bxEw$2A/rMWXO2MalZdh5hd4gbWYexoYip6qPZDyC0jg96MM",Gopal Bisht,student,,t,B.E. CSE,183b3f5e-8a32-4972-ac8b-cf77dfe6a6c5,2026-09-07 02:00:06.879652+00,2026-09-07 02:00:06.879652+00,2027,,B.E. CSE
gordon.bracken@srmist.edu.in,"$argon2id$v=19$m=19456,t=2,p=1$eArnrLW1/rRzVwcR87bxEw$2A/rMWXO2MalZdh5hd4gbWYexoYip6qPZDyC0jg96MM",Gordon Bracken,student,,t,BBA,93d0ead2-8e2c-46f9-8832-ddf0d8325a25,2026-09-07 02:00:06.879652+00,2026-09-07 02:00:06.879652+00,2028,,BBA
govind.bodas@dgvaishnav.edu.in,"$argon2id$v=19$m=19456,t=2,p=1$eArnrLW1/rRzVwcR87bxEw$2A/rMWXO2MalZdh5hd4gbWYexoYip6qPZDyC0jg96MM",Govind Bodas,student,,t,B.E. CSE,183b3f5e-8a32-4972-ac8b-cf77dfe6a6c5,2026-09-07 02:00:06.879652+00,2026-09-07 02:00:06.879652+00,2027,,B.E. CSE
grace.bradbury@srmist.edu.in,"$argon2id$v=19$m=19456,t=2,p=1$eArnrLW1/rRzVwcR87bxEw$2A/rMWXO2MalZdh5hd4gbWYexoYip6qPZDyC0jg96MM",Grace Bradbury,student,,t,BBA,93d0ead2-8e2c-46f9-8832-ddf0d8325a25,2026-09-07 02:00:06.879652+00,2026-09-07 02:00:06.879652+00,2028,,BBA
gracie.bradford@srmist.edu.in,"$argon2id$v=19$m=19456,t=2,p=1$eArnrLW1/rRzVwcR87bxEw$2A/rMWXO2MalZdh5hd4gbWYexoYip6qPZDyC0jg96MM",Gracie Bradford,student,,t,BBA,93d0ead2-8e2c-46f9-8832-ddf0d8325a25,2026-09-07 02:00:06.879652+00,2026-09-07 02:00:06.879652+00,2028,,BBA
graeme.bradley@srmist.edu.in,"$argon2id$v=19$m=19456,t=2,p=1$eArnrLW1/rRzVwcR87bxEw$2A/rMWXO2MalZdh5hd4gbWYexoYip6qPZDyC0jg96MM",Graeme Bradley,student,,t,BBA,93d0ead2-8e2c-46f9-8832-ddf0d8325a25,2026-09-07 02:00:06.879652+00,2026-09-07 02:00:06.879652+00,2028,,BBA
graham.bradshaw@srmist.edu.in,"$argon2id$v=19$m=19456,t=2,p=1$eArnrLW1/rRzVwcR87bxEw$2A/rMWXO2MalZdh5hd4gbWYexoYip6qPZDyC0jg96MM",Graham Bradshaw,student,,t,BBA,93d0ead2-8e2c-46f9-8832-ddf0d8325a25,2026-09-07 02:00:06.879652+00,2026-09-07 02:00:06.879652+00,2028,,BBA
grant.brady@srmist.edu.in,"$argon2id$v=19$m=19456,t=2,p=1$eArnrLW1/rRzVwcR87bxEw$2A/rMWXO2MalZdh5hd4gbWYexoYip6qPZDyC0jg96MM",Grant Brady,student,,t,BBA,93d0ead2-8e2c-46f9-8832-ddf0d8325a25,2026-09-07 02:00:06.879652+00,2026-09-07 02:00:06.879652+00,2028,,BBA
grayson.bragg@srmist.edu.in,"$argon2id$v=19$m=19456,t=2,p=1$eArnrLW1/rRzVwcR87bxEw$2A/rMWXO2MalZdh5hd4gbWYexoYip6qPZDyC0jg96MM",Grayson Bragg,student,,t,BBA,93d0ead2-8e2c-46f9-8832-ddf0d8325a25,2026-09-07 02:00:06.879652+00,2026-09-07 02:00:06.879652+00,2028,,BBA
greg.brainard@srmist.edu.in,"$argon2id$v=19$m=19456,t=2,p=1$eArnrLW1/rRzVwcR87bxEw$2A/rMWXO2MalZdh5hd4gbWYexoYip6qPZDyC0jg96MM",Greg Brainard,student,,t,BBA,93d0ead2-8e2c-46f9-8832-ddf0d8325a25,2026-09-07 02:00:06.879652+00,2026-09-07 02:00:06.879652+00,2028,,BBA
gregg.bramble@srmist.edu.in,"$argon2id$v=19$m=19456,t=2,p=1$eArnrLW1/rRzVwcR87bxEw$2A/rMWXO2MalZdh5hd4gbWYexoYip6qPZDyC0jg96MM",Gregg Bramble,student,,t,BBA,93d0ead2-8e2c-46f9-8832-ddf0d8325a25,2026-09-07 02:00:06.879652+00,2026-09-07 02:00:06.879652+00,2028,,BBA
gregory.bramlett@srmist.edu.in,"$argon2id$v=19$m=19456,t=2,p=1$eArnrLW1/rRzVwcR87bxEw$2A/rMWXO2MalZdh5hd4gbWYexoYip6qPZDyC0jg96MM",Gregory Bramlett,student,,t,BBA,93d0ead2-8e2c-46f9-8832-ddf0d8325a25,2026-09-07 02:00:06.879652+00,2026-09-07 02:00:06.879652+00,2028,,BBA
greta.branch@cmi.ac.in,"$argon2id$v=19$m=19456,t=2,p=1$eArnrLW1/rRzVwcR87bxEw$2A/rMWXO2MalZdh5hd4gbWYexoYip6qPZDyC0jg96MM",Greta Branch,faculty,,t,B.Sc. Biochem,fb494ad8-2344-4dc2-ad66-62d67fb06acf,2026-09-07 02:00:06.879652+00,2026-09-07 02:00:06.879652+00,,,B.Sc. Biochem
gretchen.brand@cmi.ac.in,"$argon2id$v=19$m=19456,t=2,p=1$eArnrLW1/rRzVwcR87bxEw$2A/rMWXO2MalZdh5hd4gbWYexoYip6qPZDyC0jg96MM",Gretchen Brand,faculty,,t,M.Sc. Maths,fb494ad8-2344-4dc2-ad66-62d67fb06acf,2026-09-07 02:00:06.879652+00,2026-09-07 02:00:06.879652+00,,,M.Sc. Maths
grey.brandeis@cmi.ac.in,"$argon2id$v=19$m=19456,t=2,p=1$eArnrLW1/rRzVwcR87bxEw$2A/rMWXO2MalZdh5hd4gbWYexoYip6qPZDyC0jg96MM",Grey Brandeis,faculty,,t,B.E. CSE,fb494ad8-2344-4dc2-ad66-62d67fb06acf,2026-09-07 02:00:06.879652+00,2026-09-07 02:00:06.879652+00,,,B.E. CSE
griffin.brandenberger@cmi.ac.in,"$argon2id$v=19$m=19456,t=2,p=1$eArnrLW1/rRzVwcR87bxEw$2A/rMWXO2MalZdh5hd4gbWYexoYip6qPZDyC0jg96MM",Griffin Brandenberger,faculty,,t,M.Tech. DS,fb494ad8-2344-4dc2-ad66-62d67fb06acf,2026-09-07 02:00:06.879652+00,2026-09-07 02:00:06.879652+00,,,M.Tech. DS
grover.brandenburg@cmi.ac.in,"$argon2id$v=19$m=19456,t=2,p=1$eArnrLW1/rRzVwcR87bxEw$2A/rMWXO2MalZdh5hd4gbWYexoYip6qPZDyC0jg96MM",Grover Brandenburg,faculty,,t,BBA,fb494ad8-2344-4dc2-ad66-62d67fb06acf,2026-09-07 02:00:06.879652+00,2026-09-07 02:00:06.879652+00,,,BBA
guadalupe.brandon@cmi.ac.in,"$argon2id$v=19$m=19456,t=2,p=1$eArnrLW1/rRzVwcR87bxEw$2A/rMWXO2MalZdh5hd4gbWYexoYip6qPZDyC0jg96MM",Guadalupe Brandon,student,,t,B.Sc. Biochem,fb494ad8-2344-4dc2-ad66-62d67fb06acf,2026-09-07 02:00:06.879652+00,2026-09-07 02:00:06.879652+00,2026,,B.Sc. Biochem
gulshan.bora@dgvaishnav.edu.in,"$argon2id$v=19$m=19456,t=2,p=1$eArnrLW1/rRzVwcR87bxEw$2A/rMWXO2MalZdh5hd4gbWYexoYip6qPZDyC0jg96MM",Gulshan Bora,student,,t,B.E. CSE,183b3f5e-8a32-4972-ac8b-cf77dfe6a6c5,2026-09-07 02:00:06.879652+00,2026-09-07 02:00:06.879652+00,2028,,B.E. CSE
gunjan.bohra@dgvaishnav.edu.in,"$argon2id$v=19$m=19456,t=2,p=1$eArnrLW1/rRzVwcR87bxEw$2A/rMWXO2MalZdh5hd4gbWYexoYip6qPZDyC0jg96MM",Gunjan Bohra,student,,t,B.E. CSE,183b3f5e-8a32-4972-ac8b-cf77dfe6a6c5,2026-09-07 02:00:06.879652+00,2026-09-07 02:00:06.879652+00,2028,,B.E. CSE
gunnar.brandt@cmi.ac.in,"$argon2id$v=19$m=19456,t=2,p=1$eArnrLW1/rRzVwcR87bxEw$2A/rMWXO2MalZdh5hd4gbWYexoYip6qPZDyC0jg96MM",Gunnar Brandt,student,,t,B.Sc. Biochem,fb494ad8-2344-4dc2-ad66-62d67fb06acf,2026-09-07 02:00:06.879652+00,2026-09-07 02:00:06.879652+00,2026,,B.Sc. Biochem
gunther.branham@cmi.ac.in,"$argon2id$v=19$m=19456,t=2,p=1$eArnrLW1/rRzVwcR87bxEw$2A/rMWXO2MalZdh5hd4gbWYexoYip6qPZDyC0jg96MM",Gunther Branham,student,,t,B.Sc. Biochem,fb494ad8-2344-4dc2-ad66-62d67fb06acf,2026-09-07 02:00:06.879652+00,2026-09-07 02:00:06.879652+00,2026,,B.Sc. Biochem
gus.brannon@cmi.ac.in,"$argon2id$v=19$m=19456,t=2,p=1$eArnrLW1/rRzVwcR87bxEw$2A/rMWXO2MalZdh5hd4gbWYexoYip6qPZDyC0jg96MM",Gus Brannon,student,,t,B.Sc. Biochem,fb494ad8-2344-4dc2-ad66-62d67fb06acf,2026-09-07 02:00:06.879652+00,2026-09-07 02:00:06.879652+00,2026,,B.Sc. Biochem
gustavo.branson@cmi.ac.in,"$argon2id$v=19$m=19456,t=2,p=1$eArnrLW1/rRzVwcR87bxEw$2A/rMWXO2MalZdh5hd4gbWYexoYip6qPZDyC0jg96MM",Gustavo Branson,student,,t,B.Sc. Biochem,fb494ad8-2344-4dc2-ad66-62d67fb06acf,2026-09-07 02:00:06.879652+00,2026-09-07 02:00:06.879652+00,2026,,B.Sc. Biochem
guy.brant@cmi.ac.in,"$argon2id$v=19$m=19456,t=2,p=1$eArnrLW1/rRzVwcR87bxEw$2A/rMWXO2MalZdh5hd4gbWYexoYip6qPZDyC0jg96MM",Guy Brant,student,,t,B.Sc. Biochem,fb494ad8-2344-4dc2-ad66-62d67fb06acf,2026-09-07 02:00:06.879652+00,2026-09-07 02:00:06.879652+00,2026,,B.Sc. Biochem
gwen.brantley@cmi.ac.in,"$argon2id$v=19$m=19456,t=2,p=1$eArnrLW1/rRzVwcR87bxEw$2A/rMWXO2MalZdh5hd4gbWYexoYip6qPZDyC0jg96MM",Gwen Brantley,student,,t,B.Sc. Biochem,fb494ad8-2344-4dc2-ad66-62d67fb06acf,2026-09-07 02:00:06.879652+00,2026-09-07 02:00:06.879652+00,2026,,B.Sc. Biochem
gwendolyn.brashear@cmi.ac.in,"$argon2id$v=19$m=19456,t=2,p=1$eArnrLW1/rRzVwcR87bxEw$2A/rMWXO2MalZdh5hd4gbWYexoYip6qPZDyC0jg96MM",Gwendolyn Brashear,student,,t,B.Sc. Biochem,fb494ad8-2344-4dc2-ad66-62d67fb06acf,2026-09-07 02:00:06.879652+00,2026-09-07 02:00:06.879652+00,2026,,B.Sc. Biochem
gwyneth.brasher@cmi.ac.in,"$argon2id$v=19$m=19456,t=2,p=1$eArnrLW1/rRzVwcR87bxEw$2A/rMWXO2MalZdh5hd4gbWYexoYip6qPZDyC0jg96MM",Gwyneth Brasher,student,,t,B.Sc. Biochem,fb494ad8-2344-4dc2-ad66-62d67fb06acf,2026-09-07 02:00:06.879652+00,2026-09-07 02:00:06.879652+00,2026,,B.Sc. Biochem
hadley.brass@cmi.ac.in,"$argon2id$v=19$m=19456,t=2,p=1$eArnrLW1/rRzVwcR87bxEw$2A/rMWXO2MalZdh5hd4gbWYexoYip6qPZDyC0jg96MM",Hadley Brass,student,,t,B.Sc. Biochem,fb494ad8-2344-4dc2-ad66-62d67fb06acf,2026-09-07 02:00:06.879652+00,2026-09-07 02:00:06.879652+00,2026,,B.Sc. Biochem
hagen.braswell@cmi.ac.in,"$argon2id$v=19$m=19456,t=2,p=1$eArnrLW1/rRzVwcR87bxEw$2A/rMWXO2MalZdh5hd4gbWYexoYip6qPZDyC0jg96MM",Hagen Braswell,student,,t,B.Sc. Biochem,fb494ad8-2344-4dc2-ad66-62d67fb06acf,2026-09-07 02:00:06.879652+00,2026-09-07 02:00:06.879652+00,2027,,B.Sc. Biochem
hailee.bratton@cmi.ac.in,"$argon2id$v=19$m=19456,t=2,p=1$eArnrLW1/rRzVwcR87bxEw$2A/rMWXO2MalZdh5hd4gbWYexoYip6qPZDyC0jg96MM",Hailee Bratton,student,,t,B.Sc. Biochem,fb494ad8-2344-4dc2-ad66-62d67fb06acf,2026-09-07 02:00:06.879652+00,2026-09-07 02:00:06.879652+00,2027,,B.Sc. Biochem
hailey.braun@cmi.ac.in,"$argon2id$v=19$m=19456,t=2,p=1$eArnrLW1/rRzVwcR87bxEw$2A/rMWXO2MalZdh5hd4gbWYexoYip6qPZDyC0jg96MM",Hailey Braun,student,,t,B.Sc. Biochem,fb494ad8-2344-4dc2-ad66-62d67fb06acf,2026-09-07 02:00:06.879652+00,2026-09-07 02:00:06.879652+00,2027,,B.Sc. Biochem
hakeem.bravo@cmi.ac.in,"$argon2id$v=19$m=19456,t=2,p=1$eArnrLW1/rRzVwcR87bxEw$2A/rMWXO2MalZdh5hd4gbWYexoYip6qPZDyC0jg96MM",Hakeem Bravo,student,,t,B.Sc. Biochem,fb494ad8-2344-4dc2-ad66-62d67fb06acf,2026-09-07 02:00:06.879652+00,2026-09-07 02:00:06.879652+00,2027,,B.Sc. Biochem
hal.braxton@cmi.ac.in,"$argon2id$v=19$m=19456,t=2,p=1$eArnrLW1/rRzVwcR87bxEw$2A/rMWXO2MalZdh5hd4gbWYexoYip6qPZDyC0jg96MM",Hal Braxton,student,,t,B.Sc. Biochem,fb494ad8-2344-4dc2-ad66-62d67fb06acf,2026-09-07 02:00:06.879652+00,2026-09-07 02:00:06.879652+00,2027,,B.Sc. Biochem
halee.bray@cmi.ac.in,"$argon2id$v=19$m=19456,t=2,p=1$eArnrLW1/rRzVwcR87bxEw$2A/rMWXO2MalZdh5hd4gbWYexoYip6qPZDyC0jg96MM",Halee Bray,student,,t,B.Sc. Biochem,fb494ad8-2344-4dc2-ad66-62d67fb06acf,2026-09-07 02:00:06.879652+00,2026-09-07 02:00:06.879652+00,2027,,B.Sc. Biochem
haley.brazelton@cmi.ac.in,"$argon2id$v=19$m=19456,t=2,p=1$eArnrLW1/rRzVwcR87bxEw$2A/rMWXO2MalZdh5hd4gbWYexoYip6qPZDyC0jg96MM",Haley Brazelton,student,,t,B.Sc. Biochem,fb494ad8-2344-4dc2-ad66-62d67fb06acf,2026-09-07 02:00:06.879652+00,2026-09-07 02:00:06.879652+00,2027,,B.Sc. Biochem
hali.breaux@cmi.ac.in,"$argon2id$v=19$m=19456,t=2,p=1$eArnrLW1/rRzVwcR87bxEw$2A/rMWXO2MalZdh5hd4gbWYexoYip6qPZDyC0jg96MM",Hali Breaux,student,,t,B.Sc. Biochem,fb494ad8-2344-4dc2-ad66-62d67fb06acf,2026-09-07 02:00:06.879652+00,2026-09-07 02:00:06.879652+00,2027,,B.Sc. Biochem
hallie.breckenridge@cmi.ac.in,"$argon2id$v=19$m=19456,t=2,p=1$eArnrLW1/rRzVwcR87bxEw$2A/rMWXO2MalZdh5hd4gbWYexoYip6qPZDyC0jg96MM",Hallie Breckenridge,student,,t,B.Sc. Biochem,fb494ad8-2344-4dc2-ad66-62d67fb06acf,2026-09-07 02:00:06.879652+00,2026-09-07 02:00:06.879652+00,2027,,B.Sc. Biochem
hamilton.breed@cmi.ac.in,"$argon2id$v=19$m=19456,t=2,p=1$eArnrLW1/rRzVwcR87bxEw$2A/rMWXO2MalZdh5hd4gbWYexoYip6qPZDyC0jg96MM",Hamilton Breed,student,,t,B.Sc. Biochem,fb494ad8-2344-4dc2-ad66-62d67fb06acf,2026-09-07 02:00:06.879652+00,2026-09-07 02:00:06.879652+00,2028,,B.Sc. Biochem
hamish.breckinridge@cmi.ac.in,"$argon2id$v=19$m=19456,t=2,p=1$eArnrLW1/rRzVwcR87bxEw$2A/rMWXO2MalZdh5hd4gbWYexoYip6qPZDyC0jg96MM",Hamish Breckinridge,student,,t,B.Sc. Biochem,fb494ad8-2344-4dc2-ad66-62d67fb06acf,2026-09-07 02:00:06.879652+00,2026-09-07 02:00:06.879652+00,2027,,B.Sc. Biochem
hank.breedlove@cmi.ac.in,"$argon2id$v=19$m=19456,t=2,p=1$eArnrLW1/rRzVwcR87bxEw$2A/rMWXO2MalZdh5hd4gbWYexoYip6qPZDyC0jg96MM",Hank Breedlove,student,,t,B.Sc. Biochem,fb494ad8-2344-4dc2-ad66-62d67fb06acf,2026-09-07 02:00:06.879652+00,2026-09-07 02:00:06.879652+00,2028,,B.Sc. Biochem
hanna.breen@cmi.ac.in,"$argon2id$v=19$m=19456,t=2,p=1$eArnrLW1/rRzVwcR87bxEw$2A/rMWXO2MalZdh5hd4gbWYexoYip6qPZDyC0jg96MM",Hanna Breen,student,,t,B.Sc. Biochem,fb494ad8-2344-4dc2-ad66-62d67fb06acf,2026-09-07 02:00:06.879652+00,2026-09-07 02:00:06.879652+00,2028,,B.Sc. Biochem
hannah.bremer@cmi.ac.in,"$argon2id$v=19$m=19456,t=2,p=1$eArnrLW1/rRzVwcR87bxEw$2A/rMWXO2MalZdh5hd4gbWYexoYip6qPZDyC0jg96MM",Hannah Bremer,student,,t,B.Sc. Biochem,fb494ad8-2344-4dc2-ad66-62d67fb06acf,2026-09-07 02:00:06.879652+00,2026-09-07 02:00:06.879652+00,2028,,B.Sc. Biochem
hans.brennan@cmi.ac.in,"$argon2id$v=19$m=19456,t=2,p=1$eArnrLW1/rRzVwcR87bxEw$2A/rMWXO2MalZdh5hd4gbWYexoYip6qPZDyC0jg96MM",Hans Brennan,student,,t,B.Sc. Biochem,fb494ad8-2344-4dc2-ad66-62d67fb06acf,2026-09-07 02:00:06.879652+00,2026-09-07 02:00:06.879652+00,2028,,B.Sc. Biochem
hardik.borkar@dgvaishnav.edu.in,"$argon2id$v=19$m=19456,t=2,p=1$eArnrLW1/rRzVwcR87bxEw$2A/rMWXO2MalZdh5hd4gbWYexoYip6qPZDyC0jg96MM",Hardik Borkar,student,,t,B.E. CSE,183b3f5e-8a32-4972-ac8b-cf77dfe6a6c5,2026-09-07 02:00:06.879652+00,2026-09-07 02:00:06.879652+00,2028,,B.E. CSE
harini.bordoloi@dgvaishnav.edu.in,"$argon2id$v=19$m=19456,t=2,p=1$eArnrLW1/rRzVwcR87bxEw$2A/rMWXO2MalZdh5hd4gbWYexoYip6qPZDyC0jg96MM",Harini Bordoloi,student,,t,B.E. CSE,183b3f5e-8a32-4972-ac8b-cf77dfe6a6c5,2026-09-07 02:00:06.879652+00,2026-09-07 02:00:06.879652+00,2028,,B.E. CSE
harish.brahma@dgvaishnav.edu.in,"$argon2id$v=19$m=19456,t=2,p=1$eArnrLW1/rRzVwcR87bxEw$2A/rMWXO2MalZdh5hd4gbWYexoYip6qPZDyC0jg96MM",Harish Brahma,student,,t,B.E. CSE,183b3f5e-8a32-4972-ac8b-cf77dfe6a6c5,2026-09-07 02:00:06.879652+00,2026-09-07 02:00:06.879652+00,2028,,B.E. CSE
harlan.brenner@cmi.ac.in,"$argon2id$v=19$m=19456,t=2,p=1$eArnrLW1/rRzVwcR87bxEw$2A/rMWXO2MalZdh5hd4gbWYexoYip6qPZDyC0jg96MM",Harlan Brenner,student,,t,B.Sc. Biochem,fb494ad8-2344-4dc2-ad66-62d67fb06acf,2026-09-07 02:00:06.879652+00,2026-09-07 02:00:06.879652+00,2028,,B.Sc. Biochem
harley.brent@cmi.ac.in,"$argon2id$v=19$m=19456,t=2,p=1$eArnrLW1/rRzVwcR87bxEw$2A/rMWXO2MalZdh5hd4gbWYexoYip6qPZDyC0jg96MM",Harley Brent,student,,t,B.Sc. Biochem,fb494ad8-2344-4dc2-ad66-62d67fb06acf,2026-09-07 02:00:06.879652+00,2026-09-07 02:00:06.879652+00,2028,,B.Sc. Biochem
harlin.brenton@cmi.ac.in,"$argon2id$v=19$m=19456,t=2,p=1$eArnrLW1/rRzVwcR87bxEw$2A/rMWXO2MalZdh5hd4gbWYexoYip6qPZDyC0jg96MM",Harlin Brenton,student,,t,B.Sc. Biochem,fb494ad8-2344-4dc2-ad66-62d67fb06acf,2026-09-07 02:00:06.879652+00,2026-09-07 02:00:06.879652+00,2028,,B.Sc. Biochem
harlow.brewer@cmi.ac.in,"$argon2id$v=19$m=19456,t=2,p=1$eArnrLW1/rRzVwcR87bxEw$2A/rMWXO2MalZdh5hd4gbWYexoYip6qPZDyC0jg96MM",Harlow Brewer,student,,t,B.Sc. Biochem,fb494ad8-2344-4dc2-ad66-62d67fb06acf,2026-09-07 02:00:06.879652+00,2026-09-07 02:00:06.879652+00,2028,,B.Sc. Biochem
harold.brewster@cmi.ac.in,"$argon2id$v=19$m=19456,t=2,p=1$eArnrLW1/rRzVwcR87bxEw$2A/rMWXO2MalZdh5hd4gbWYexoYip6qPZDyC0jg96MM",Harold Brewster,student,,t,B.Sc. Biochem,fb494ad8-2344-4dc2-ad66-62d67fb06acf,2026-09-07 02:00:06.879652+00,2026-09-07 02:00:06.879652+00,2028,,B.Sc. Biochem
harper.brian@cmi.ac.in,"$argon2id$v=19$m=19456,t=2,p=1$eArnrLW1/rRzVwcR87bxEw$2A/rMWXO2MalZdh5hd4gbWYexoYip6qPZDyC0jg96MM",Harper Brian,student,,t,M.Sc. Maths,fb494ad8-2344-4dc2-ad66-62d67fb06acf,2026-09-07 02:00:06.879652+00,2026-09-07 02:00:06.879652+00,2026,,M.Sc. Maths
harriet.brice@cmi.ac.in,"$argon2id$v=19$m=19456,t=2,p=1$eArnrLW1/rRzVwcR87bxEw$2A/rMWXO2MalZdh5hd4gbWYexoYip6qPZDyC0jg96MM",Harriet Brice,student,,t,M.Sc. Maths,fb494ad8-2344-4dc2-ad66-62d67fb06acf,2026-09-07 02:00:06.879652+00,2026-09-07 02:00:06.879652+00,2026,,M.Sc. Maths
harris.bridges@cmi.ac.in,"$argon2id$v=19$m=19456,t=2,p=1$eArnrLW1/rRzVwcR87bxEw$2A/rMWXO2MalZdh5hd4gbWYexoYip6qPZDyC0jg96MM",Harris Bridges,student,,t,M.Sc. Maths,fb494ad8-2344-4dc2-ad66-62d67fb06acf,2026-09-07 02:00:06.879652+00,2026-09-07 02:00:06.879652+00,2026,,M.Sc. Maths
harrison.bridgewater@cmi.ac.in,"$argon2id$v=19$m=19456,t=2,p=1$eArnrLW1/rRzVwcR87bxEw$2A/rMWXO2MalZdh5hd4gbWYexoYip6qPZDyC0jg96MM",Harrison Bridgewater,student,,t,M.Sc. Maths,fb494ad8-2344-4dc2-ad66-62d67fb06acf,2026-09-07 02:00:06.879652+00,2026-09-07 02:00:06.879652+00,2026,,M.Sc. Maths
harry.bridgman@cmi.ac.in,"$argon2id$v=19$m=19456,t=2,p=1$eArnrLW1/rRzVwcR87bxEw$2A/rMWXO2MalZdh5hd4gbWYexoYip6qPZDyC0jg96MM",Harry Bridgman,student,,t,M.Sc. Maths,fb494ad8-2344-4dc2-ad66-62d67fb06acf,2026-09-07 02:00:06.879652+00,2026-09-07 02:00:06.879652+00,2026,,M.Sc. Maths
harshita.bose@dgvaishnav.edu.in,"$argon2id$v=19$m=19456,t=2,p=1$eArnrLW1/rRzVwcR87bxEw$2A/rMWXO2MalZdh5hd4gbWYexoYip6qPZDyC0jg96MM",Harshita Bose,student,,t,B.E. CSE,183b3f5e-8a32-4972-ac8b-cf77dfe6a6c5,2026-09-07 02:00:06.879652+00,2026-09-07 02:00:06.879652+00,2028,,B.E. CSE
harshit.buch@dgvaishnav.edu.in,"$argon2id$v=19$m=19456,t=2,p=1$eArnrLW1/rRzVwcR87bxEw$2A/rMWXO2MalZdh5hd4gbWYexoYip6qPZDyC0jg96MM",Harshit Buch,student,,t,B.E. CSE,183b3f5e-8a32-4972-ac8b-cf77dfe6a6c5,2026-09-07 02:00:06.879652+00,2026-09-07 02:00:06.879652+00,2028,,B.E. CSE
hart.briggs@cmi.ac.in,"$argon2id$v=19$m=19456,t=2,p=1$eArnrLW1/rRzVwcR87bxEw$2A/rMWXO2MalZdh5hd4gbWYexoYip6qPZDyC0jg96MM",Hart Briggs,student,,t,M.Sc. Maths,fb494ad8-2344-4dc2-ad66-62d67fb06acf,2026-09-07 02:00:06.879652+00,2026-09-07 02:00:06.879652+00,2026,,M.Sc. Maths
harvey.brigham@cmi.ac.in,"$argon2id$v=19$m=19456,t=2,p=1$eArnrLW1/rRzVwcR87bxEw$2A/rMWXO2MalZdh5hd4gbWYexoYip6qPZDyC0jg96MM",Harvey Brigham,student,,t,M.Sc. Maths,fb494ad8-2344-4dc2-ad66-62d67fb06acf,2026-09-07 02:00:06.879652+00,2026-09-07 02:00:06.879652+00,2026,,M.Sc. Maths
haskell.bright@cmi.ac.in,"$argon2id$v=19$m=19456,t=2,p=1$eArnrLW1/rRzVwcR87bxEw$2A/rMWXO2MalZdh5hd4gbWYexoYip6qPZDyC0jg96MM",Haskell Bright,student,,t,M.Sc. Maths,fb494ad8-2344-4dc2-ad66-62d67fb06acf,2026-09-07 02:00:06.879652+00,2026-09-07 02:00:06.879652+00,2026,,M.Sc. Maths
hassan.brill@cmi.ac.in,"$argon2id$v=19$m=19456,t=2,p=1$eArnrLW1/rRzVwcR87bxEw$2A/rMWXO2MalZdh5hd4gbWYexoYip6qPZDyC0jg96MM",Hassan Brill,student,,t,M.Sc. Maths,fb494ad8-2344-4dc2-ad66-62d67fb06acf,2026-09-07 02:00:06.879652+00,2026-09-07 02:00:06.879652+00,2026,,M.Sc. Maths
hattie.brink@cmi.ac.in,"$argon2id$v=19$m=19456,t=2,p=1$eArnrLW1/rRzVwcR87bxEw$2A/rMWXO2MalZdh5hd4gbWYexoYip6qPZDyC0jg96MM",Hattie Brink,student,,t,M.Sc. Maths,fb494ad8-2344-4dc2-ad66-62d67fb06acf,2026-09-07 02:00:06.879652+00,2026-09-07 02:00:06.879652+00,2026,,M.Sc. Maths
haven.brinkley@cmi.ac.in,"$argon2id$v=19$m=19456,t=2,p=1$eArnrLW1/rRzVwcR87bxEw$2A/rMWXO2MalZdh5hd4gbWYexoYip6qPZDyC0jg96MM",Haven Brinkley,student,,t,M.Sc. Maths,fb494ad8-2344-4dc2-ad66-62d67fb06acf,2026-09-07 02:00:06.879652+00,2026-09-07 02:00:06.879652+00,2027,,M.Sc. Maths
hayden.brinkman@cmi.ac.in,"$argon2id$v=19$m=19456,t=2,p=1$eArnrLW1/rRzVwcR87bxEw$2A/rMWXO2MalZdh5hd4gbWYexoYip6qPZDyC0jg96MM",Hayden Brinkman,student,,t,M.Sc. Maths,fb494ad8-2344-4dc2-ad66-62d67fb06acf,2026-09-07 02:00:06.879652+00,2026-09-07 02:00:06.879652+00,2027,,M.Sc. Maths
hayes.briscoe@cmi.ac.in,"$argon2id$v=19$m=19456,t=2,p=1$eArnrLW1/rRzVwcR87bxEw$2A/rMWXO2MalZdh5hd4gbWYexoYip6qPZDyC0jg96MM",Hayes Briscoe,student,,t,M.Sc. Maths,fb494ad8-2344-4dc2-ad66-62d67fb06acf,2026-09-07 02:00:06.879652+00,2026-09-07 02:00:06.879652+00,2027,,M.Sc. Maths
hayley.bristol@cmi.ac.in,"$argon2id$v=19$m=19456,t=2,p=1$eArnrLW1/rRzVwcR87bxEw$2A/rMWXO2MalZdh5hd4gbWYexoYip6qPZDyC0jg96MM",Hayley Bristol,student,,t,M.Sc. Maths,fb494ad8-2344-4dc2-ad66-62d67fb06acf,2026-09-07 02:00:06.879652+00,2026-09-07 02:00:06.879652+00,2027,,M.Sc. Maths
hazel.britt@cmi.ac.in,"$argon2id$v=19$m=19456,t=2,p=1$eArnrLW1/rRzVwcR87bxEw$2A/rMWXO2MalZdh5hd4gbWYexoYip6qPZDyC0jg96MM",Hazel Britt,student,,t,M.Sc. Maths,fb494ad8-2344-4dc2-ad66-62d67fb06acf,2026-09-07 02:00:06.879652+00,2026-09-07 02:00:06.879652+00,2027,,M.Sc. Maths
heath.brittain@cmi.ac.in,"$argon2id$v=19$m=19456,t=2,p=1$eArnrLW1/rRzVwcR87bxEw$2A/rMWXO2MalZdh5hd4gbWYexoYip6qPZDyC0jg96MM",Heath Brittain,student,,t,M.Sc. Maths,fb494ad8-2344-4dc2-ad66-62d67fb06acf,2026-09-07 02:00:06.879652+00,2026-09-07 02:00:06.879652+00,2027,,M.Sc. Maths
heather.brittingham@cmi.ac.in,"$argon2id$v=19$m=19456,t=2,p=1$eArnrLW1/rRzVwcR87bxEw$2A/rMWXO2MalZdh5hd4gbWYexoYip6qPZDyC0jg96MM",Heather Brittingham,student,,t,M.Sc. Maths,fb494ad8-2344-4dc2-ad66-62d67fb06acf,2026-09-07 02:00:06.879652+00,2026-09-07 02:00:06.879652+00,2027,,M.Sc. Maths
hector.britton@cmi.ac.in,"$argon2id$v=19$m=19456,t=2,p=1$eArnrLW1/rRzVwcR87bxEw$2A/rMWXO2MalZdh5hd4gbWYexoYip6qPZDyC0jg96MM",Hector Britton,student,,t,M.Sc. Maths,fb494ad8-2344-4dc2-ad66-62d67fb06acf,2026-09-07 02:00:06.879652+00,2026-09-07 02:00:06.879652+00,2027,,M.Sc. Maths
heidi.broadbent@cmi.ac.in,"$argon2id$v=19$m=19456,t=2,p=1$eArnrLW1/rRzVwcR87bxEw$2A/rMWXO2MalZdh5hd4gbWYexoYip6qPZDyC0jg96MM",Heidi Broadbent,student,,t,M.Sc. Maths,fb494ad8-2344-4dc2-ad66-62d67fb06acf,2026-09-07 02:00:06.879652+00,2026-09-07 02:00:06.879652+00,2027,,M.Sc. Maths
helena.broadnax@cmi.ac.in,"$argon2id$v=19$m=19456,t=2,p=1$eArnrLW1/rRzVwcR87bxEw$2A/rMWXO2MalZdh5hd4gbWYexoYip6qPZDyC0jg96MM",Helena Broadnax,student,,t,M.Sc. Maths,fb494ad8-2344-4dc2-ad66-62d67fb06acf,2026-09-07 02:00:06.879652+00,2026-09-07 02:00:06.879652+00,2028,,M.Sc. Maths
helen.broadhurst@cmi.ac.in,"$argon2id$v=19$m=19456,t=2,p=1$eArnrLW1/rRzVwcR87bxEw$2A/rMWXO2MalZdh5hd4gbWYexoYip6qPZDyC0jg96MM",Helen Broadhurst,student,,t,M.Sc. Maths,fb494ad8-2344-4dc2-ad66-62d67fb06acf,2026-09-07 02:00:06.879652+00,2026-09-07 02:00:06.879652+00,2027,,M.Sc. Maths
helene.broaddus@cmi.ac.in,"$argon2id$v=19$m=19456,t=2,p=1$eArnrLW1/rRzVwcR87bxEw$2A/rMWXO2MalZdh5hd4gbWYexoYip6qPZDyC0jg96MM",Helene Broaddus,student,,t,M.Sc. Maths,fb494ad8-2344-4dc2-ad66-62d67fb06acf,2026-09-07 02:00:06.879652+00,2026-09-07 02:00:06.879652+00,2028,,M.Sc. Maths
helga.broadway@cmi.ac.in,"$argon2id$v=19$m=19456,t=2,p=1$eArnrLW1/rRzVwcR87bxEw$2A/rMWXO2MalZdh5hd4gbWYexoYip6qPZDyC0jg96MM",Helga Broadway,student,,t,M.Sc. Maths,fb494ad8-2344-4dc2-ad66-62d67fb06acf,2026-09-07 02:00:06.879652+00,2026-09-07 02:00:06.879652+00,2028,,M.Sc. Maths
hema.brahmbhatt@dgvaishnav.edu.in,"$argon2id$v=19$m=19456,t=2,p=1$eArnrLW1/rRzVwcR87bxEw$2A/rMWXO2MalZdh5hd4gbWYexoYip6qPZDyC0jg96MM",Hema Brahmbhatt,student,,t,B.E. CSE,183b3f5e-8a32-4972-ac8b-cf77dfe6a6c5,2026-09-07 02:00:06.879652+00,2026-09-07 02:00:06.879652+00,2028,,B.E. CSE
hemant.burman@dgvaishnav.edu.in,"$argon2id$v=19$m=19456,t=2,p=1$eArnrLW1/rRzVwcR87bxEw$2A/rMWXO2MalZdh5hd4gbWYexoYip6qPZDyC0jg96MM",Hemant Burman,student,,t,B.E. CSE,183b3f5e-8a32-4972-ac8b-cf77dfe6a6c5,2026-09-07 02:00:06.879652+00,2026-09-07 02:00:06.879652+00,2028,,B.E. CSE
hemlata.budhiraja@dgvaishnav.edu.in,"$argon2id$v=19$m=19456,t=2,p=1$eArnrLW1/rRzVwcR87bxEw$2A/rMWXO2MalZdh5hd4gbWYexoYip6qPZDyC0jg96MM",Hemlata Budhiraja,student,,t,B.E. CSE,183b3f5e-8a32-4972-ac8b-cf77dfe6a6c5,2026-09-07 02:00:06.879652+00,2026-09-07 02:00:06.879652+00,2028,,B.E. CSE
henley.brocato@cmi.ac.in,"$argon2id$v=19$m=19456,t=2,p=1$eArnrLW1/rRzVwcR87bxEw$2A/rMWXO2MalZdh5hd4gbWYexoYip6qPZDyC0jg96MM",Henley Brocato,student,,t,M.Sc. Maths,fb494ad8-2344-4dc2-ad66-62d67fb06acf,2026-09-07 02:00:06.879652+00,2026-09-07 02:00:06.879652+00,2028,,M.Sc. Maths
henri.brock@cmi.ac.in,"$argon2id$v=19$m=19456,t=2,p=1$eArnrLW1/rRzVwcR87bxEw$2A/rMWXO2MalZdh5hd4gbWYexoYip6qPZDyC0jg96MM",Henri Brock,student,,t,M.Sc. Maths,fb494ad8-2344-4dc2-ad66-62d67fb06acf,2026-09-07 02:00:06.879652+00,2026-09-07 02:00:06.879652+00,2028,,M.Sc. Maths
henrik.brockman@cmi.ac.in,"$argon2id$v=19$m=19456,t=2,p=1$eArnrLW1/rRzVwcR87bxEw$2A/rMWXO2MalZdh5hd4gbWYexoYip6qPZDyC0jg96MM",Henrik Brockman,student,,t,M.Sc. Maths,fb494ad8-2344-4dc2-ad66-62d67fb06acf,2026-09-07 02:00:06.879652+00,2026-09-07 02:00:06.879652+00,2028,,M.Sc. Maths
henry.brockway@cmi.ac.in,"$argon2id$v=19$m=19456,t=2,p=1$eArnrLW1/rRzVwcR87bxEw$2A/rMWXO2MalZdh5hd4gbWYexoYip6qPZDyC0jg96MM",Henry Brockway,student,,t,M.Sc. Maths,fb494ad8-2344-4dc2-ad66-62d67fb06acf,2026-09-07 02:00:06.879652+00,2026-09-07 02:00:06.879652+00,2028,,M.Sc. Maths
herbert.broderick@cmi.ac.in,"$argon2id$v=19$m=19456,t=2,p=1$eArnrLW1/rRzVwcR87bxEw$2A/rMWXO2MalZdh5hd4gbWYexoYip6qPZDyC0jg96MM",Herbert Broderick,student,,t,M.Sc. Maths,fb494ad8-2344-4dc2-ad66-62d67fb06acf,2026-09-07 02:00:06.879652+00,2026-09-07 02:00:06.879652+00,2028,,M.Sc. Maths
herbie.brodsky@cmi.ac.in,"$argon2id$v=19$m=19456,t=2,p=1$eArnrLW1/rRzVwcR87bxEw$2A/rMWXO2MalZdh5hd4gbWYexoYip6qPZDyC0jg96MM",Herbie Brodsky,student,,t,M.Sc. Maths,fb494ad8-2344-4dc2-ad66-62d67fb06acf,2026-09-07 02:00:06.879652+00,2026-09-07 02:00:06.879652+00,2028,,M.Sc. Maths
herman.brody@cmi.ac.in,"$argon2id$v=19$m=19456,t=2,p=1$eArnrLW1/rRzVwcR87bxEw$2A/rMWXO2MalZdh5hd4gbWYexoYip6qPZDyC0jg96MM",Herman Brody,student,,t,M.Sc. Maths,fb494ad8-2344-4dc2-ad66-62d67fb06acf,2026-09-07 02:00:06.879652+00,2026-09-07 02:00:06.879652+00,2028,,M.Sc. Maths
herminia.brogan@cmi.ac.in,"$argon2id$v=19$m=19456,t=2,p=1$eArnrLW1/rRzVwcR87bxEw$2A/rMWXO2MalZdh5hd4gbWYexoYip6qPZDyC0jg96MM",Herminia Brogan,student,,t,B.E. CSE,fb494ad8-2344-4dc2-ad66-62d67fb06acf,2026-09-07 02:00:06.879652+00,2026-09-07 02:00:06.879652+00,2026,,B.E. CSE
herschel.bromley@cmi.ac.in,"$argon2id$v=19$m=19456,t=2,p=1$eArnrLW1/rRzVwcR87bxEw$2A/rMWXO2MalZdh5hd4gbWYexoYip6qPZDyC0jg96MM",Herschel Bromley,student,,t,B.E. CSE,fb494ad8-2344-4dc2-ad66-62d67fb06acf,2026-09-07 02:00:06.879652+00,2026-09-07 02:00:06.879652+00,2026,,B.E. CSE
hettie.bronson@cmi.ac.in,"$argon2id$v=19$m=19456,t=2,p=1$eArnrLW1/rRzVwcR87bxEw$2A/rMWXO2MalZdh5hd4gbWYexoYip6qPZDyC0jg96MM",Hettie Bronson,student,,t,B.E. CSE,fb494ad8-2344-4dc2-ad66-62d67fb06acf,2026-09-07 02:00:06.879652+00,2026-09-07 02:00:06.879652+00,2026,,B.E. CSE
hilary.brooke@cmi.ac.in,"$argon2id$v=19$m=19456,t=2,p=1$eArnrLW1/rRzVwcR87bxEw$2A/rMWXO2MalZdh5hd4gbWYexoYip6qPZDyC0jg96MM",Hilary Brooke,student,,t,B.E. CSE,fb494ad8-2344-4dc2-ad66-62d67fb06acf,2026-09-07 02:00:06.879652+00,2026-09-07 02:00:06.879652+00,2026,,B.E. CSE
hilda.brookins@cmi.ac.in,"$argon2id$v=19$m=19456,t=2,p=1$eArnrLW1/rRzVwcR87bxEw$2A/rMWXO2MalZdh5hd4gbWYexoYip6qPZDyC0jg96MM",Hilda Brookins,student,,t,B.E. CSE,fb494ad8-2344-4dc2-ad66-62d67fb06acf,2026-09-07 02:00:06.879652+00,2026-09-07 02:00:06.879652+00,2026,,B.E. CSE
hillary.brookman@cmi.ac.in,"$argon2id$v=19$m=19456,t=2,p=1$eArnrLW1/rRzVwcR87bxEw$2A/rMWXO2MalZdh5hd4gbWYexoYip6qPZDyC0jg96MM",Hillary Brookman,student,,t,B.E. CSE,fb494ad8-2344-4dc2-ad66-62d67fb06acf,2026-09-07 02:00:06.879652+00,2026-09-07 02:00:06.879652+00,2026,,B.E. CSE
himani.chand@dgvaishnav.edu.in,"$argon2id$v=19$m=19456,t=2,p=1$eArnrLW1/rRzVwcR87bxEw$2A/rMWXO2MalZdh5hd4gbWYexoYip6qPZDyC0jg96MM",Himani Chand,student,,t,M.Tech. DS,183b3f5e-8a32-4972-ac8b-cf77dfe6a6c5,2026-09-07 02:00:06.879652+00,2026-09-07 02:00:06.879652+00,2026,,M.Tech. DS
himanshu.chanda@dgvaishnav.edu.in,"$argon2id$v=19$m=19456,t=2,p=1$eArnrLW1/rRzVwcR87bxEw$2A/rMWXO2MalZdh5hd4gbWYexoYip6qPZDyC0jg96MM",Himanshu Chanda,student,,t,M.Tech. DS,183b3f5e-8a32-4972-ac8b-cf77dfe6a6c5,2026-09-07 02:00:06.879652+00,2026-09-07 02:00:06.879652+00,2026,,M.Tech. DS
hitesh.chandel@dgvaishnav.edu.in,"$argon2id$v=19$m=19456,t=2,p=1$eArnrLW1/rRzVwcR87bxEw$2A/rMWXO2MalZdh5hd4gbWYexoYip6qPZDyC0jg96MM",Hitesh Chandel,student,,t,M.Tech. DS,183b3f5e-8a32-4972-ac8b-cf77dfe6a6c5,2026-09-07 02:00:06.879652+00,2026-09-07 02:00:06.879652+00,2026,,M.Tech. DS
holden.brooks@cmi.ac.in,"$argon2id$v=19$m=19456,t=2,p=1$eArnrLW1/rRzVwcR87bxEw$2A/rMWXO2MalZdh5hd4gbWYexoYip6qPZDyC0jg96MM",Holden Brooks,student,,t,B.E. CSE,fb494ad8-2344-4dc2-ad66-62d67fb06acf,2026-09-07 02:00:06.879652+00,2026-09-07 02:00:06.879652+00,2026,,B.E. CSE
hollie.broughton@cmi.ac.in,"$argon2id$v=19$m=19456,t=2,p=1$eArnrLW1/rRzVwcR87bxEw$2A/rMWXO2MalZdh5hd4gbWYexoYip6qPZDyC0jg96MM",Hollie Broughton,student,,t,B.E. CSE,fb494ad8-2344-4dc2-ad66-62d67fb06acf,2026-09-07 02:00:06.879652+00,2026-09-07 02:00:06.879652+00,2026,,B.E. CSE
hollis.broussard@cmi.ac.in,"$argon2id$v=19$m=19456,t=2,p=1$eArnrLW1/rRzVwcR87bxEw$2A/rMWXO2MalZdh5hd4gbWYexoYip6qPZDyC0jg96MM",Hollis Broussard,student,,t,B.E. CSE,fb494ad8-2344-4dc2-ad66-62d67fb06acf,2026-09-07 02:00:06.879652+00,2026-09-07 02:00:06.879652+00,2026,,B.E. CSE
holly.browder@cmi.ac.in,"$argon2id$v=19$m=19456,t=2,p=1$eArnrLW1/rRzVwcR87bxEw$2A/rMWXO2MalZdh5hd4gbWYexoYip6qPZDyC0jg96MM",Holly Browder,student,,t,B.E. CSE,fb494ad8-2344-4dc2-ad66-62d67fb06acf,2026-09-07 02:00:06.879652+00,2026-09-07 02:00:06.879652+00,2026,,B.E. CSE
homer.brower@cmi.ac.in,"$argon2id$v=19$m=19456,t=2,p=1$eArnrLW1/rRzVwcR87bxEw$2A/rMWXO2MalZdh5hd4gbWYexoYip6qPZDyC0jg96MM",Homer Brower,student,,t,B.E. CSE,fb494ad8-2344-4dc2-ad66-62d67fb06acf,2026-09-07 02:00:06.879652+00,2026-09-07 02:00:06.879652+00,2027,,B.E. CSE
hope.brown@cmi.ac.in,"$argon2id$v=19$m=19456,t=2,p=1$eArnrLW1/rRzVwcR87bxEw$2A/rMWXO2MalZdh5hd4gbWYexoYip6qPZDyC0jg96MM",Hope Brown,student,,t,B.E. CSE,fb494ad8-2344-4dc2-ad66-62d67fb06acf,2026-09-07 02:00:06.879652+00,2026-09-07 02:00:06.879652+00,2027,,B.E. CSE
horace.browne@cmi.ac.in,"$argon2id$v=19$m=19456,t=2,p=1$eArnrLW1/rRzVwcR87bxEw$2A/rMWXO2MalZdh5hd4gbWYexoYip6qPZDyC0jg96MM",Horace Browne,student,,t,B.E. CSE,fb494ad8-2344-4dc2-ad66-62d67fb06acf,2026-09-07 02:00:06.879652+00,2026-09-07 02:00:06.879652+00,2027,,B.E. CSE
horatio.browning@cmi.ac.in,"$argon2id$v=19$m=19456,t=2,p=1$eArnrLW1/rRzVwcR87bxEw$2A/rMWXO2MalZdh5hd4gbWYexoYip6qPZDyC0jg96MM",Horatio Browning,student,,t,B.E. CSE,fb494ad8-2344-4dc2-ad66-62d67fb06acf,2026-09-07 02:00:06.879652+00,2026-09-07 02:00:06.879652+00,2027,,B.E. CSE
houston.brownlee@cmi.ac.in,"$argon2id$v=19$m=19456,t=2,p=1$eArnrLW1/rRzVwcR87bxEw$2A/rMWXO2MalZdh5hd4gbWYexoYip6qPZDyC0jg96MM",Houston Brownlee,student,,t,B.E. CSE,fb494ad8-2344-4dc2-ad66-62d67fb06acf,2026-09-07 02:00:06.879652+00,2026-09-07 02:00:06.879652+00,2027,,B.E. CSE
howard.broyles@cmi.ac.in,"$argon2id$v=19$m=19456,t=2,p=1$eArnrLW1/rRzVwcR87bxEw$2A/rMWXO2MalZdh5hd4gbWYexoYip6qPZDyC0jg96MM",Howard Broyles,student,,t,B.E. CSE,fb494ad8-2344-4dc2-ad66-62d67fb06acf,2026-09-07 02:00:06.879652+00,2026-09-07 02:00:06.879652+00,2027,,B.E. CSE
hoyt.brubaker@cmi.ac.in,"$argon2id$v=19$m=19456,t=2,p=1$eArnrLW1/rRzVwcR87bxEw$2A/rMWXO2MalZdh5hd4gbWYexoYip6qPZDyC0jg96MM",Hoyt Brubaker,student,,t,B.E. CSE,fb494ad8-2344-4dc2-ad66-62d67fb06acf,2026-09-07 02:00:06.879652+00,2026-09-07 02:00:06.879652+00,2027,,B.E. CSE
hrithik.chandna@dgvaishnav.edu.in,"$argon2id$v=19$m=19456,t=2,p=1$eArnrLW1/rRzVwcR87bxEw$2A/rMWXO2MalZdh5hd4gbWYexoYip6qPZDyC0jg96MM",Hrithik Chandna,student,,t,M.Tech. DS,183b3f5e-8a32-4972-ac8b-cf77dfe6a6c5,2026-09-07 02:00:06.879652+00,2026-09-07 02:00:06.879652+00,2026,,M.Tech. DS
hubert.bruce@cmi.ac.in,"$argon2id$v=19$m=19456,t=2,p=1$eArnrLW1/rRzVwcR87bxEw$2A/rMWXO2MalZdh5hd4gbWYexoYip6qPZDyC0jg96MM",Hubert Bruce,student,,t,B.E. CSE,fb494ad8-2344-4dc2-ad66-62d67fb06acf,2026-09-07 02:00:06.879652+00,2026-09-07 02:00:06.879652+00,2027,,B.E. CSE
hudson.bruckner@cmi.ac.in,"$argon2id$v=19$m=19456,t=2,p=1$eArnrLW1/rRzVwcR87bxEw$2A/rMWXO2MalZdh5hd4gbWYexoYip6qPZDyC0jg96MM",Hudson Bruckner,student,,t,B.E. CSE,fb494ad8-2344-4dc2-ad66-62d67fb06acf,2026-09-07 02:00:06.879652+00,2026-09-07 02:00:06.879652+00,2027,,B.E. CSE
hugh.bruen@cmi.ac.in,"$argon2id$v=19$m=19456,t=2,p=1$eArnrLW1/rRzVwcR87bxEw$2A/rMWXO2MalZdh5hd4gbWYexoYip6qPZDyC0jg96MM",Hugh Bruen,student,,t,B.E. CSE,fb494ad8-2344-4dc2-ad66-62d67fb06acf,2026-09-07 02:00:06.879652+00,2026-09-07 02:00:06.879652+00,2027,,B.E. CSE
hugo.bruhn@cmi.ac.in,"$argon2id$v=19$m=19456,t=2,p=1$eArnrLW1/rRzVwcR87bxEw$2A/rMWXO2MalZdh5hd4gbWYexoYip6qPZDyC0jg96MM",Hugo Bruhn,student,,t,B.E. CSE,fb494ad8-2344-4dc2-ad66-62d67fb06acf,2026-09-07 02:00:06.879652+00,2026-09-07 02:00:06.879652+00,2028,,B.E. CSE
humberto.brumfield@cmi.ac.in,"$argon2id$v=19$m=19456,t=2,p=1$eArnrLW1/rRzVwcR87bxEw$2A/rMWXO2MalZdh5hd4gbWYexoYip6qPZDyC0jg96MM",Humberto Brumfield,student,,t,B.E. CSE,fb494ad8-2344-4dc2-ad66-62d67fb06acf,2026-09-07 02:00:06.879652+00,2026-09-07 02:00:06.879652+00,2028,,B.E. CSE
hunter.brumley@cmi.ac.in,"$argon2id$v=19$m=19456,t=2,p=1$eArnrLW1/rRzVwcR87bxEw$2A/rMWXO2MalZdh5hd4gbWYexoYip6qPZDyC0jg96MM",Hunter Brumley,student,,t,B.E. CSE,fb494ad8-2344-4dc2-ad66-62d67fb06acf,2026-09-07 02:00:06.879652+00,2026-09-07 02:00:06.879652+00,2028,,B.E. CSE
huxley.brunelle@cmi.ac.in,"$argon2id$v=19$m=19456,t=2,p=1$eArnrLW1/rRzVwcR87bxEw$2A/rMWXO2MalZdh5hd4gbWYexoYip6qPZDyC0jg96MM",Huxley Brunelle,student,,t,B.E. CSE,fb494ad8-2344-4dc2-ad66-62d67fb06acf,2026-09-07 02:00:06.879652+00,2026-09-07 02:00:06.879652+00,2028,,B.E. CSE
ian.bruner@cmi.ac.in,"$argon2id$v=19$m=19456,t=2,p=1$eArnrLW1/rRzVwcR87bxEw$2A/rMWXO2MalZdh5hd4gbWYexoYip6qPZDyC0jg96MM",Ian Bruner,student,,t,B.E. CSE,fb494ad8-2344-4dc2-ad66-62d67fb06acf,2026-09-07 02:00:06.879652+00,2026-09-07 02:00:06.879652+00,2028,,B.E. CSE
ida.brunet@cmi.ac.in,"$argon2id$v=19$m=19456,t=2,p=1$eArnrLW1/rRzVwcR87bxEw$2A/rMWXO2MalZdh5hd4gbWYexoYip6qPZDyC0jg96MM",Ida Brunet,student,,t,B.E. CSE,fb494ad8-2344-4dc2-ad66-62d67fb06acf,2026-09-07 02:00:06.879652+00,2026-09-07 02:00:06.879652+00,2028,,B.E. CSE
ignacio.bruno@cmi.ac.in,"$argon2id$v=19$m=19456,t=2,p=1$eArnrLW1/rRzVwcR87bxEw$2A/rMWXO2MalZdh5hd4gbWYexoYip6qPZDyC0jg96MM",Ignacio Bruno,student,,t,B.E. CSE,fb494ad8-2344-4dc2-ad66-62d67fb06acf,2026-09-07 02:00:06.879652+00,2026-09-07 02:00:06.879652+00,2028,,B.E. CSE
igor.brunson@cmi.ac.in,"$argon2id$v=19$m=19456,t=2,p=1$eArnrLW1/rRzVwcR87bxEw$2A/rMWXO2MalZdh5hd4gbWYexoYip6qPZDyC0jg96MM",Igor Brunson,student,,t,B.E. CSE,fb494ad8-2344-4dc2-ad66-62d67fb06acf,2026-09-07 02:00:06.879652+00,2026-09-07 02:00:06.879652+00,2028,,B.E. CSE
ike.bruton@cmi.ac.in,"$argon2id$v=19$m=19456,t=2,p=1$eArnrLW1/rRzVwcR87bxEw$2A/rMWXO2MalZdh5hd4gbWYexoYip6qPZDyC0jg96MM",Ike Bruton,student,,t,B.E. CSE,fb494ad8-2344-4dc2-ad66-62d67fb06acf,2026-09-07 02:00:06.879652+00,2026-09-07 02:00:06.879652+00,2028,,B.E. CSE
ila.bryan@cmi.ac.in,"$argon2id$v=19$m=19456,t=2,p=1$eArnrLW1/rRzVwcR87bxEw$2A/rMWXO2MalZdh5hd4gbWYexoYip6qPZDyC0jg96MM",Ila Bryan,student,,t,B.E. CSE,fb494ad8-2344-4dc2-ad66-62d67fb06acf,2026-09-07 02:00:06.879652+00,2026-09-07 02:00:06.879652+00,2028,,B.E. CSE
ilene.bryant@cmi.ac.in,"$argon2id$v=19$m=19456,t=2,p=1$eArnrLW1/rRzVwcR87bxEw$2A/rMWXO2MalZdh5hd4gbWYexoYip6qPZDyC0jg96MM",Ilene Bryant,student,,t,M.Tech. DS,fb494ad8-2344-4dc2-ad66-62d67fb06acf,2026-09-07 02:00:06.879652+00,2026-09-07 02:00:06.879652+00,2026,,M.Tech. DS
iliana.bryce@cmi.ac.in,"$argon2id$v=19$m=19456,t=2,p=1$eArnrLW1/rRzVwcR87bxEw$2A/rMWXO2MalZdh5hd4gbWYexoYip6qPZDyC0jg96MM",Iliana Bryce,student,,t,M.Tech. DS,fb494ad8-2344-4dc2-ad66-62d67fb06acf,2026-09-07 02:00:06.879652+00,2026-09-07 02:00:06.879652+00,2026,,M.Tech. DS
ilya.bryson@cmi.ac.in,"$argon2id$v=19$m=19456,t=2,p=1$eArnrLW1/rRzVwcR87bxEw$2A/rMWXO2MalZdh5hd4gbWYexoYip6qPZDyC0jg96MM",Ilya Bryson,student,,t,M.Tech. DS,fb494ad8-2344-4dc2-ad66-62d67fb06acf,2026-09-07 02:00:06.879652+00,2026-09-07 02:00:06.879652+00,2026,,M.Tech. DS
imelda.buchanan@cmi.ac.in,"$argon2id$v=19$m=19456,t=2,p=1$eArnrLW1/rRzVwcR87bxEw$2A/rMWXO2MalZdh5hd4gbWYexoYip6qPZDyC0jg96MM",Imelda Buchanan,student,,t,M.Tech. DS,fb494ad8-2344-4dc2-ad66-62d67fb06acf,2026-09-07 02:00:06.879652+00,2026-09-07 02:00:06.879652+00,2026,,M.Tech. DS
immanuel.bucher@cmi.ac.in,"$argon2id$v=19$m=19456,t=2,p=1$eArnrLW1/rRzVwcR87bxEw$2A/rMWXO2MalZdh5hd4gbWYexoYip6qPZDyC0jg96MM",Immanuel Bucher,student,,t,M.Tech. DS,fb494ad8-2344-4dc2-ad66-62d67fb06acf,2026-09-07 02:00:06.879652+00,2026-09-07 02:00:06.879652+00,2026,,M.Tech. DS
imogene.buchholz@cmi.ac.in,"$argon2id$v=19$m=19456,t=2,p=1$eArnrLW1/rRzVwcR87bxEw$2A/rMWXO2MalZdh5hd4gbWYexoYip6qPZDyC0jg96MM",Imogene Buchholz,student,,t,M.Tech. DS,fb494ad8-2344-4dc2-ad66-62d67fb06acf,2026-09-07 02:00:06.879652+00,2026-09-07 02:00:06.879652+00,2026,,M.Tech. DS
inderjit.chandran@dgvaishnav.edu.in,"$argon2id$v=19$m=19456,t=2,p=1$eArnrLW1/rRzVwcR87bxEw$2A/rMWXO2MalZdh5hd4gbWYexoYip6qPZDyC0jg96MM",Inderjit Chandran,student,,t,M.Tech. DS,183b3f5e-8a32-4972-ac8b-cf77dfe6a6c5,2026-09-07 02:00:06.879652+00,2026-09-07 02:00:06.879652+00,2026,,M.Tech. DS
ines.buck@cmi.ac.in,"$argon2id$v=19$m=19456,t=2,p=1$eArnrLW1/rRzVwcR87bxEw$2A/rMWXO2MalZdh5hd4gbWYexoYip6qPZDyC0jg96MM",Ines Buck,student,,t,M.Tech. DS,fb494ad8-2344-4dc2-ad66-62d67fb06acf,2026-09-07 02:00:06.879652+00,2026-09-07 02:00:06.879652+00,2026,,M.Tech. DS
ingrid.buckingham@cmi.ac.in,"$argon2id$v=19$m=19456,t=2,p=1$eArnrLW1/rRzVwcR87bxEw$2A/rMWXO2MalZdh5hd4gbWYexoYip6qPZDyC0jg96MM",Ingrid Buckingham,student,,t,M.Tech. DS,fb494ad8-2344-4dc2-ad66-62d67fb06acf,2026-09-07 02:00:06.879652+00,2026-09-07 02:00:06.879652+00,2026,,M.Tech. DS
ira.buckland@cmi.ac.in,"$argon2id$v=19$m=19456,t=2,p=1$eArnrLW1/rRzVwcR87bxEw$2A/rMWXO2MalZdh5hd4gbWYexoYip6qPZDyC0jg96MM",Ira Buckland,student,,t,M.Tech. DS,fb494ad8-2344-4dc2-ad66-62d67fb06acf,2026-09-07 02:00:06.879652+00,2026-09-07 02:00:06.879652+00,2026,,M.Tech. DS
irene.buckley@cmi.ac.in,"$argon2id$v=19$m=19456,t=2,p=1$eArnrLW1/rRzVwcR87bxEw$2A/rMWXO2MalZdh5hd4gbWYexoYip6qPZDyC0jg96MM",Irene Buckley,student,,t,M.Tech. DS,fb494ad8-2344-4dc2-ad66-62d67fb06acf,2026-09-07 02:00:06.879652+00,2026-09-07 02:00:06.879652+00,2026,,M.Tech. DS
irina.buckner@cmi.ac.in,"$argon2id$v=19$m=19456,t=2,p=1$eArnrLW1/rRzVwcR87bxEw$2A/rMWXO2MalZdh5hd4gbWYexoYip6qPZDyC0jg96MM",Irina Buckner,student,,t,M.Tech. DS,fb494ad8-2344-4dc2-ad66-62d67fb06acf,2026-09-07 02:00:06.879652+00,2026-09-07 02:00:06.879652+00,2027,,M.Tech. DS
iris.buckstein@cmi.ac.in,"$argon2id$v=19$m=19456,t=2,p=1$eArnrLW1/rRzVwcR87bxEw$2A/rMWXO2MalZdh5hd4gbWYexoYip6qPZDyC0jg96MM",Iris Buckstein,student,,t,M.Tech. DS,fb494ad8-2344-4dc2-ad66-62d67fb06acf,2026-09-07 02:00:06.879652+00,2026-09-07 02:00:06.879652+00,2027,,M.Tech. DS
irma.buda@cmi.ac.in,"$argon2id$v=19$m=19456,t=2,p=1$eArnrLW1/rRzVwcR87bxEw$2A/rMWXO2MalZdh5hd4gbWYexoYip6qPZDyC0jg96MM",Irma Buda,student,,t,M.Tech. DS,fb494ad8-2344-4dc2-ad66-62d67fb06acf,2026-09-07 02:00:06.879652+00,2026-09-07 02:00:06.879652+00,2027,,M.Tech. DS
irvin.budd@cmi.ac.in,"$argon2id$v=19$m=19456,t=2,p=1$eArnrLW1/rRzVwcR87bxEw$2A/rMWXO2MalZdh5hd4gbWYexoYip6qPZDyC0jg96MM",Irvin Budd,student,,t,M.Tech. DS,fb494ad8-2344-4dc2-ad66-62d67fb06acf,2026-09-07 02:00:06.879652+00,2026-09-07 02:00:06.879652+00,2027,,M.Tech. DS
irving.budde@cmi.ac.in,"$argon2id$v=19$m=19456,t=2,p=1$eArnrLW1/rRzVwcR87bxEw$2A/rMWXO2MalZdh5hd4gbWYexoYip6qPZDyC0jg96MM",Irving Budde,student,,t,M.Tech. DS,fb494ad8-2344-4dc2-ad66-62d67fb06acf,2026-09-07 02:00:06.879652+00,2026-09-07 02:00:06.879652+00,2027,,M.Tech. DS
isaac.buehler@cmi.ac.in,"$argon2id$v=19$m=19456,t=2,p=1$eArnrLW1/rRzVwcR87bxEw$2A/rMWXO2MalZdh5hd4gbWYexoYip6qPZDyC0jg96MM",Isaac Buehler,student,,t,M.Tech. DS,fb494ad8-2344-4dc2-ad66-62d67fb06acf,2026-09-07 02:00:06.879652+00,2026-09-07 02:00:06.879652+00,2027,,M.Tech. DS
isaak.buhler@cmi.ac.in,"$argon2id$v=19$m=19456,t=2,p=1$eArnrLW1/rRzVwcR87bxEw$2A/rMWXO2MalZdh5hd4gbWYexoYip6qPZDyC0jg96MM",Isaak Buhler,student,,t,M.Tech. DS,fb494ad8-2344-4dc2-ad66-62d67fb06acf,2026-09-07 02:00:06.879652+00,2026-09-07 02:00:06.879652+00,2027,,M.Tech. DS
isabel.buell@cmi.ac.in,"$argon2id$v=19$m=19456,t=2,p=1$eArnrLW1/rRzVwcR87bxEw$2A/rMWXO2MalZdh5hd4gbWYexoYip6qPZDyC0jg96MM",Isabel Buell,student,,t,M.Tech. DS,fb494ad8-2344-4dc2-ad66-62d67fb06acf,2026-09-07 02:00:06.879652+00,2026-09-07 02:00:06.879652+00,2027,,M.Tech. DS
isabella.buffington@cmi.ac.in,"$argon2id$v=19$m=19456,t=2,p=1$eArnrLW1/rRzVwcR87bxEw$2A/rMWXO2MalZdh5hd4gbWYexoYip6qPZDyC0jg96MM",Isabella Buffington,student,,t,M.Tech. DS,fb494ad8-2344-4dc2-ad66-62d67fb06acf,2026-09-07 02:00:06.879652+00,2026-09-07 02:00:06.879652+00,2027,,M.Tech. DS
isabelle.buford@cmi.ac.in,"$argon2id$v=19$m=19456,t=2,p=1$eArnrLW1/rRzVwcR87bxEw$2A/rMWXO2MalZdh5hd4gbWYexoYip6qPZDyC0jg96MM",Isabelle Buford,student,,t,M.Tech. DS,fb494ad8-2344-4dc2-ad66-62d67fb06acf,2026-09-07 02:00:06.879652+00,2026-09-07 02:00:06.879652+00,2027,,M.Tech. DS
isaiah.bullock@cmi.ac.in,"$argon2id$v=19$m=19456,t=2,p=1$eArnrLW1/rRzVwcR87bxEw$2A/rMWXO2MalZdh5hd4gbWYexoYip6qPZDyC0jg96MM",Isaiah Bullock,student,,t,M.Tech. DS,fb494ad8-2344-4dc2-ad66-62d67fb06acf,2026-09-07 02:00:06.879652+00,2026-09-07 02:00:06.879652+00,2028,,M.Tech. DS
isaias.bullard@cmi.ac.in,"$argon2id$v=19$m=19456,t=2,p=1$eArnrLW1/rRzVwcR87bxEw$2A/rMWXO2MalZdh5hd4gbWYexoYip6qPZDyC0jg96MM",Isaias Bullard,student,,t,M.Tech. DS,fb494ad8-2344-4dc2-ad66-62d67fb06acf,2026-09-07 02:00:06.879652+00,2026-09-07 02:00:06.879652+00,2028,,M.Tech. DS
isha.chandavarkar@dgvaishnav.edu.in,"$argon2id$v=19$m=19456,t=2,p=1$eArnrLW1/rRzVwcR87bxEw$2A/rMWXO2MalZdh5hd4gbWYexoYip6qPZDyC0jg96MM",Isha Chandavarkar,student,,t,M.Tech. DS,183b3f5e-8a32-4972-ac8b-cf77dfe6a6c5,2026-09-07 02:00:06.879652+00,2026-09-07 02:00:06.879652+00,2026,,M.Tech. DS
ishani.chandiramani@dgvaishnav.edu.in,"$argon2id$v=19$m=19456,t=2,p=1$eArnrLW1/rRzVwcR87bxEw$2A/rMWXO2MalZdh5hd4gbWYexoYip6qPZDyC0jg96MM",Ishani Chandiramani,student,,t,M.Tech. DS,183b3f5e-8a32-4972-ac8b-cf77dfe6a6c5,2026-09-07 02:00:06.879652+00,2026-09-07 02:00:06.879652+00,2026,,M.Tech. DS
ishita.chandra@dgvaishnav.edu.in,"$argon2id$v=19$m=19456,t=2,p=1$eArnrLW1/rRzVwcR87bxEw$2A/rMWXO2MalZdh5hd4gbWYexoYip6qPZDyC0jg96MM",Ishita Chandra,student,,t,M.Tech. DS,183b3f5e-8a32-4972-ac8b-cf77dfe6a6c5,2026-09-07 02:00:06.879652+00,2026-09-07 02:00:06.879652+00,2026,,M.Tech. DS
ismael.bumpus@cmi.ac.in,"$argon2id$v=19$m=19456,t=2,p=1$eArnrLW1/rRzVwcR87bxEw$2A/rMWXO2MalZdh5hd4gbWYexoYip6qPZDyC0jg96MM",Ismael Bumpus,student,,t,M.Tech. DS,fb494ad8-2344-4dc2-ad66-62d67fb06acf,2026-09-07 02:00:06.879652+00,2026-09-07 02:00:06.879652+00,2028,,M.Tech. DS
isobel.bundy@cmi.ac.in,"$argon2id$v=19$m=19456,t=2,p=1$eArnrLW1/rRzVwcR87bxEw$2A/rMWXO2MalZdh5hd4gbWYexoYip6qPZDyC0jg96MM",Isobel Bundy,student,,t,M.Tech. DS,fb494ad8-2344-4dc2-ad66-62d67fb06acf,2026-09-07 02:00:06.879652+00,2026-09-07 02:00:06.879652+00,2028,,M.Tech. DS
israel.bunker@cmi.ac.in,"$argon2id$v=19$m=19456,t=2,p=1$eArnrLW1/rRzVwcR87bxEw$2A/rMWXO2MalZdh5hd4gbWYexoYip6qPZDyC0jg96MM",Israel Bunker,student,,t,M.Tech. DS,fb494ad8-2344-4dc2-ad66-62d67fb06acf,2026-09-07 02:00:06.879652+00,2026-09-07 02:00:06.879652+00,2028,,M.Tech. DS
issac.bunnell@cmi.ac.in,"$argon2id$v=19$m=19456,t=2,p=1$eArnrLW1/rRzVwcR87bxEw$2A/rMWXO2MalZdh5hd4gbWYexoYip6qPZDyC0jg96MM",Issac Bunnell,student,,t,M.Tech. DS,fb494ad8-2344-4dc2-ad66-62d67fb06acf,2026-09-07 02:00:06.879652+00,2026-09-07 02:00:06.879652+00,2028,,M.Tech. DS
itzel.bunting@cmi.ac.in,"$argon2id$v=19$m=19456,t=2,p=1$eArnrLW1/rRzVwcR87bxEw$2A/rMWXO2MalZdh5hd4gbWYexoYip6qPZDyC0jg96MM",Itzel Bunting,student,,t,M.Tech. DS,fb494ad8-2344-4dc2-ad66-62d67fb06acf,2026-09-07 02:00:06.879652+00,2026-09-07 02:00:06.879652+00,2028,,M.Tech. DS
ivana.burcham@cmi.ac.in,"$argon2id$v=19$m=19456,t=2,p=1$eArnrLW1/rRzVwcR87bxEw$2A/rMWXO2MalZdh5hd4gbWYexoYip6qPZDyC0jg96MM",Ivana Burcham,student,,t,M.Tech. DS,fb494ad8-2344-4dc2-ad66-62d67fb06acf,2026-09-07 02:00:06.879652+00,2026-09-07 02:00:06.879652+00,2028,,M.Tech. DS
ivan.burch@cmi.ac.in,"$argon2id$v=19$m=19456,t=2,p=1$eArnrLW1/rRzVwcR87bxEw$2A/rMWXO2MalZdh5hd4gbWYexoYip6qPZDyC0jg96MM",Ivan Burch,student,,t,M.Tech. DS,fb494ad8-2344-4dc2-ad66-62d67fb06acf,2026-09-07 02:00:06.879652+00,2026-09-07 02:00:06.879652+00,2028,,M.Tech. DS
ivor.burchett@cmi.ac.in,"$argon2id$v=19$m=19456,t=2,p=1$eArnrLW1/rRzVwcR87bxEw$2A/rMWXO2MalZdh5hd4gbWYexoYip6qPZDyC0jg96MM",Ivor Burchett,student,,t,M.Tech. DS,fb494ad8-2344-4dc2-ad66-62d67fb06acf,2026-09-07 02:00:06.879652+00,2026-09-07 02:00:06.879652+00,2028,,M.Tech. DS
ivy.burchette@cmi.ac.in,"$argon2id$v=19$m=19456,t=2,p=1$eArnrLW1/rRzVwcR87bxEw$2A/rMWXO2MalZdh5hd4gbWYexoYip6qPZDyC0jg96MM",Ivy Burchette,student,,t,BBA,fb494ad8-2344-4dc2-ad66-62d67fb06acf,2026-09-07 02:00:06.879652+00,2026-09-07 02:00:06.879652+00,2026,,BBA
izabella.burckhardt@cmi.ac.in,"$argon2id$v=19$m=19456,t=2,p=1$eArnrLW1/rRzVwcR87bxEw$2A/rMWXO2MalZdh5hd4gbWYexoYip6qPZDyC0jg96MM",Izabella Burckhardt,student,,t,BBA,fb494ad8-2344-4dc2-ad66-62d67fb06acf,2026-09-07 02:00:06.879652+00,2026-09-07 02:00:06.879652+00,2026,,BBA
jace.burdette@cmi.ac.in,"$argon2id$v=19$m=19456,t=2,p=1$eArnrLW1/rRzVwcR87bxEw$2A/rMWXO2MalZdh5hd4gbWYexoYip6qPZDyC0jg96MM",Jace Burdette,student,,t,BBA,fb494ad8-2344-4dc2-ad66-62d67fb06acf,2026-09-07 02:00:06.879652+00,2026-09-07 02:00:06.879652+00,2026,,BBA
jacinto.burdick@cmi.ac.in,"$argon2id$v=19$m=19456,t=2,p=1$eArnrLW1/rRzVwcR87bxEw$2A/rMWXO2MalZdh5hd4gbWYexoYip6qPZDyC0jg96MM",Jacinto Burdick,student,,t,BBA,fb494ad8-2344-4dc2-ad66-62d67fb06acf,2026-09-07 02:00:06.879652+00,2026-09-07 02:00:06.879652+00,2026,,BBA
jack.burge@cmi.ac.in,"$argon2id$v=19$m=19456,t=2,p=1$eArnrLW1/rRzVwcR87bxEw$2A/rMWXO2MalZdh5hd4gbWYexoYip6qPZDyC0jg96MM",Jack Burge,student,,t,BBA,fb494ad8-2344-4dc2-ad66-62d67fb06acf,2026-09-07 02:00:06.879652+00,2026-09-07 02:00:06.879652+00,2026,,BBA
jackie.burger@cmi.ac.in,"$argon2id$v=19$m=19456,t=2,p=1$eArnrLW1/rRzVwcR87bxEw$2A/rMWXO2MalZdh5hd4gbWYexoYip6qPZDyC0jg96MM",Jackie Burger,student,,t,BBA,fb494ad8-2344-4dc2-ad66-62d67fb06acf,2026-09-07 02:00:06.879652+00,2026-09-07 02:00:06.879652+00,2026,,BBA
jackson.burgess@cmi.ac.in,"$argon2id$v=19$m=19456,t=2,p=1$eArnrLW1/rRzVwcR87bxEw$2A/rMWXO2MalZdh5hd4gbWYexoYip6qPZDyC0jg96MM",Jackson Burgess,student,,t,BBA,fb494ad8-2344-4dc2-ad66-62d67fb06acf,2026-09-07 02:00:06.879652+00,2026-09-07 02:00:06.879652+00,2026,,BBA
jacob.burghardt@cmi.ac.in,"$argon2id$v=19$m=19456,t=2,p=1$eArnrLW1/rRzVwcR87bxEw$2A/rMWXO2MalZdh5hd4gbWYexoYip6qPZDyC0jg96MM",Jacob Burghardt,student,,t,BBA,fb494ad8-2344-4dc2-ad66-62d67fb06acf,2026-09-07 02:00:06.879652+00,2026-09-07 02:00:06.879652+00,2026,,BBA
jacqueline.burk@cmi.ac.in,"$argon2id$v=19$m=19456,t=2,p=1$eArnrLW1/rRzVwcR87bxEw$2A/rMWXO2MalZdh5hd4gbWYexoYip6qPZDyC0jg96MM",Jacqueline Burk,student,,t,BBA,fb494ad8-2344-4dc2-ad66-62d67fb06acf,2026-09-07 02:00:06.879652+00,2026-09-07 02:00:06.879652+00,2026,,BBA
jacques.burke@cmi.ac.in,"$argon2id$v=19$m=19456,t=2,p=1$eArnrLW1/rRzVwcR87bxEw$2A/rMWXO2MalZdh5hd4gbWYexoYip6qPZDyC0jg96MM",Jacques Burke,student,,t,BBA,fb494ad8-2344-4dc2-ad66-62d67fb06acf,2026-09-07 02:00:06.879652+00,2026-09-07 02:00:06.879652+00,2026,,BBA
jada.burkett@cmi.ac.in,"$argon2id$v=19$m=19456,t=2,p=1$eArnrLW1/rRzVwcR87bxEw$2A/rMWXO2MalZdh5hd4gbWYexoYip6qPZDyC0jg96MM",Jada Burkett,student,,t,BBA,fb494ad8-2344-4dc2-ad66-62d67fb06acf,2026-09-07 02:00:06.879652+00,2026-09-07 02:00:06.879652+00,2027,,BBA
jade.burkhardt@cmi.ac.in,"$argon2id$v=19$m=19456,t=2,p=1$eArnrLW1/rRzVwcR87bxEw$2A/rMWXO2MalZdh5hd4gbWYexoYip6qPZDyC0jg96MM",Jade Burkhardt,student,,t,BBA,fb494ad8-2344-4dc2-ad66-62d67fb06acf,2026-09-07 02:00:06.879652+00,2026-09-07 02:00:06.879652+00,2027,,BBA
jaden.burkholder@cmi.ac.in,"$argon2id$v=19$m=19456,t=2,p=1$eArnrLW1/rRzVwcR87bxEw$2A/rMWXO2MalZdh5hd4gbWYexoYip6qPZDyC0jg96MM",Jaden Burkholder,student,,t,BBA,fb494ad8-2344-4dc2-ad66-62d67fb06acf,2026-09-07 02:00:06.879652+00,2026-09-07 02:00:06.879652+00,2027,,BBA
jadon.burks@cmi.ac.in,"$argon2id$v=19$m=19456,t=2,p=1$eArnrLW1/rRzVwcR87bxEw$2A/rMWXO2MalZdh5hd4gbWYexoYip6qPZDyC0jg96MM",Jadon Burks,student,,t,BBA,fb494ad8-2344-4dc2-ad66-62d67fb06acf,2026-09-07 02:00:06.879652+00,2026-09-07 02:00:06.879652+00,2027,,BBA
jagdish.charan@dgvaishnav.edu.in,"$argon2id$v=19$m=19456,t=2,p=1$eArnrLW1/rRzVwcR87bxEw$2A/rMWXO2MalZdh5hd4gbWYexoYip6qPZDyC0jg96MM",Jagdish Charan,student,,t,M.Tech. DS,183b3f5e-8a32-4972-ac8b-cf77dfe6a6c5,2026-09-07 02:00:06.879652+00,2026-09-07 02:00:06.879652+00,2026,,M.Tech. DS
jagger.burley@cmi.ac.in,"$argon2id$v=19$m=19456,t=2,p=1$eArnrLW1/rRzVwcR87bxEw$2A/rMWXO2MalZdh5hd4gbWYexoYip6qPZDyC0jg96MM",Jagger Burley,student,,t,BBA,fb494ad8-2344-4dc2-ad66-62d67fb06acf,2026-09-07 02:00:06.879652+00,2026-09-07 02:00:06.879652+00,2027,,BBA
jaideep.chattopadhyay@dgvaishnav.edu.in,"$argon2id$v=19$m=19456,t=2,p=1$eArnrLW1/rRzVwcR87bxEw$2A/rMWXO2MalZdh5hd4gbWYexoYip6qPZDyC0jg96MM",Jaideep Chattopadhyay,student,,t,M.Tech. DS,183b3f5e-8a32-4972-ac8b-cf77dfe6a6c5,2026-09-07 02:00:06.879652+00,2026-09-07 02:00:06.879652+00,2027,,M.Tech. DS
jaime.burnell@cmi.ac.in,"$argon2id$v=19$m=19456,t=2,p=1$eArnrLW1/rRzVwcR87bxEw$2A/rMWXO2MalZdh5hd4gbWYexoYip6qPZDyC0jg96MM",Jaime Burnell,student,,t,BBA,fb494ad8-2344-4dc2-ad66-62d67fb06acf,2026-09-07 02:00:06.879652+00,2026-09-07 02:00:06.879652+00,2027,,BBA
jair.burnett@cmi.ac.in,"$argon2id$v=19$m=19456,t=2,p=1$eArnrLW1/rRzVwcR87bxEw$2A/rMWXO2MalZdh5hd4gbWYexoYip6qPZDyC0jg96MM",Jair Burnett,student,,t,BBA,fb494ad8-2344-4dc2-ad66-62d67fb06acf,2026-09-07 02:00:06.879652+00,2026-09-07 02:00:06.879652+00,2027,,BBA
jairo.burnham@cmi.ac.in,"$argon2id$v=19$m=19456,t=2,p=1$eArnrLW1/rRzVwcR87bxEw$2A/rMWXO2MalZdh5hd4gbWYexoYip6qPZDyC0jg96MM",Jairo Burnham,student,,t,BBA,fb494ad8-2344-4dc2-ad66-62d67fb06acf,2026-09-07 02:00:06.879652+00,2026-09-07 02:00:06.879652+00,2027,,BBA
jake.burnley@cmi.ac.in,"$argon2id$v=19$m=19456,t=2,p=1$eArnrLW1/rRzVwcR87bxEw$2A/rMWXO2MalZdh5hd4gbWYexoYip6qPZDyC0jg96MM",Jake Burnley,student,,t,BBA,fb494ad8-2344-4dc2-ad66-62d67fb06acf,2026-09-07 02:00:06.879652+00,2026-09-07 02:00:06.879652+00,2027,,BBA
jakob.burns@cmi.ac.in,"$argon2id$v=19$m=19456,t=2,p=1$eArnrLW1/rRzVwcR87bxEw$2A/rMWXO2MalZdh5hd4gbWYexoYip6qPZDyC0jg96MM",Jakob Burns,student,,t,BBA,fb494ad8-2344-4dc2-ad66-62d67fb06acf,2026-09-07 02:00:06.879652+00,2026-09-07 02:00:06.879652+00,2027,,BBA
jalen.burr@cmi.ac.in,"$argon2id$v=19$m=19456,t=2,p=1$eArnrLW1/rRzVwcR87bxEw$2A/rMWXO2MalZdh5hd4gbWYexoYip6qPZDyC0jg96MM",Jalen Burr,student,,t,BBA,fb494ad8-2344-4dc2-ad66-62d67fb06acf,2026-09-07 02:00:06.879652+00,2026-09-07 02:00:06.879652+00,2028,,BBA
jamal.burrell@cmi.ac.in,"$argon2id$v=19$m=19456,t=2,p=1$eArnrLW1/rRzVwcR87bxEw$2A/rMWXO2MalZdh5hd4gbWYexoYip6qPZDyC0jg96MM",Jamal Burrell,student,,t,BBA,fb494ad8-2344-4dc2-ad66-62d67fb06acf,2026-09-07 02:00:06.879652+00,2026-09-07 02:00:06.879652+00,2028,,BBA
jamar.burris@cmi.ac.in,"$argon2id$v=19$m=19456,t=2,p=1$eArnrLW1/rRzVwcR87bxEw$2A/rMWXO2MalZdh5hd4gbWYexoYip6qPZDyC0jg96MM",Jamar Burris,student,,t,BBA,fb494ad8-2344-4dc2-ad66-62d67fb06acf,2026-09-07 02:00:06.879652+00,2026-09-07 02:00:06.879652+00,2028,,BBA
jameel.burroughs@cmi.ac.in,"$argon2id$v=19$m=19456,t=2,p=1$eArnrLW1/rRzVwcR87bxEw$2A/rMWXO2MalZdh5hd4gbWYexoYip6qPZDyC0jg96MM",Jameel Burroughs,student,,t,BBA,fb494ad8-2344-4dc2-ad66-62d67fb06acf,2026-09-07 02:00:06.879652+00,2026-09-07 02:00:06.879652+00,2028,,BBA
james.burrow@cmi.ac.in,"$argon2id$v=19$m=19456,t=2,p=1$eArnrLW1/rRzVwcR87bxEw$2A/rMWXO2MalZdh5hd4gbWYexoYip6qPZDyC0jg96MM",James Burrow,student,,t,BBA,fb494ad8-2344-4dc2-ad66-62d67fb06acf,2026-09-07 02:00:06.879652+00,2026-09-07 02:00:06.879652+00,2028,,BBA
jameson.burrows@cmi.ac.in,"$argon2id$v=19$m=19456,t=2,p=1$eArnrLW1/rRzVwcR87bxEw$2A/rMWXO2MalZdh5hd4gbWYexoYip6qPZDyC0jg96MM",Jameson Burrows,student,,t,BBA,fb494ad8-2344-4dc2-ad66-62d67fb06acf,2026-09-07 02:00:06.879652+00,2026-09-07 02:00:06.879652+00,2028,,BBA
jamey.burt@cmi.ac.in,"$argon2id$v=19$m=19456,t=2,p=1$eArnrLW1/rRzVwcR87bxEw$2A/rMWXO2MalZdh5hd4gbWYexoYip6qPZDyC0jg96MM",Jamey Burt,student,,t,BBA,fb494ad8-2344-4dc2-ad66-62d67fb06acf,2026-09-07 02:00:06.879652+00,2026-09-07 02:00:06.879652+00,2028,,BBA
jamie.burton@cmi.ac.in,"$argon2id$v=19$m=19456,t=2,p=1$eArnrLW1/rRzVwcR87bxEw$2A/rMWXO2MalZdh5hd4gbWYexoYip6qPZDyC0jg96MM",Jamie Burton,student,,t,BBA,fb494ad8-2344-4dc2-ad66-62d67fb06acf,2026-09-07 02:00:06.879652+00,2026-09-07 02:00:06.879652+00,2028,,BBA
janak.chaubey@dgvaishnav.edu.in,"$argon2id$v=19$m=19456,t=2,p=1$eArnrLW1/rRzVwcR87bxEw$2A/rMWXO2MalZdh5hd4gbWYexoYip6qPZDyC0jg96MM",Janak Chaubey,student,,t,M.Tech. DS,183b3f5e-8a32-4972-ac8b-cf77dfe6a6c5,2026-09-07 02:00:06.879652+00,2026-09-07 02:00:06.879652+00,2027,,M.Tech. DS
jan.busch@cmi.ac.in,"$argon2id$v=19$m=19456,t=2,p=1$eArnrLW1/rRzVwcR87bxEw$2A/rMWXO2MalZdh5hd4gbWYexoYip6qPZDyC0jg96MM",Jan Busch,student,,t,BBA,fb494ad8-2344-4dc2-ad66-62d67fb06acf,2026-09-07 02:00:06.879652+00,2026-09-07 02:00:06.879652+00,2028,,BBA
jane.bush@cmi.ac.in,"$argon2id$v=19$m=19456,t=2,p=1$eArnrLW1/rRzVwcR87bxEw$2A/rMWXO2MalZdh5hd4gbWYexoYip6qPZDyC0jg96MM",Jane Bush,student,,t,BBA,fb494ad8-2344-4dc2-ad66-62d67fb06acf,2026-09-07 02:00:06.879652+00,2026-09-07 02:00:06.879652+00,2028,,BBA
janelle.buss@psgtech.edu,"$argon2id$v=19$m=19456,t=2,p=1$eArnrLW1/rRzVwcR87bxEw$2A/rMWXO2MalZdh5hd4gbWYexoYip6qPZDyC0jg96MM",Janelle Buss,faculty,,t,M.Sc. Maths,f6d73422-565b-471c-809a-76d17faa4a41,2026-09-07 02:00:06.879652+00,2026-09-07 02:00:06.879652+00,,,M.Sc. Maths
janet.bushnell@psgtech.edu,"$argon2id$v=19$m=19456,t=2,p=1$eArnrLW1/rRzVwcR87bxEw$2A/rMWXO2MalZdh5hd4gbWYexoYip6qPZDyC0jg96MM",Janet Bushnell,faculty,,t,B.Sc. Biochem,f6d73422-565b-471c-809a-76d17faa4a41,2026-09-07 02:00:06.879652+00,2026-09-07 02:00:06.879652+00,,,B.Sc. Biochem
janette.busse@psgtech.edu,"$argon2id$v=19$m=19456,t=2,p=1$eArnrLW1/rRzVwcR87bxEw$2A/rMWXO2MalZdh5hd4gbWYexoYip6qPZDyC0jg96MM",Janette Busse,faculty,,t,B.E. CSE,f6d73422-565b-471c-809a-76d17faa4a41,2026-09-07 02:00:06.879652+00,2026-09-07 02:00:06.879652+00,,,B.E. CSE
janhavi.chandrashekar@dgvaishnav.edu.in,"$argon2id$v=19$m=19456,t=2,p=1$eArnrLW1/rRzVwcR87bxEw$2A/rMWXO2MalZdh5hd4gbWYexoYip6qPZDyC0jg96MM",Janhavi Chandrashekar,student,,t,M.Tech. DS,183b3f5e-8a32-4972-ac8b-cf77dfe6a6c5,2026-09-07 02:00:06.879652+00,2026-09-07 02:00:06.879652+00,2026,,M.Tech. DS
janice.buster@psgtech.edu,"$argon2id$v=19$m=19456,t=2,p=1$eArnrLW1/rRzVwcR87bxEw$2A/rMWXO2MalZdh5hd4gbWYexoYip6qPZDyC0jg96MM",Janice Buster,faculty,,t,M.Tech. DS,f6d73422-565b-471c-809a-76d17faa4a41,2026-09-07 02:00:06.879652+00,2026-09-07 02:00:06.879652+00,,,M.Tech. DS
janie.butcher@psgtech.edu,"$argon2id$v=19$m=19456,t=2,p=1$eArnrLW1/rRzVwcR87bxEw$2A/rMWXO2MalZdh5hd4gbWYexoYip6qPZDyC0jg96MM",Janie Butcher,faculty,,t,BBA,f6d73422-565b-471c-809a-76d17faa4a41,2026-09-07 02:00:06.879652+00,2026-09-07 02:00:06.879652+00,,,BBA
janine.butler@psgtech.edu,"$argon2id$v=19$m=19456,t=2,p=1$eArnrLW1/rRzVwcR87bxEw$2A/rMWXO2MalZdh5hd4gbWYexoYip6qPZDyC0jg96MM",Janine Butler,student,,t,B.Sc. Biochem,f6d73422-565b-471c-809a-76d17faa4a41,2026-09-07 02:00:06.879652+00,2026-09-07 02:00:06.879652+00,2026,,B.Sc. Biochem
jared.butterworth@psgtech.edu,"$argon2id$v=19$m=19456,t=2,p=1$eArnrLW1/rRzVwcR87bxEw$2A/rMWXO2MalZdh5hd4gbWYexoYip6qPZDyC0jg96MM",Jared Butterworth,student,,t,B.Sc. Biochem,f6d73422-565b-471c-809a-76d17faa4a41,2026-09-07 02:00:06.879652+00,2026-09-07 02:00:06.879652+00,2026,,B.Sc. Biochem
jaron.butts@psgtech.edu,"$argon2id$v=19$m=19456,t=2,p=1$eArnrLW1/rRzVwcR87bxEw$2A/rMWXO2MalZdh5hd4gbWYexoYip6qPZDyC0jg96MM",Jaron Butts,student,,t,B.Sc. Biochem,f6d73422-565b-471c-809a-76d17faa4a41,2026-09-07 02:00:06.879652+00,2026-09-07 02:00:06.879652+00,2026,,B.Sc. Biochem
jarret.buxton@psgtech.edu,"$argon2id$v=19$m=19456,t=2,p=1$eArnrLW1/rRzVwcR87bxEw$2A/rMWXO2MalZdh5hd4gbWYexoYip6qPZDyC0jg96MM",Jarret Buxton,student,,t,B.Sc. Biochem,f6d73422-565b-471c-809a-76d17faa4a41,2026-09-07 02:00:06.879652+00,2026-09-07 02:00:06.879652+00,2026,,B.Sc. Biochem
jarrett.byerly@psgtech.edu,"$argon2id$v=19$m=19456,t=2,p=1$eArnrLW1/rRzVwcR87bxEw$2A/rMWXO2MalZdh5hd4gbWYexoYip6qPZDyC0jg96MM",Jarrett Byerly,student,,t,B.Sc. Biochem,f6d73422-565b-471c-809a-76d17faa4a41,2026-09-07 02:00:06.879652+00,2026-09-07 02:00:06.879652+00,2026,,B.Sc. Biochem
jarrod.byers@psgtech.edu,"$argon2id$v=19$m=19456,t=2,p=1$eArnrLW1/rRzVwcR87bxEw$2A/rMWXO2MalZdh5hd4gbWYexoYip6qPZDyC0jg96MM",Jarrod Byers,student,,t,B.Sc. Biochem,f6d73422-565b-471c-809a-76d17faa4a41,2026-09-07 02:00:06.879652+00,2026-09-07 02:00:06.879652+00,2026,,B.Sc. Biochem
jarvis.byler@psgtech.edu,"$argon2id$v=19$m=19456,t=2,p=1$eArnrLW1/rRzVwcR87bxEw$2A/rMWXO2MalZdh5hd4gbWYexoYip6qPZDyC0jg96MM",Jarvis Byler,student,,t,B.Sc. Biochem,f6d73422-565b-471c-809a-76d17faa4a41,2026-09-07 02:00:06.879652+00,2026-09-07 02:00:06.879652+00,2026,,B.Sc. Biochem
jasmine.bynum@psgtech.edu,"$argon2id$v=19$m=19456,t=2,p=1$eArnrLW1/rRzVwcR87bxEw$2A/rMWXO2MalZdh5hd4gbWYexoYip6qPZDyC0jg96MM",Jasmine Bynum,student,,t,B.Sc. Biochem,f6d73422-565b-471c-809a-76d17faa4a41,2026-09-07 02:00:06.879652+00,2026-09-07 02:00:06.879652+00,2026,,B.Sc. Biochem
jason.byrd@psgtech.edu,"$argon2id$v=19$m=19456,t=2,p=1$eArnrLW1/rRzVwcR87bxEw$2A/rMWXO2MalZdh5hd4gbWYexoYip6qPZDyC0jg96MM",Jason Byrd,student,,t,B.Sc. Biochem,f6d73422-565b-471c-809a-76d17faa4a41,2026-09-07 02:00:06.879652+00,2026-09-07 02:00:06.879652+00,2026,,B.Sc. Biochem
jasper.byrne@psgtech.edu,"$argon2id$v=19$m=19456,t=2,p=1$eArnrLW1/rRzVwcR87bxEw$2A/rMWXO2MalZdh5hd4gbWYexoYip6qPZDyC0jg96MM",Jasper Byrne,student,,t,B.Sc. Biochem,f6d73422-565b-471c-809a-76d17faa4a41,2026-09-07 02:00:06.879652+00,2026-09-07 02:00:06.879652+00,2026,,B.Sc. Biochem
jaspreet.chaudhary@dgvaishnav.edu.in,"$argon2id$v=19$m=19456,t=2,p=1$eArnrLW1/rRzVwcR87bxEw$2A/rMWXO2MalZdh5hd4gbWYexoYip6qPZDyC0jg96MM",Jaspreet Chaudhary,student,,t,M.Tech. DS,183b3f5e-8a32-4972-ac8b-cf77dfe6a6c5,2026-09-07 02:00:06.879652+00,2026-09-07 02:00:06.879652+00,2027,,M.Tech. DS
javier.byron@psgtech.edu,"$argon2id$v=19$m=19456,t=2,p=1$eArnrLW1/rRzVwcR87bxEw$2A/rMWXO2MalZdh5hd4gbWYexoYip6qPZDyC0jg96MM",Javier Byron,student,,t,B.Sc. Biochem,f6d73422-565b-471c-809a-76d17faa4a41,2026-09-07 02:00:06.879652+00,2026-09-07 02:00:06.879652+00,2027,,B.Sc. Biochem
jaxon.caballero@psgtech.edu,"$argon2id$v=19$m=19456,t=2,p=1$eArnrLW1/rRzVwcR87bxEw$2A/rMWXO2MalZdh5hd4gbWYexoYip6qPZDyC0jg96MM",Jaxon Caballero,student,,t,B.Sc. Biochem,f6d73422-565b-471c-809a-76d17faa4a41,2026-09-07 02:00:06.879652+00,2026-09-07 02:00:06.879652+00,2027,,B.Sc. Biochem
jaxson.cable@psgtech.edu,"$argon2id$v=19$m=19456,t=2,p=1$eArnrLW1/rRzVwcR87bxEw$2A/rMWXO2MalZdh5hd4gbWYexoYip6qPZDyC0jg96MM",Jaxson Cable,student,,t,B.Sc. Biochem,f6d73422-565b-471c-809a-76d17faa4a41,2026-09-07 02:00:06.879652+00,2026-09-07 02:00:06.879652+00,2027,,B.Sc. Biochem
jaya.chatterjee@dgvaishnav.edu.in,"$argon2id$v=19$m=19456,t=2,p=1$eArnrLW1/rRzVwcR87bxEw$2A/rMWXO2MalZdh5hd4gbWYexoYip6qPZDyC0jg96MM",Jaya Chatterjee,student,,t,M.Tech. DS,183b3f5e-8a32-4972-ac8b-cf77dfe6a6c5,2026-09-07 02:00:06.879652+00,2026-09-07 02:00:06.879652+00,2027,,M.Tech. DS
jayant.chavan@dgvaishnav.edu.in,"$argon2id$v=19$m=19456,t=2,p=1$eArnrLW1/rRzVwcR87bxEw$2A/rMWXO2MalZdh5hd4gbWYexoYip6qPZDyC0jg96MM",Jayant Chavan,student,,t,M.Tech. DS,183b3f5e-8a32-4972-ac8b-cf77dfe6a6c5,2026-09-07 02:00:06.879652+00,2026-09-07 02:00:06.879652+00,2027,,M.Tech. DS
jayanti.chaturvedi@dgvaishnav.edu.in,"$argon2id$v=19$m=19456,t=2,p=1$eArnrLW1/rRzVwcR87bxEw$2A/rMWXO2MalZdh5hd4gbWYexoYip6qPZDyC0jg96MM",Jayanti Chaturvedi,student,,t,M.Tech. DS,183b3f5e-8a32-4972-ac8b-cf77dfe6a6c5,2026-09-07 02:00:06.879652+00,2026-09-07 02:00:06.879652+00,2027,,M.Tech. DS
jayce.cabral@psgtech.edu,"$argon2id$v=19$m=19456,t=2,p=1$eArnrLW1/rRzVwcR87bxEw$2A/rMWXO2MalZdh5hd4gbWYexoYip6qPZDyC0jg96MM",Jayce Cabral,student,,t,B.Sc. Biochem,f6d73422-565b-471c-809a-76d17faa4a41,2026-09-07 02:00:06.879652+00,2026-09-07 02:00:06.879652+00,2027,,B.Sc. Biochem
jayda.cabrera@psgtech.edu,"$argon2id$v=19$m=19456,t=2,p=1$eArnrLW1/rRzVwcR87bxEw$2A/rMWXO2MalZdh5hd4gbWYexoYip6qPZDyC0jg96MM",Jayda Cabrera,student,,t,B.Sc. Biochem,f6d73422-565b-471c-809a-76d17faa4a41,2026-09-07 02:00:06.879652+00,2026-09-07 02:00:06.879652+00,2027,,B.Sc. Biochem
jayden.caddy@psgtech.edu,"$argon2id$v=19$m=19456,t=2,p=1$eArnrLW1/rRzVwcR87bxEw$2A/rMWXO2MalZdh5hd4gbWYexoYip6qPZDyC0jg96MM",Jayden Caddy,student,,t,B.Sc. Biochem,f6d73422-565b-471c-809a-76d17faa4a41,2026-09-07 02:00:06.879652+00,2026-09-07 02:00:06.879652+00,2027,,B.Sc. Biochem
jayla.cade@psgtech.edu,"$argon2id$v=19$m=19456,t=2,p=1$eArnrLW1/rRzVwcR87bxEw$2A/rMWXO2MalZdh5hd4gbWYexoYip6qPZDyC0jg96MM",Jayla Cade,student,,t,B.Sc. Biochem,f6d73422-565b-471c-809a-76d17faa4a41,2026-09-07 02:00:06.879652+00,2026-09-07 02:00:06.879652+00,2027,,B.Sc. Biochem
jaylen.cadenhead@psgtech.edu,"$argon2id$v=19$m=19456,t=2,p=1$eArnrLW1/rRzVwcR87bxEw$2A/rMWXO2MalZdh5hd4gbWYexoYip6qPZDyC0jg96MM",Jaylen Cadenhead,student,,t,B.Sc. Biochem,f6d73422-565b-471c-809a-76d17faa4a41,2026-09-07 02:00:06.879652+00,2026-09-07 02:00:06.879652+00,2027,,B.Sc. Biochem
jaylin.cadle@psgtech.edu,"$argon2id$v=19$m=19456,t=2,p=1$eArnrLW1/rRzVwcR87bxEw$2A/rMWXO2MalZdh5hd4gbWYexoYip6qPZDyC0jg96MM",Jaylin Cadle,student,,t,B.Sc. Biochem,f6d73422-565b-471c-809a-76d17faa4a41,2026-09-07 02:00:06.879652+00,2026-09-07 02:00:06.879652+00,2027,,B.Sc. Biochem
jaylon.cadwallader@psgtech.edu,"$argon2id$v=19$m=19456,t=2,p=1$eArnrLW1/rRzVwcR87bxEw$2A/rMWXO2MalZdh5hd4gbWYexoYip6qPZDyC0jg96MM",Jaylon Cadwallader,student,,t,B.Sc. Biochem,f6d73422-565b-471c-809a-76d17faa4a41,2026-09-07 02:00:06.879652+00,2026-09-07 02:00:06.879652+00,2027,,B.Sc. Biochem
jayme.cady@psgtech.edu,"$argon2id$v=19$m=19456,t=2,p=1$eArnrLW1/rRzVwcR87bxEw$2A/rMWXO2MalZdh5hd4gbWYexoYip6qPZDyC0jg96MM",Jayme Cady,student,,t,B.Sc. Biochem,f6d73422-565b-471c-809a-76d17faa4a41,2026-09-07 02:00:06.879652+00,2026-09-07 02:00:06.879652+00,2028,,B.Sc. Biochem
jayne.caffey@psgtech.edu,"$argon2id$v=19$m=19456,t=2,p=1$eArnrLW1/rRzVwcR87bxEw$2A/rMWXO2MalZdh5hd4gbWYexoYip6qPZDyC0jg96MM",Jayne Caffey,student,,t,B.Sc. Biochem,f6d73422-565b-471c-809a-76d17faa4a41,2026-09-07 02:00:06.879652+00,2026-09-07 02:00:06.879652+00,2028,,B.Sc. Biochem
jayshree.chaudhari@dgvaishnav.edu.in,"$argon2id$v=19$m=19456,t=2,p=1$eArnrLW1/rRzVwcR87bxEw$2A/rMWXO2MalZdh5hd4gbWYexoYip6qPZDyC0jg96MM",Jayshree Chaudhari,student,,t,M.Tech. DS,183b3f5e-8a32-4972-ac8b-cf77dfe6a6c5,2026-09-07 02:00:06.879652+00,2026-09-07 02:00:06.879652+00,2027,,M.Tech. DS
jean.cagle@psgtech.edu,"$argon2id$v=19$m=19456,t=2,p=1$eArnrLW1/rRzVwcR87bxEw$2A/rMWXO2MalZdh5hd4gbWYexoYip6qPZDyC0jg96MM",Jean Cagle,student,,t,B.Sc. Biochem,f6d73422-565b-471c-809a-76d17faa4a41,2026-09-07 02:00:06.879652+00,2026-09-07 02:00:06.879652+00,2028,,B.Sc. Biochem
jeanine.cain@psgtech.edu,"$argon2id$v=19$m=19456,t=2,p=1$eArnrLW1/rRzVwcR87bxEw$2A/rMWXO2MalZdh5hd4gbWYexoYip6qPZDyC0jg96MM",Jeanine Cain,student,,t,B.Sc. Biochem,f6d73422-565b-471c-809a-76d17faa4a41,2026-09-07 02:00:06.879652+00,2026-09-07 02:00:06.879652+00,2028,,B.Sc. Biochem
jeannette.cahill@psgtech.edu,"$argon2id$v=19$m=19456,t=2,p=1$eArnrLW1/rRzVwcR87bxEw$2A/rMWXO2MalZdh5hd4gbWYexoYip6qPZDyC0jg96MM",Jeannette Cahill,student,,t,B.Sc. Biochem,f6d73422-565b-471c-809a-76d17faa4a41,2026-09-07 02:00:06.879652+00,2026-09-07 02:00:06.879652+00,2028,,B.Sc. Biochem
jedediah.caine@psgtech.edu,"$argon2id$v=19$m=19456,t=2,p=1$eArnrLW1/rRzVwcR87bxEw$2A/rMWXO2MalZdh5hd4gbWYexoYip6qPZDyC0jg96MM",Jedediah Caine,student,,t,B.Sc. Biochem,f6d73422-565b-471c-809a-76d17faa4a41,2026-09-07 02:00:06.879652+00,2026-09-07 02:00:06.879652+00,2028,,B.Sc. Biochem
jeevika.chauhan@dgvaishnav.edu.in,"$argon2id$v=19$m=19456,t=2,p=1$eArnrLW1/rRzVwcR87bxEw$2A/rMWXO2MalZdh5hd4gbWYexoYip6qPZDyC0jg96MM",Jeevika Chauhan,student,,t,M.Tech. DS,183b3f5e-8a32-4972-ac8b-cf77dfe6a6c5,2026-09-07 02:00:06.879652+00,2026-09-07 02:00:06.879652+00,2027,,M.Tech. DS
jefferson.caldwell@psgtech.edu,"$argon2id$v=19$m=19456,t=2,p=1$eArnrLW1/rRzVwcR87bxEw$2A/rMWXO2MalZdh5hd4gbWYexoYip6qPZDyC0jg96MM",Jefferson Caldwell,student,,t,B.Sc. Biochem,f6d73422-565b-471c-809a-76d17faa4a41,2026-09-07 02:00:06.879652+00,2026-09-07 02:00:06.879652+00,2028,,B.Sc. Biochem
jeffery.calkins@psgtech.edu,"$argon2id$v=19$m=19456,t=2,p=1$eArnrLW1/rRzVwcR87bxEw$2A/rMWXO2MalZdh5hd4gbWYexoYip6qPZDyC0jg96MM",Jeffery Calkins,student,,t,B.Sc. Biochem,f6d73422-565b-471c-809a-76d17faa4a41,2026-09-07 02:00:06.879652+00,2026-09-07 02:00:06.879652+00,2028,,B.Sc. Biochem
jeffrey.calhoun@psgtech.edu,"$argon2id$v=19$m=19456,t=2,p=1$eArnrLW1/rRzVwcR87bxEw$2A/rMWXO2MalZdh5hd4gbWYexoYip6qPZDyC0jg96MM",Jeffrey Calhoun,student,,t,B.Sc. Biochem,f6d73422-565b-471c-809a-76d17faa4a41,2026-09-07 02:00:06.879652+00,2026-09-07 02:00:06.879652+00,2028,,B.Sc. Biochem
jemma.callaghan@psgtech.edu,"$argon2id$v=19$m=19456,t=2,p=1$eArnrLW1/rRzVwcR87bxEw$2A/rMWXO2MalZdh5hd4gbWYexoYip6qPZDyC0jg96MM",Jemma Callaghan,student,,t,B.Sc. Biochem,f6d73422-565b-471c-809a-76d17faa4a41,2026-09-07 02:00:06.879652+00,2026-09-07 02:00:06.879652+00,2028,,B.Sc. Biochem
jenelle.callahan@psgtech.edu,"$argon2id$v=19$m=19456,t=2,p=1$eArnrLW1/rRzVwcR87bxEw$2A/rMWXO2MalZdh5hd4gbWYexoYip6qPZDyC0jg96MM",Jenelle Callahan,student,,t,M.Sc. Maths,f6d73422-565b-471c-809a-76d17faa4a41,2026-09-07 02:00:06.879652+00,2026-09-07 02:00:06.879652+00,2026,,M.Sc. Maths
jenna.callaway@psgtech.edu,"$argon2id$v=19$m=19456,t=2,p=1$eArnrLW1/rRzVwcR87bxEw$2A/rMWXO2MalZdh5hd4gbWYexoYip6qPZDyC0jg96MM",Jenna Callaway,student,,t,M.Sc. Maths,f6d73422-565b-471c-809a-76d17faa4a41,2026-09-07 02:00:06.879652+00,2026-09-07 02:00:06.879652+00,2026,,M.Sc. Maths
jenni.callender@psgtech.edu,"$argon2id$v=19$m=19456,t=2,p=1$eArnrLW1/rRzVwcR87bxEw$2A/rMWXO2MalZdh5hd4gbWYexoYip6qPZDyC0jg96MM",Jenni Callender,student,,t,M.Sc. Maths,f6d73422-565b-471c-809a-76d17faa4a41,2026-09-07 02:00:06.879652+00,2026-09-07 02:00:06.879652+00,2026,,M.Sc. Maths
jennifer.callis@psgtech.edu,"$argon2id$v=19$m=19456,t=2,p=1$eArnrLW1/rRzVwcR87bxEw$2A/rMWXO2MalZdh5hd4gbWYexoYip6qPZDyC0jg96MM",Jennifer Callis,student,,t,M.Sc. Maths,f6d73422-565b-471c-809a-76d17faa4a41,2026-09-07 02:00:06.879652+00,2026-09-07 02:00:06.879652+00,2026,,M.Sc. Maths
jenny.callison@psgtech.edu,"$argon2id$v=19$m=19456,t=2,p=1$eArnrLW1/rRzVwcR87bxEw$2A/rMWXO2MalZdh5hd4gbWYexoYip6qPZDyC0jg96MM",Jenny Callison,student,,t,M.Sc. Maths,f6d73422-565b-471c-809a-76d17faa4a41,2026-09-07 02:00:06.879652+00,2026-09-07 02:00:06.879652+00,2026,,M.Sc. Maths
jens.calvert@psgtech.edu,"$argon2id$v=19$m=19456,t=2,p=1$eArnrLW1/rRzVwcR87bxEw$2A/rMWXO2MalZdh5hd4gbWYexoYip6qPZDyC0jg96MM",Jens Calvert,student,,t,M.Sc. Maths,f6d73422-565b-471c-809a-76d17faa4a41,2026-09-07 02:00:06.879652+00,2026-09-07 02:00:06.879652+00,2026,,M.Sc. Maths
jensen.calloway@psgtech.edu,"$argon2id$v=19$m=19456,t=2,p=1$eArnrLW1/rRzVwcR87bxEw$2A/rMWXO2MalZdh5hd4gbWYexoYip6qPZDyC0jg96MM",Jensen Calloway,student,,t,M.Sc. Maths,f6d73422-565b-471c-809a-76d17faa4a41,2026-09-07 02:00:06.879652+00,2026-09-07 02:00:06.879652+00,2026,,M.Sc. Maths
jeremiah.cameron@psgtech.edu,"$argon2id$v=19$m=19456,t=2,p=1$eArnrLW1/rRzVwcR87bxEw$2A/rMWXO2MalZdh5hd4gbWYexoYip6qPZDyC0jg96MM",Jeremiah Cameron,student,,t,M.Sc. Maths,f6d73422-565b-471c-809a-76d17faa4a41,2026-09-07 02:00:06.879652+00,2026-09-07 02:00:06.879652+00,2026,,M.Sc. Maths
jeremy.camacho@psgtech.edu,"$argon2id$v=19$m=19456,t=2,p=1$eArnrLW1/rRzVwcR87bxEw$2A/rMWXO2MalZdh5hd4gbWYexoYip6qPZDyC0jg96MM",Jeremy Camacho,student,,t,M.Sc. Maths,f6d73422-565b-471c-809a-76d17faa4a41,2026-09-07 02:00:06.879652+00,2026-09-07 02:00:06.879652+00,2026,,M.Sc. Maths
jeri.campanella@psgtech.edu,"$argon2id$v=19$m=19456,t=2,p=1$eArnrLW1/rRzVwcR87bxEw$2A/rMWXO2MalZdh5hd4gbWYexoYip6qPZDyC0jg96MM",Jeri Campanella,student,,t,M.Sc. Maths,f6d73422-565b-471c-809a-76d17faa4a41,2026-09-07 02:00:06.879652+00,2026-09-07 02:00:06.879652+00,2026,,M.Sc. Maths
jermaine.campbell@psgtech.edu,"$argon2id$v=19$m=19456,t=2,p=1$eArnrLW1/rRzVwcR87bxEw$2A/rMWXO2MalZdh5hd4gbWYexoYip6qPZDyC0jg96MM",Jermaine Campbell,student,,t,M.Sc. Maths,f6d73422-565b-471c-809a-76d17faa4a41,2026-09-07 02:00:06.879652+00,2026-09-07 02:00:06.879652+00,2027,,M.Sc. Maths
jerold.campos@psgtech.edu,"$argon2id$v=19$m=19456,t=2,p=1$eArnrLW1/rRzVwcR87bxEw$2A/rMWXO2MalZdh5hd4gbWYexoYip6qPZDyC0jg96MM",Jerold Campos,student,,t,M.Sc. Maths,f6d73422-565b-471c-809a-76d17faa4a41,2026-09-07 02:00:06.879652+00,2026-09-07 02:00:06.879652+00,2027,,M.Sc. Maths
jerome.canales@psgtech.edu,"$argon2id$v=19$m=19456,t=2,p=1$eArnrLW1/rRzVwcR87bxEw$2A/rMWXO2MalZdh5hd4gbWYexoYip6qPZDyC0jg96MM",Jerome Canales,student,,t,M.Sc. Maths,f6d73422-565b-471c-809a-76d17faa4a41,2026-09-07 02:00:06.879652+00,2026-09-07 02:00:06.879652+00,2027,,M.Sc. Maths
jeronimo.canby@psgtech.edu,"$argon2id$v=19$m=19456,t=2,p=1$eArnrLW1/rRzVwcR87bxEw$2A/rMWXO2MalZdh5hd4gbWYexoYip6qPZDyC0jg96MM",Jeronimo Canby,student,,t,M.Sc. Maths,f6d73422-565b-471c-809a-76d17faa4a41,2026-09-07 02:00:06.879652+00,2026-09-07 02:00:06.879652+00,2027,,M.Sc. Maths
jerry.candler@psgtech.edu,"$argon2id$v=19$m=19456,t=2,p=1$eArnrLW1/rRzVwcR87bxEw$2A/rMWXO2MalZdh5hd4gbWYexoYip6qPZDyC0jg96MM",Jerry Candler,student,,t,M.Sc. Maths,f6d73422-565b-471c-809a-76d17faa4a41,2026-09-07 02:00:06.879652+00,2026-09-07 02:00:06.879652+00,2027,,M.Sc. Maths
jesse.candy@psgtech.edu,"$argon2id$v=19$m=19456,t=2,p=1$eArnrLW1/rRzVwcR87bxEw$2A/rMWXO2MalZdh5hd4gbWYexoYip6qPZDyC0jg96MM",Jesse Candy,student,,t,M.Sc. Maths,f6d73422-565b-471c-809a-76d17faa4a41,2026-09-07 02:00:06.879652+00,2026-09-07 02:00:06.879652+00,2027,,M.Sc. Maths
jessica.canfield@psgtech.edu,"$argon2id$v=19$m=19456,t=2,p=1$eArnrLW1/rRzVwcR87bxEw$2A/rMWXO2MalZdh5hd4gbWYexoYip6qPZDyC0jg96MM",Jessica Canfield,student,,t,M.Sc. Maths,f6d73422-565b-471c-809a-76d17faa4a41,2026-09-07 02:00:06.879652+00,2026-09-07 02:00:06.879652+00,2027,,M.Sc. Maths
jessie.cannon@psgtech.edu,"$argon2id$v=19$m=19456,t=2,p=1$eArnrLW1/rRzVwcR87bxEw$2A/rMWXO2MalZdh5hd4gbWYexoYip6qPZDyC0jg96MM",Jessie Cannon,student,,t,M.Sc. Maths,f6d73422-565b-471c-809a-76d17faa4a41,2026-09-07 02:00:06.879652+00,2026-09-07 02:00:06.879652+00,2027,,M.Sc. Maths
jesus.cantrell@psgtech.edu,"$argon2id$v=19$m=19456,t=2,p=1$eArnrLW1/rRzVwcR87bxEw$2A/rMWXO2MalZdh5hd4gbWYexoYip6qPZDyC0jg96MM",Jesus Cantrell,student,,t,M.Sc. Maths,f6d73422-565b-471c-809a-76d17faa4a41,2026-09-07 02:00:06.879652+00,2026-09-07 02:00:06.879652+00,2027,,M.Sc. Maths
jethro.cantu@psgtech.edu,"$argon2id$v=19$m=19456,t=2,p=1$eArnrLW1/rRzVwcR87bxEw$2A/rMWXO2MalZdh5hd4gbWYexoYip6qPZDyC0jg96MM",Jethro Cantu,student,,t,M.Sc. Maths,f6d73422-565b-471c-809a-76d17faa4a41,2026-09-07 02:00:06.879652+00,2026-09-07 02:00:06.879652+00,2027,,M.Sc. Maths
jett.cantwell@psgtech.edu,"$argon2id$v=19$m=19456,t=2,p=1$eArnrLW1/rRzVwcR87bxEw$2A/rMWXO2MalZdh5hd4gbWYexoYip6qPZDyC0jg96MM",Jett Cantwell,student,,t,M.Sc. Maths,f6d73422-565b-471c-809a-76d17faa4a41,2026-09-07 02:00:06.879652+00,2026-09-07 02:00:06.879652+00,2028,,M.Sc. Maths
jewel.cape@psgtech.edu,"$argon2id$v=19$m=19456,t=2,p=1$eArnrLW1/rRzVwcR87bxEw$2A/rMWXO2MalZdh5hd4gbWYexoYip6qPZDyC0jg96MM",Jewel Cape,student,,t,M.Sc. Maths,f6d73422-565b-471c-809a-76d17faa4a41,2026-09-07 02:00:06.879652+00,2026-09-07 02:00:06.879652+00,2028,,M.Sc. Maths
jill.capen@psgtech.edu,"$argon2id$v=19$m=19456,t=2,p=1$eArnrLW1/rRzVwcR87bxEw$2A/rMWXO2MalZdh5hd4gbWYexoYip6qPZDyC0jg96MM",Jill Capen,student,,t,M.Sc. Maths,f6d73422-565b-471c-809a-76d17faa4a41,2026-09-07 02:00:06.879652+00,2026-09-07 02:00:06.879652+00,2028,,M.Sc. Maths
jillian.capers@psgtech.edu,"$argon2id$v=19$m=19456,t=2,p=1$eArnrLW1/rRzVwcR87bxEw$2A/rMWXO2MalZdh5hd4gbWYexoYip6qPZDyC0jg96MM",Jillian Capers,student,,t,M.Sc. Maths,f6d73422-565b-471c-809a-76d17faa4a41,2026-09-07 02:00:06.879652+00,2026-09-07 02:00:06.879652+00,2028,,M.Sc. Maths
jim.capp@psgtech.edu,"$argon2id$v=19$m=19456,t=2,p=1$eArnrLW1/rRzVwcR87bxEw$2A/rMWXO2MalZdh5hd4gbWYexoYip6qPZDyC0jg96MM",Jim Capp,student,,t,M.Sc. Maths,f6d73422-565b-471c-809a-76d17faa4a41,2026-09-07 02:00:06.879652+00,2026-09-07 02:00:06.879652+00,2028,,M.Sc. Maths
jimmie.capra@psgtech.edu,"$argon2id$v=19$m=19456,t=2,p=1$eArnrLW1/rRzVwcR87bxEw$2A/rMWXO2MalZdh5hd4gbWYexoYip6qPZDyC0jg96MM",Jimmie Capra,student,,t,M.Sc. Maths,f6d73422-565b-471c-809a-76d17faa4a41,2026-09-07 02:00:06.879652+00,2026-09-07 02:00:06.879652+00,2028,,M.Sc. Maths
jimmy.caraballo@psgtech.edu,"$argon2id$v=19$m=19456,t=2,p=1$eArnrLW1/rRzVwcR87bxEw$2A/rMWXO2MalZdh5hd4gbWYexoYip6qPZDyC0jg96MM",Jimmy Caraballo,student,,t,M.Sc. Maths,f6d73422-565b-471c-809a-76d17faa4a41,2026-09-07 02:00:06.879652+00,2026-09-07 02:00:06.879652+00,2028,,M.Sc. Maths
jitendra.cheema@dgvaishnav.edu.in,"$argon2id$v=19$m=19456,t=2,p=1$eArnrLW1/rRzVwcR87bxEw$2A/rMWXO2MalZdh5hd4gbWYexoYip6qPZDyC0jg96MM",Jitendra Cheema,student,,t,M.Tech. DS,183b3f5e-8a32-4972-ac8b-cf77dfe6a6c5,2026-09-07 02:00:06.879652+00,2026-09-07 02:00:06.879652+00,2027,,M.Tech. DS
joana.card@psgtech.edu,"$argon2id$v=19$m=19456,t=2,p=1$eArnrLW1/rRzVwcR87bxEw$2A/rMWXO2MalZdh5hd4gbWYexoYip6qPZDyC0jg96MM",Joana Card,student,,t,M.Sc. Maths,f6d73422-565b-471c-809a-76d17faa4a41,2026-09-07 02:00:06.879652+00,2026-09-07 02:00:06.879652+00,2028,,M.Sc. Maths
joan.carbone@psgtech.edu,"$argon2id$v=19$m=19456,t=2,p=1$eArnrLW1/rRzVwcR87bxEw$2A/rMWXO2MalZdh5hd4gbWYexoYip6qPZDyC0jg96MM",Joan Carbone,student,,t,M.Sc. Maths,f6d73422-565b-471c-809a-76d17faa4a41,2026-09-07 02:00:06.879652+00,2026-09-07 02:00:06.879652+00,2028,,M.Sc. Maths
joanna.carden@psgtech.edu,"$argon2id$v=19$m=19456,t=2,p=1$eArnrLW1/rRzVwcR87bxEw$2A/rMWXO2MalZdh5hd4gbWYexoYip6qPZDyC0jg96MM",Joanna Carden,student,,t,B.E. CSE,f6d73422-565b-471c-809a-76d17faa4a41,2026-09-07 02:00:06.879652+00,2026-09-07 02:00:06.879652+00,2026,,B.E. CSE
joanne.cardenas@psgtech.edu,"$argon2id$v=19$m=19456,t=2,p=1$eArnrLW1/rRzVwcR87bxEw$2A/rMWXO2MalZdh5hd4gbWYexoYip6qPZDyC0jg96MM",Joanne Cardenas,student,,t,B.E. CSE,f6d73422-565b-471c-809a-76d17faa4a41,2026-09-07 02:00:06.879652+00,2026-09-07 02:00:06.879652+00,2026,,B.E. CSE
joaquin.carder@psgtech.edu,"$argon2id$v=19$m=19456,t=2,p=1$eArnrLW1/rRzVwcR87bxEw$2A/rMWXO2MalZdh5hd4gbWYexoYip6qPZDyC0jg96MM",Joaquin Carder,student,,t,B.E. CSE,f6d73422-565b-471c-809a-76d17faa4a41,2026-09-07 02:00:06.879652+00,2026-09-07 02:00:06.879652+00,2026,,B.E. CSE
jo.caraway@psgtech.edu,"$argon2id$v=19$m=19456,t=2,p=1$eArnrLW1/rRzVwcR87bxEw$2A/rMWXO2MalZdh5hd4gbWYexoYip6qPZDyC0jg96MM",Jo Caraway,student,,t,M.Sc. Maths,f6d73422-565b-471c-809a-76d17faa4a41,2026-09-07 02:00:06.879652+00,2026-09-07 02:00:06.879652+00,2028,,M.Sc. Maths
jocelyn.cardinal@psgtech.edu,"$argon2id$v=19$m=19456,t=2,p=1$eArnrLW1/rRzVwcR87bxEw$2A/rMWXO2MalZdh5hd4gbWYexoYip6qPZDyC0jg96MM",Jocelyn Cardinal,student,,t,B.E. CSE,f6d73422-565b-471c-809a-76d17faa4a41,2026-09-07 02:00:06.879652+00,2026-09-07 02:00:06.879652+00,2026,,B.E. CSE
jodi.cardona@psgtech.edu,"$argon2id$v=19$m=19456,t=2,p=1$eArnrLW1/rRzVwcR87bxEw$2A/rMWXO2MalZdh5hd4gbWYexoYip6qPZDyC0jg96MM",Jodi Cardona,student,,t,B.E. CSE,f6d73422-565b-471c-809a-76d17faa4a41,2026-09-07 02:00:06.879652+00,2026-09-07 02:00:06.879652+00,2026,,B.E. CSE
jodie.cardoza@psgtech.edu,"$argon2id$v=19$m=19456,t=2,p=1$eArnrLW1/rRzVwcR87bxEw$2A/rMWXO2MalZdh5hd4gbWYexoYip6qPZDyC0jg96MM",Jodie Cardoza,student,,t,B.E. CSE,f6d73422-565b-471c-809a-76d17faa4a41,2026-09-07 02:00:06.879652+00,2026-09-07 02:00:06.879652+00,2026,,B.E. CSE
jody.cardwell@psgtech.edu,"$argon2id$v=19$m=19456,t=2,p=1$eArnrLW1/rRzVwcR87bxEw$2A/rMWXO2MalZdh5hd4gbWYexoYip6qPZDyC0jg96MM",Jody Cardwell,student,,t,B.E. CSE,f6d73422-565b-471c-809a-76d17faa4a41,2026-09-07 02:00:06.879652+00,2026-09-07 02:00:06.879652+00,2026,,B.E. CSE
joe.carey@psgtech.edu,"$argon2id$v=19$m=19456,t=2,p=1$eArnrLW1/rRzVwcR87bxEw$2A/rMWXO2MalZdh5hd4gbWYexoYip6qPZDyC0jg96MM",Joe Carey,student,,t,B.E. CSE,f6d73422-565b-471c-809a-76d17faa4a41,2026-09-07 02:00:06.879652+00,2026-09-07 02:00:06.879652+00,2026,,B.E. CSE
joel.carico@psgtech.edu,"$argon2id$v=19$m=19456,t=2,p=1$eArnrLW1/rRzVwcR87bxEw$2A/rMWXO2MalZdh5hd4gbWYexoYip6qPZDyC0jg96MM",Joel Carico,student,,t,B.E. CSE,f6d73422-565b-471c-809a-76d17faa4a41,2026-09-07 02:00:06.879652+00,2026-09-07 02:00:06.879652+00,2026,,B.E. CSE
joey.carl@psgtech.edu,"$argon2id$v=19$m=19456,t=2,p=1$eArnrLW1/rRzVwcR87bxEw$2A/rMWXO2MalZdh5hd4gbWYexoYip6qPZDyC0jg96MM",Joey Carl,student,,t,B.E. CSE,f6d73422-565b-471c-809a-76d17faa4a41,2026-09-07 02:00:06.879652+00,2026-09-07 02:00:06.879652+00,2026,,B.E. CSE
johan.carle@psgtech.edu,"$argon2id$v=19$m=19456,t=2,p=1$eArnrLW1/rRzVwcR87bxEw$2A/rMWXO2MalZdh5hd4gbWYexoYip6qPZDyC0jg96MM",Johan Carle,student,,t,B.E. CSE,f6d73422-565b-471c-809a-76d17faa4a41,2026-09-07 02:00:06.879652+00,2026-09-07 02:00:06.879652+00,2027,,B.E. CSE
johanna.carleton@psgtech.edu,"$argon2id$v=19$m=19456,t=2,p=1$eArnrLW1/rRzVwcR87bxEw$2A/rMWXO2MalZdh5hd4gbWYexoYip6qPZDyC0jg96MM",Johanna Carleton,student,,t,B.E. CSE,f6d73422-565b-471c-809a-76d17faa4a41,2026-09-07 02:00:06.879652+00,2026-09-07 02:00:06.879652+00,2027,,B.E. CSE
johnathan.carlisle@psgtech.edu,"$argon2id$v=19$m=19456,t=2,p=1$eArnrLW1/rRzVwcR87bxEw$2A/rMWXO2MalZdh5hd4gbWYexoYip6qPZDyC0jg96MM",Johnathan Carlisle,student,,t,B.E. CSE,f6d73422-565b-471c-809a-76d17faa4a41,2026-09-07 02:00:06.879652+00,2026-09-07 02:00:06.879652+00,2027,,B.E. CSE
john.carley@psgtech.edu,"$argon2id$v=19$m=19456,t=2,p=1$eArnrLW1/rRzVwcR87bxEw$2A/rMWXO2MalZdh5hd4gbWYexoYip6qPZDyC0jg96MM",John Carley,student,,t,B.E. CSE,f6d73422-565b-471c-809a-76d17faa4a41,2026-09-07 02:00:06.879652+00,2026-09-07 02:00:06.879652+00,2027,,B.E. CSE
johnnie.carlson@psgtech.edu,"$argon2id$v=19$m=19456,t=2,p=1$eArnrLW1/rRzVwcR87bxEw$2A/rMWXO2MalZdh5hd4gbWYexoYip6qPZDyC0jg96MM",Johnnie Carlson,student,,t,B.E. CSE,f6d73422-565b-471c-809a-76d17faa4a41,2026-09-07 02:00:06.879652+00,2026-09-07 02:00:06.879652+00,2027,,B.E. CSE
johnny.carlton@psgtech.edu,"$argon2id$v=19$m=19456,t=2,p=1$eArnrLW1/rRzVwcR87bxEw$2A/rMWXO2MalZdh5hd4gbWYexoYip6qPZDyC0jg96MM",Johnny Carlton,student,,t,B.E. CSE,f6d73422-565b-471c-809a-76d17faa4a41,2026-09-07 02:00:06.879652+00,2026-09-07 02:00:06.879652+00,2027,,B.E. CSE
jonah.carman@psgtech.edu,"$argon2id$v=19$m=19456,t=2,p=1$eArnrLW1/rRzVwcR87bxEw$2A/rMWXO2MalZdh5hd4gbWYexoYip6qPZDyC0jg96MM",Jonah Carman,student,,t,B.E. CSE,f6d73422-565b-471c-809a-76d17faa4a41,2026-09-07 02:00:06.879652+00,2026-09-07 02:00:06.879652+00,2027,,B.E. CSE
jonas.carmichael@psgtech.edu,"$argon2id$v=19$m=19456,t=2,p=1$eArnrLW1/rRzVwcR87bxEw$2A/rMWXO2MalZdh5hd4gbWYexoYip6qPZDyC0jg96MM",Jonas Carmichael,student,,t,B.E. CSE,f6d73422-565b-471c-809a-76d17faa4a41,2026-09-07 02:00:06.879652+00,2026-09-07 02:00:06.879652+00,2027,,B.E. CSE
jonathan.carmody@psgtech.edu,"$argon2id$v=19$m=19456,t=2,p=1$eArnrLW1/rRzVwcR87bxEw$2A/rMWXO2MalZdh5hd4gbWYexoYip6qPZDyC0jg96MM",Jonathan Carmody,student,,t,B.E. CSE,f6d73422-565b-471c-809a-76d17faa4a41,2026-09-07 02:00:06.879652+00,2026-09-07 02:00:06.879652+00,2027,,B.E. CSE
jonathon.carnahan@psgtech.edu,"$argon2id$v=19$m=19456,t=2,p=1$eArnrLW1/rRzVwcR87bxEw$2A/rMWXO2MalZdh5hd4gbWYexoYip6qPZDyC0jg96MM",Jonathon Carnahan,student,,t,B.E. CSE,f6d73422-565b-471c-809a-76d17faa4a41,2026-09-07 02:00:06.879652+00,2026-09-07 02:00:06.879652+00,2027,,B.E. CSE
jordana.carney@psgtech.edu,"$argon2id$v=19$m=19456,t=2,p=1$eArnrLW1/rRzVwcR87bxEw$2A/rMWXO2MalZdh5hd4gbWYexoYip6qPZDyC0jg96MM",Jordana Carney,student,,t,B.E. CSE,f6d73422-565b-471c-809a-76d17faa4a41,2026-09-07 02:00:06.879652+00,2026-09-07 02:00:06.879652+00,2028,,B.E. CSE
jordan.carnes@psgtech.edu,"$argon2id$v=19$m=19456,t=2,p=1$eArnrLW1/rRzVwcR87bxEw$2A/rMWXO2MalZdh5hd4gbWYexoYip6qPZDyC0jg96MM",Jordan Carnes,student,,t,B.E. CSE,f6d73422-565b-471c-809a-76d17faa4a41,2026-09-07 02:00:06.879652+00,2026-09-07 02:00:06.879652+00,2028,,B.E. CSE
jordyn.carns@psgtech.edu,"$argon2id$v=19$m=19456,t=2,p=1$eArnrLW1/rRzVwcR87bxEw$2A/rMWXO2MalZdh5hd4gbWYexoYip6qPZDyC0jg96MM",Jordyn Carns,student,,t,B.E. CSE,f6d73422-565b-471c-809a-76d17faa4a41,2026-09-07 02:00:06.879652+00,2026-09-07 02:00:06.879652+00,2028,,B.E. CSE
jorge.caro@psgtech.edu,"$argon2id$v=19$m=19456,t=2,p=1$eArnrLW1/rRzVwcR87bxEw$2A/rMWXO2MalZdh5hd4gbWYexoYip6qPZDyC0jg96MM",Jorge Caro,student,,t,B.E. CSE,f6d73422-565b-471c-809a-76d17faa4a41,2026-09-07 02:00:06.879652+00,2026-09-07 02:00:06.879652+00,2028,,B.E. CSE
jose.caron@psgtech.edu,"$argon2id$v=19$m=19456,t=2,p=1$eArnrLW1/rRzVwcR87bxEw$2A/rMWXO2MalZdh5hd4gbWYexoYip6qPZDyC0jg96MM",Jose Caron,student,,t,B.E. CSE,f6d73422-565b-471c-809a-76d17faa4a41,2026-09-07 02:00:06.879652+00,2026-09-07 02:00:06.879652+00,2028,,B.E. CSE
josefa.carr@psgtech.edu,"$argon2id$v=19$m=19456,t=2,p=1$eArnrLW1/rRzVwcR87bxEw$2A/rMWXO2MalZdh5hd4gbWYexoYip6qPZDyC0jg96MM",Josefa Carr,student,,t,B.E. CSE,f6d73422-565b-471c-809a-76d17faa4a41,2026-09-07 02:00:06.879652+00,2026-09-07 02:00:06.879652+00,2028,,B.E. CSE
josef.carpenter@psgtech.edu,"$argon2id$v=19$m=19456,t=2,p=1$eArnrLW1/rRzVwcR87bxEw$2A/rMWXO2MalZdh5hd4gbWYexoYip6qPZDyC0jg96MM",Josef Carpenter,student,,t,B.E. CSE,f6d73422-565b-471c-809a-76d17faa4a41,2026-09-07 02:00:06.879652+00,2026-09-07 02:00:06.879652+00,2028,,B.E. CSE
josefina.carrasco@psgtech.edu,"$argon2id$v=19$m=19456,t=2,p=1$eArnrLW1/rRzVwcR87bxEw$2A/rMWXO2MalZdh5hd4gbWYexoYip6qPZDyC0jg96MM",Josefina Carrasco,student,,t,B.E. CSE,f6d73422-565b-471c-809a-76d17faa4a41,2026-09-07 02:00:06.879652+00,2026-09-07 02:00:06.879652+00,2028,,B.E. CSE
joseph.carreiro@psgtech.edu,"$argon2id$v=19$m=19456,t=2,p=1$eArnrLW1/rRzVwcR87bxEw$2A/rMWXO2MalZdh5hd4gbWYexoYip6qPZDyC0jg96MM",Joseph Carreiro,student,,t,B.E. CSE,f6d73422-565b-471c-809a-76d17faa4a41,2026-09-07 02:00:06.879652+00,2026-09-07 02:00:06.879652+00,2028,,B.E. CSE
josephine.carrera@psgtech.edu,"$argon2id$v=19$m=19456,t=2,p=1$eArnrLW1/rRzVwcR87bxEw$2A/rMWXO2MalZdh5hd4gbWYexoYip6qPZDyC0jg96MM",Josephine Carrera,student,,t,B.E. CSE,f6d73422-565b-471c-809a-76d17faa4a41,2026-09-07 02:00:06.879652+00,2026-09-07 02:00:06.879652+00,2028,,B.E. CSE
josh.carrico@psgtech.edu,"$argon2id$v=19$m=19456,t=2,p=1$eArnrLW1/rRzVwcR87bxEw$2A/rMWXO2MalZdh5hd4gbWYexoYip6qPZDyC0jg96MM",Josh Carrico,student,,t,M.Tech. DS,f6d73422-565b-471c-809a-76d17faa4a41,2026-09-07 02:00:06.879652+00,2026-09-07 02:00:06.879652+00,2026,,M.Tech. DS
joshua.carrier@psgtech.edu,"$argon2id$v=19$m=19456,t=2,p=1$eArnrLW1/rRzVwcR87bxEw$2A/rMWXO2MalZdh5hd4gbWYexoYip6qPZDyC0jg96MM",Joshua Carrier,student,,t,M.Tech. DS,f6d73422-565b-471c-809a-76d17faa4a41,2026-09-07 02:00:06.879652+00,2026-09-07 02:00:06.879652+00,2026,,M.Tech. DS
josiah.carrington@psgtech.edu,"$argon2id$v=19$m=19456,t=2,p=1$eArnrLW1/rRzVwcR87bxEw$2A/rMWXO2MalZdh5hd4gbWYexoYip6qPZDyC0jg96MM",Josiah Carrington,student,,t,M.Tech. DS,f6d73422-565b-471c-809a-76d17faa4a41,2026-09-07 02:00:06.879652+00,2026-09-07 02:00:06.879652+00,2026,,M.Tech. DS
josie.carrion@psgtech.edu,"$argon2id$v=19$m=19456,t=2,p=1$eArnrLW1/rRzVwcR87bxEw$2A/rMWXO2MalZdh5hd4gbWYexoYip6qPZDyC0jg96MM",Josie Carrion,student,,t,M.Tech. DS,f6d73422-565b-471c-809a-76d17faa4a41,2026-09-07 02:00:06.879652+00,2026-09-07 02:00:06.879652+00,2026,,M.Tech. DS
joy.carroll@psgtech.edu,"$argon2id$v=19$m=19456,t=2,p=1$eArnrLW1/rRzVwcR87bxEw$2A/rMWXO2MalZdh5hd4gbWYexoYip6qPZDyC0jg96MM",Joy Carroll,student,,t,M.Tech. DS,f6d73422-565b-471c-809a-76d17faa4a41,2026-09-07 02:00:06.879652+00,2026-09-07 02:00:06.879652+00,2026,,M.Tech. DS
joyce.carson@psgtech.edu,"$argon2id$v=19$m=19456,t=2,p=1$eArnrLW1/rRzVwcR87bxEw$2A/rMWXO2MalZdh5hd4gbWYexoYip6qPZDyC0jg96MM",Joyce Carson,student,,t,M.Tech. DS,f6d73422-565b-471c-809a-76d17faa4a41,2026-09-07 02:00:06.879652+00,2026-09-07 02:00:06.879652+00,2026,,M.Tech. DS
juana.carswell@psgtech.edu,"$argon2id$v=19$m=19456,t=2,p=1$eArnrLW1/rRzVwcR87bxEw$2A/rMWXO2MalZdh5hd4gbWYexoYip6qPZDyC0jg96MM",Juana Carswell,student,,t,M.Tech. DS,f6d73422-565b-471c-809a-76d17faa4a41,2026-09-07 02:00:06.879652+00,2026-09-07 02:00:06.879652+00,2026,,M.Tech. DS
juan.carstens@psgtech.edu,"$argon2id$v=19$m=19456,t=2,p=1$eArnrLW1/rRzVwcR87bxEw$2A/rMWXO2MalZdh5hd4gbWYexoYip6qPZDyC0jg96MM",Juan Carstens,student,,t,M.Tech. DS,f6d73422-565b-471c-809a-76d17faa4a41,2026-09-07 02:00:06.879652+00,2026-09-07 02:00:06.879652+00,2026,,M.Tech. DS
juanita.carter@psgtech.edu,"$argon2id$v=19$m=19456,t=2,p=1$eArnrLW1/rRzVwcR87bxEw$2A/rMWXO2MalZdh5hd4gbWYexoYip6qPZDyC0jg96MM",Juanita Carter,student,,t,M.Tech. DS,f6d73422-565b-471c-809a-76d17faa4a41,2026-09-07 02:00:06.879652+00,2026-09-07 02:00:06.879652+00,2026,,M.Tech. DS
jude.cartwright@psgtech.edu,"$argon2id$v=19$m=19456,t=2,p=1$eArnrLW1/rRzVwcR87bxEw$2A/rMWXO2MalZdh5hd4gbWYexoYip6qPZDyC0jg96MM",Jude Cartwright,student,,t,M.Tech. DS,f6d73422-565b-471c-809a-76d17faa4a41,2026-09-07 02:00:06.879652+00,2026-09-07 02:00:06.879652+00,2026,,M.Tech. DS
judith.caruso@psgtech.edu,"$argon2id$v=19$m=19456,t=2,p=1$eArnrLW1/rRzVwcR87bxEw$2A/rMWXO2MalZdh5hd4gbWYexoYip6qPZDyC0jg96MM",Judith Caruso,student,,t,M.Tech. DS,f6d73422-565b-471c-809a-76d17faa4a41,2026-09-07 02:00:06.879652+00,2026-09-07 02:00:06.879652+00,2027,,M.Tech. DS
judson.carver@psgtech.edu,"$argon2id$v=19$m=19456,t=2,p=1$eArnrLW1/rRzVwcR87bxEw$2A/rMWXO2MalZdh5hd4gbWYexoYip6qPZDyC0jg96MM",Judson Carver,student,,t,M.Tech. DS,f6d73422-565b-471c-809a-76d17faa4a41,2026-09-07 02:00:06.879652+00,2026-09-07 02:00:06.879652+00,2027,,M.Tech. DS
judy.cary@psgtech.edu,"$argon2id$v=19$m=19456,t=2,p=1$eArnrLW1/rRzVwcR87bxEw$2A/rMWXO2MalZdh5hd4gbWYexoYip6qPZDyC0jg96MM",Judy Cary,student,,t,M.Tech. DS,f6d73422-565b-471c-809a-76d17faa4a41,2026-09-07 02:00:06.879652+00,2026-09-07 02:00:06.879652+00,2027,,M.Tech. DS
juhi.chawla@dgvaishnav.edu.in,"$argon2id$v=19$m=19456,t=2,p=1$eArnrLW1/rRzVwcR87bxEw$2A/rMWXO2MalZdh5hd4gbWYexoYip6qPZDyC0jg96MM",Juhi Chawla,student,,t,M.Tech. DS,183b3f5e-8a32-4972-ac8b-cf77dfe6a6c5,2026-09-07 02:00:06.879652+00,2026-09-07 02:00:06.879652+00,2027,,M.Tech. DS
juliana.casas@psgtech.edu,"$argon2id$v=19$m=19456,t=2,p=1$eArnrLW1/rRzVwcR87bxEw$2A/rMWXO2MalZdh5hd4gbWYexoYip6qPZDyC0jg96MM",Juliana Casas,student,,t,M.Tech. DS,f6d73422-565b-471c-809a-76d17faa4a41,2026-09-07 02:00:06.879652+00,2026-09-07 02:00:06.879652+00,2027,,M.Tech. DS
julian.casale@psgtech.edu,"$argon2id$v=19$m=19456,t=2,p=1$eArnrLW1/rRzVwcR87bxEw$2A/rMWXO2MalZdh5hd4gbWYexoYip6qPZDyC0jg96MM",Julian Casale,student,,t,M.Tech. DS,f6d73422-565b-471c-809a-76d17faa4a41,2026-09-07 02:00:06.879652+00,2026-09-07 02:00:06.879652+00,2027,,M.Tech. DS
juliane.casavant@psgtech.edu,"$argon2id$v=19$m=19456,t=2,p=1$eArnrLW1/rRzVwcR87bxEw$2A/rMWXO2MalZdh5hd4gbWYexoYip6qPZDyC0jg96MM",Juliane Casavant,student,,t,M.Tech. DS,f6d73422-565b-471c-809a-76d17faa4a41,2026-09-07 02:00:06.879652+00,2026-09-07 02:00:06.879652+00,2027,,M.Tech. DS
julianna.case@psgtech.edu,"$argon2id$v=19$m=19456,t=2,p=1$eArnrLW1/rRzVwcR87bxEw$2A/rMWXO2MalZdh5hd4gbWYexoYip6qPZDyC0jg96MM",Julianna Case,student,,t,M.Tech. DS,f6d73422-565b-471c-809a-76d17faa4a41,2026-09-07 02:00:06.879652+00,2026-09-07 02:00:06.879652+00,2027,,M.Tech. DS
julianne.casey@psgtech.edu,"$argon2id$v=19$m=19456,t=2,p=1$eArnrLW1/rRzVwcR87bxEw$2A/rMWXO2MalZdh5hd4gbWYexoYip6qPZDyC0jg96MM",Julianne Casey,student,,t,M.Tech. DS,f6d73422-565b-471c-809a-76d17faa4a41,2026-09-07 02:00:06.879652+00,2026-09-07 02:00:06.879652+00,2027,,M.Tech. DS
julie.cash@psgtech.edu,"$argon2id$v=19$m=19456,t=2,p=1$eArnrLW1/rRzVwcR87bxEw$2A/rMWXO2MalZdh5hd4gbWYexoYip6qPZDyC0jg96MM",Julie Cash,student,,t,M.Tech. DS,f6d73422-565b-471c-809a-76d17faa4a41,2026-09-07 02:00:06.879652+00,2026-09-07 02:00:06.879652+00,2027,,M.Tech. DS
julien.cashel@psgtech.edu,"$argon2id$v=19$m=19456,t=2,p=1$eArnrLW1/rRzVwcR87bxEw$2A/rMWXO2MalZdh5hd4gbWYexoYip6qPZDyC0jg96MM",Julien Cashel,student,,t,M.Tech. DS,f6d73422-565b-471c-809a-76d17faa4a41,2026-09-07 02:00:06.879652+00,2026-09-07 02:00:06.879652+00,2027,,M.Tech. DS
juliette.casillas@psgtech.edu,"$argon2id$v=19$m=19456,t=2,p=1$eArnrLW1/rRzVwcR87bxEw$2A/rMWXO2MalZdh5hd4gbWYexoYip6qPZDyC0jg96MM",Juliette Casillas,student,,t,M.Tech. DS,f6d73422-565b-471c-809a-76d17faa4a41,2026-09-07 02:00:06.879652+00,2026-09-07 02:00:06.879652+00,2028,,M.Tech. DS
julio.caskey@psgtech.edu,"$argon2id$v=19$m=19456,t=2,p=1$eArnrLW1/rRzVwcR87bxEw$2A/rMWXO2MalZdh5hd4gbWYexoYip6qPZDyC0jg96MM",Julio Caskey,student,,t,M.Tech. DS,f6d73422-565b-471c-809a-76d17faa4a41,2026-09-07 02:00:06.879652+00,2026-09-07 02:00:06.879652+00,2028,,M.Tech. DS
julius.casper@psgtech.edu,"$argon2id$v=19$m=19456,t=2,p=1$eArnrLW1/rRzVwcR87bxEw$2A/rMWXO2MalZdh5hd4gbWYexoYip6qPZDyC0jg96MM",Julius Casper,student,,t,M.Tech. DS,f6d73422-565b-471c-809a-76d17faa4a41,2026-09-07 02:00:06.879652+00,2026-09-07 02:00:06.879652+00,2028,,M.Tech. DS
june.cass@psgtech.edu,"$argon2id$v=19$m=19456,t=2,p=1$eArnrLW1/rRzVwcR87bxEw$2A/rMWXO2MalZdh5hd4gbWYexoYip6qPZDyC0jg96MM",June Cass,student,,t,M.Tech. DS,f6d73422-565b-471c-809a-76d17faa4a41,2026-09-07 02:00:06.879652+00,2026-09-07 02:00:06.879652+00,2028,,M.Tech. DS
junior.cassidy@psgtech.edu,"$argon2id$v=19$m=19456,t=2,p=1$eArnrLW1/rRzVwcR87bxEw$2A/rMWXO2MalZdh5hd4gbWYexoYip6qPZDyC0jg96MM",Junior Cassidy,student,,t,M.Tech. DS,f6d73422-565b-471c-809a-76d17faa4a41,2026-09-07 02:00:06.879652+00,2026-09-07 02:00:06.879652+00,2028,,M.Tech. DS
justice.castaneda@psgtech.edu,"$argon2id$v=19$m=19456,t=2,p=1$eArnrLW1/rRzVwcR87bxEw$2A/rMWXO2MalZdh5hd4gbWYexoYip6qPZDyC0jg96MM",Justice Castaneda,student,,t,M.Tech. DS,f6d73422-565b-471c-809a-76d17faa4a41,2026-09-07 02:00:06.879652+00,2026-09-07 02:00:06.879652+00,2028,,M.Tech. DS
justin.castellano@psgtech.edu,"$argon2id$v=19$m=19456,t=2,p=1$eArnrLW1/rRzVwcR87bxEw$2A/rMWXO2MalZdh5hd4gbWYexoYip6qPZDyC0jg96MM",Justin Castellano,student,,t,M.Tech. DS,f6d73422-565b-471c-809a-76d17faa4a41,2026-09-07 02:00:06.879652+00,2026-09-07 02:00:06.879652+00,2028,,M.Tech. DS
justine.castilleja@psgtech.edu,"$argon2id$v=19$m=19456,t=2,p=1$eArnrLW1/rRzVwcR87bxEw$2A/rMWXO2MalZdh5hd4gbWYexoYip6qPZDyC0jg96MM",Justine Castilleja,student,,t,M.Tech. DS,f6d73422-565b-471c-809a-76d17faa4a41,2026-09-07 02:00:06.879652+00,2026-09-07 02:00:06.879652+00,2028,,M.Tech. DS
justus.castillo@psgtech.edu,"$argon2id$v=19$m=19456,t=2,p=1$eArnrLW1/rRzVwcR87bxEw$2A/rMWXO2MalZdh5hd4gbWYexoYip6qPZDyC0jg96MM",Justus Castillo,student,,t,M.Tech. DS,f6d73422-565b-471c-809a-76d17faa4a41,2026-09-07 02:00:06.879652+00,2026-09-07 02:00:06.879652+00,2028,,M.Tech. DS
jyoti.chemburkar@dgvaishnav.edu.in,"$argon2id$v=19$m=19456,t=2,p=1$eArnrLW1/rRzVwcR87bxEw$2A/rMWXO2MalZdh5hd4gbWYexoYip6qPZDyC0jg96MM",Jyoti Chemburkar,student,,t,M.Tech. DS,183b3f5e-8a32-4972-ac8b-cf77dfe6a6c5,2026-09-07 02:00:06.879652+00,2026-09-07 02:00:06.879652+00,2028,,M.Tech. DS
kabir.castle@psgtech.edu,"$argon2id$v=19$m=19456,t=2,p=1$eArnrLW1/rRzVwcR87bxEw$2A/rMWXO2MalZdh5hd4gbWYexoYip6qPZDyC0jg96MM",Kabir Castle,student,,t,M.Tech. DS,f6d73422-565b-471c-809a-76d17faa4a41,2026-09-07 02:00:06.879652+00,2026-09-07 02:00:06.879652+00,2028,,M.Tech. DS
kade.castro@psgtech.edu,"$argon2id$v=19$m=19456,t=2,p=1$eArnrLW1/rRzVwcR87bxEw$2A/rMWXO2MalZdh5hd4gbWYexoYip6qPZDyC0jg96MM",Kade Castro,student,,t,BBA,f6d73422-565b-471c-809a-76d17faa4a41,2026-09-07 02:00:06.879652+00,2026-09-07 02:00:06.879652+00,2026,,BBA
kaden.caswell@psgtech.edu,"$argon2id$v=19$m=19456,t=2,p=1$eArnrLW1/rRzVwcR87bxEw$2A/rMWXO2MalZdh5hd4gbWYexoYip6qPZDyC0jg96MM",Kaden Caswell,student,,t,BBA,f6d73422-565b-471c-809a-76d17faa4a41,2026-09-07 02:00:06.879652+00,2026-09-07 02:00:06.879652+00,2026,,BBA
kaeden.catalano@psgtech.edu,"$argon2id$v=19$m=19456,t=2,p=1$eArnrLW1/rRzVwcR87bxEw$2A/rMWXO2MalZdh5hd4gbWYexoYip6qPZDyC0jg96MM",Kaeden Catalano,student,,t,BBA,f6d73422-565b-471c-809a-76d17faa4a41,2026-09-07 02:00:06.879652+00,2026-09-07 02:00:06.879652+00,2026,,BBA
kaela.cathcart@psgtech.edu,"$argon2id$v=19$m=19456,t=2,p=1$eArnrLW1/rRzVwcR87bxEw$2A/rMWXO2MalZdh5hd4gbWYexoYip6qPZDyC0jg96MM",Kaela Cathcart,student,,t,BBA,f6d73422-565b-471c-809a-76d17faa4a41,2026-09-07 02:00:06.879652+00,2026-09-07 02:00:06.879652+00,2026,,BBA
kael.cates@psgtech.edu,"$argon2id$v=19$m=19456,t=2,p=1$eArnrLW1/rRzVwcR87bxEw$2A/rMWXO2MalZdh5hd4gbWYexoYip6qPZDyC0jg96MM",Kael Cates,student,,t,BBA,f6d73422-565b-471c-809a-76d17faa4a41,2026-09-07 02:00:06.879652+00,2026-09-07 02:00:06.879652+00,2026,,BBA
kagome.cathey@psgtech.edu,"$argon2id$v=19$m=19456,t=2,p=1$eArnrLW1/rRzVwcR87bxEw$2A/rMWXO2MalZdh5hd4gbWYexoYip6qPZDyC0jg96MM",Kagome Cathey,student,,t,BBA,f6d73422-565b-471c-809a-76d17faa4a41,2026-09-07 02:00:06.879652+00,2026-09-07 02:00:06.879652+00,2026,,BBA
kaia.cato@psgtech.edu,"$argon2id$v=19$m=19456,t=2,p=1$eArnrLW1/rRzVwcR87bxEw$2A/rMWXO2MalZdh5hd4gbWYexoYip6qPZDyC0jg96MM",Kaia Cato,student,,t,BBA,f6d73422-565b-471c-809a-76d17faa4a41,2026-09-07 02:00:06.879652+00,2026-09-07 02:00:06.879652+00,2026,,BBA
kai.catlett@psgtech.edu,"$argon2id$v=19$m=19456,t=2,p=1$eArnrLW1/rRzVwcR87bxEw$2A/rMWXO2MalZdh5hd4gbWYexoYip6qPZDyC0jg96MM",Kai Catlett,student,,t,BBA,f6d73422-565b-471c-809a-76d17faa4a41,2026-09-07 02:00:06.879652+00,2026-09-07 02:00:06.879652+00,2026,,BBA
kailash.cherian@dgvaishnav.edu.in,"$argon2id$v=19$m=19456,t=2,p=1$eArnrLW1/rRzVwcR87bxEw$2A/rMWXO2MalZdh5hd4gbWYexoYip6qPZDyC0jg96MM",Kailash Cherian,student,,t,M.Tech. DS,183b3f5e-8a32-4972-ac8b-cf77dfe6a6c5,2026-09-07 02:00:06.879652+00,2026-09-07 02:00:06.879652+00,2028,,M.Tech. DS
kailyn.catterall@psgtech.edu,"$argon2id$v=19$m=19456,t=2,p=1$eArnrLW1/rRzVwcR87bxEw$2A/rMWXO2MalZdh5hd4gbWYexoYip6qPZDyC0jg96MM",Kailyn Catterall,student,,t,BBA,f6d73422-565b-471c-809a-76d17faa4a41,2026-09-07 02:00:06.879652+00,2026-09-07 02:00:06.879652+00,2026,,BBA
kaitlin.caudill@psgtech.edu,"$argon2id$v=19$m=19456,t=2,p=1$eArnrLW1/rRzVwcR87bxEw$2A/rMWXO2MalZdh5hd4gbWYexoYip6qPZDyC0jg96MM",Kaitlin Caudill,student,,t,BBA,f6d73422-565b-471c-809a-76d17faa4a41,2026-09-07 02:00:06.879652+00,2026-09-07 02:00:06.879652+00,2026,,BBA
kaitlyn.caughman@psgtech.edu,"$argon2id$v=19$m=19456,t=2,p=1$eArnrLW1/rRzVwcR87bxEw$2A/rMWXO2MalZdh5hd4gbWYexoYip6qPZDyC0jg96MM",Kaitlyn Caughman,student,,t,BBA,f6d73422-565b-471c-809a-76d17faa4a41,2026-09-07 02:00:06.879652+00,2026-09-07 02:00:06.879652+00,2027,,BBA
kaleb.caulfield@psgtech.edu,"$argon2id$v=19$m=19456,t=2,p=1$eArnrLW1/rRzVwcR87bxEw$2A/rMWXO2MalZdh5hd4gbWYexoYip6qPZDyC0jg96MM",Kaleb Caulfield,student,,t,BBA,f6d73422-565b-471c-809a-76d17faa4a41,2026-09-07 02:00:06.879652+00,2026-09-07 02:00:06.879652+00,2027,,BBA
kalel.cavanaugh@psgtech.edu,"$argon2id$v=19$m=19456,t=2,p=1$eArnrLW1/rRzVwcR87bxEw$2A/rMWXO2MalZdh5hd4gbWYexoYip6qPZDyC0jg96MM",Kalel Cavanaugh,student,,t,BBA,f6d73422-565b-471c-809a-76d17faa4a41,2026-09-07 02:00:06.879652+00,2026-09-07 02:00:06.879652+00,2027,,BBA
kali.cave@psgtech.edu,"$argon2id$v=19$m=19456,t=2,p=1$eArnrLW1/rRzVwcR87bxEw$2A/rMWXO2MalZdh5hd4gbWYexoYip6qPZDyC0jg96MM",Kali Cave,student,,t,BBA,f6d73422-565b-471c-809a-76d17faa4a41,2026-09-07 02:00:06.879652+00,2026-09-07 02:00:06.879652+00,2027,,BBA
kallie.caverly@psgtech.edu,"$argon2id$v=19$m=19456,t=2,p=1$eArnrLW1/rRzVwcR87bxEw$2A/rMWXO2MalZdh5hd4gbWYexoYip6qPZDyC0jg96MM",Kallie Caverly,student,,t,BBA,f6d73422-565b-471c-809a-76d17faa4a41,2026-09-07 02:00:06.879652+00,2026-09-07 02:00:06.879652+00,2027,,BBA
kalyani.chettiar@dgvaishnav.edu.in,"$argon2id$v=19$m=19456,t=2,p=1$eArnrLW1/rRzVwcR87bxEw$2A/rMWXO2MalZdh5hd4gbWYexoYip6qPZDyC0jg96MM",Kalyani Chettiar,student,,t,M.Tech. DS,183b3f5e-8a32-4972-ac8b-cf77dfe6a6c5,2026-09-07 02:00:06.879652+00,2026-09-07 02:00:06.879652+00,2028,,M.Tech. DS
kamala.caylor@psgtech.edu,"$argon2id$v=19$m=19456,t=2,p=1$eArnrLW1/rRzVwcR87bxEw$2A/rMWXO2MalZdh5hd4gbWYexoYip6qPZDyC0jg96MM",Kamala Caylor,student,,t,BBA,f6d73422-565b-471c-809a-76d17faa4a41,2026-09-07 02:00:06.879652+00,2026-09-07 02:00:06.879652+00,2027,,BBA
kamal.chhabra@dgvaishnav.edu.in,"$argon2id$v=19$m=19456,t=2,p=1$eArnrLW1/rRzVwcR87bxEw$2A/rMWXO2MalZdh5hd4gbWYexoYip6qPZDyC0jg96MM",Kamal Chhabra,student,,t,M.Tech. DS,183b3f5e-8a32-4972-ac8b-cf77dfe6a6c5,2026-09-07 02:00:06.879652+00,2026-09-07 02:00:06.879652+00,2028,,M.Tech. DS
kamari.cawley@psgtech.edu,"$argon2id$v=19$m=19456,t=2,p=1$eArnrLW1/rRzVwcR87bxEw$2A/rMWXO2MalZdh5hd4gbWYexoYip6qPZDyC0jg96MM",Kamari Cawley,student,,t,BBA,f6d73422-565b-471c-809a-76d17faa4a41,2026-09-07 02:00:06.879652+00,2026-09-07 02:00:06.879652+00,2027,,BBA
kamden.cecil@psgtech.edu,"$argon2id$v=19$m=19456,t=2,p=1$eArnrLW1/rRzVwcR87bxEw$2A/rMWXO2MalZdh5hd4gbWYexoYip6qPZDyC0jg96MM",Kamden Cecil,student,,t,BBA,f6d73422-565b-471c-809a-76d17faa4a41,2026-09-07 02:00:06.879652+00,2026-09-07 02:00:06.879652+00,2027,,BBA
kamil.cederberg@psgtech.edu,"$argon2id$v=19$m=19456,t=2,p=1$eArnrLW1/rRzVwcR87bxEw$2A/rMWXO2MalZdh5hd4gbWYexoYip6qPZDyC0jg96MM",Kamil Cederberg,student,,t,BBA,f6d73422-565b-471c-809a-76d17faa4a41,2026-09-07 02:00:06.879652+00,2026-09-07 02:00:06.879652+00,2027,,BBA
kamini.chhajer@dgvaishnav.edu.in,"$argon2id$v=19$m=19456,t=2,p=1$eArnrLW1/rRzVwcR87bxEw$2A/rMWXO2MalZdh5hd4gbWYexoYip6qPZDyC0jg96MM",Kamini Chhajer,student,,t,M.Tech. DS,183b3f5e-8a32-4972-ac8b-cf77dfe6a6c5,2026-09-07 02:00:06.879652+00,2026-09-07 02:00:06.879652+00,2028,,M.Tech. DS
kanak.chidambaram@dgvaishnav.edu.in,"$argon2id$v=19$m=19456,t=2,p=1$eArnrLW1/rRzVwcR87bxEw$2A/rMWXO2MalZdh5hd4gbWYexoYip6qPZDyC0jg96MM",Kanak Chidambaram,student,,t,M.Tech. DS,183b3f5e-8a32-4972-ac8b-cf77dfe6a6c5,2026-09-07 02:00:06.879652+00,2026-09-07 02:00:06.879652+00,2028,,M.Tech. DS
kane.centeno@psgtech.edu,"$argon2id$v=19$m=19456,t=2,p=1$eArnrLW1/rRzVwcR87bxEw$2A/rMWXO2MalZdh5hd4gbWYexoYip6qPZDyC0jg96MM",Kane Centeno,student,,t,BBA,f6d73422-565b-471c-809a-76d17faa4a41,2026-09-07 02:00:06.879652+00,2026-09-07 02:00:06.879652+00,2027,,BBA
kara.cerda@psgtech.edu,"$argon2id$v=19$m=19456,t=2,p=1$eArnrLW1/rRzVwcR87bxEw$2A/rMWXO2MalZdh5hd4gbWYexoYip6qPZDyC0jg96MM",Kara Cerda,student,,t,BBA,f6d73422-565b-471c-809a-76d17faa4a41,2026-09-07 02:00:06.879652+00,2026-09-07 02:00:06.879652+00,2028,,BBA
karan.chhibber@dgvaishnav.edu.in,"$argon2id$v=19$m=19456,t=2,p=1$eArnrLW1/rRzVwcR87bxEw$2A/rMWXO2MalZdh5hd4gbWYexoYip6qPZDyC0jg96MM",Karan Chhibber,student,,t,M.Tech. DS,183b3f5e-8a32-4972-ac8b-cf77dfe6a6c5,2026-09-07 02:00:06.879652+00,2026-09-07 02:00:06.879652+00,2028,,M.Tech. DS
kareem.cernak@psgtech.edu,"$argon2id$v=19$m=19456,t=2,p=1$eArnrLW1/rRzVwcR87bxEw$2A/rMWXO2MalZdh5hd4gbWYexoYip6qPZDyC0jg96MM",Kareem Cernak,student,,t,BBA,f6d73422-565b-471c-809a-76d17faa4a41,2026-09-07 02:00:06.879652+00,2026-09-07 02:00:06.879652+00,2028,,BBA
kareena.chitnis@dgvaishnav.edu.in,"$argon2id$v=19$m=19456,t=2,p=1$eArnrLW1/rRzVwcR87bxEw$2A/rMWXO2MalZdh5hd4gbWYexoYip6qPZDyC0jg96MM",Kareena Chitnis,student,,t,M.Tech. DS,183b3f5e-8a32-4972-ac8b-cf77dfe6a6c5,2026-09-07 02:00:06.879652+00,2026-09-07 02:00:06.879652+00,2028,,M.Tech. DS
karen.chacon@psgtech.edu,"$argon2id$v=19$m=19456,t=2,p=1$eArnrLW1/rRzVwcR87bxEw$2A/rMWXO2MalZdh5hd4gbWYexoYip6qPZDyC0jg96MM",Karen Chacon,student,,t,BBA,f6d73422-565b-471c-809a-76d17faa4a41,2026-09-07 02:00:06.879652+00,2026-09-07 02:00:06.879652+00,2028,,BBA
kari.chadbourne@psgtech.edu,"$argon2id$v=19$m=19456,t=2,p=1$eArnrLW1/rRzVwcR87bxEw$2A/rMWXO2MalZdh5hd4gbWYexoYip6qPZDyC0jg96MM",Kari Chadbourne,student,,t,BBA,f6d73422-565b-471c-809a-76d17faa4a41,2026-09-07 02:00:06.879652+00,2026-09-07 02:00:06.879652+00,2028,,BBA
karina.chaffee@psgtech.edu,"$argon2id$v=19$m=19456,t=2,p=1$eArnrLW1/rRzVwcR87bxEw$2A/rMWXO2MalZdh5hd4gbWYexoYip6qPZDyC0jg96MM",Karina Chaffee,student,,t,BBA,f6d73422-565b-471c-809a-76d17faa4a41,2026-09-07 02:00:06.879652+00,2026-09-07 02:00:06.879652+00,2028,,BBA
karin.chadwick@psgtech.edu,"$argon2id$v=19$m=19456,t=2,p=1$eArnrLW1/rRzVwcR87bxEw$2A/rMWXO2MalZdh5hd4gbWYexoYip6qPZDyC0jg96MM",Karin Chadwick,student,,t,BBA,f6d73422-565b-471c-809a-76d17faa4a41,2026-09-07 02:00:06.879652+00,2026-09-07 02:00:06.879652+00,2028,,BBA
karis.chaffin@psgtech.edu,"$argon2id$v=19$m=19456,t=2,p=1$eArnrLW1/rRzVwcR87bxEw$2A/rMWXO2MalZdh5hd4gbWYexoYip6qPZDyC0jg96MM",Karis Chaffin,student,,t,BBA,f6d73422-565b-471c-809a-76d17faa4a41,2026-09-07 02:00:06.879652+00,2026-09-07 02:00:06.879652+00,2028,,BBA
karla.chalmers@psgtech.edu,"$argon2id$v=19$m=19456,t=2,p=1$eArnrLW1/rRzVwcR87bxEw$2A/rMWXO2MalZdh5hd4gbWYexoYip6qPZDyC0jg96MM",Karla Chalmers,student,,t,BBA,f6d73422-565b-471c-809a-76d17faa4a41,2026-09-07 02:00:06.879652+00,2026-09-07 02:00:06.879652+00,2028,,BBA
karol.chamberlain@psgtech.edu,"$argon2id$v=19$m=19456,t=2,p=1$eArnrLW1/rRzVwcR87bxEw$2A/rMWXO2MalZdh5hd4gbWYexoYip6qPZDyC0jg96MM",Karol Chamberlain,student,,t,BBA,f6d73422-565b-471c-809a-76d17faa4a41,2026-09-07 02:00:06.879652+00,2026-09-07 02:00:06.879652+00,2028,,BBA
karolina.chambers@psgtech.edu,"$argon2id$v=19$m=19456,t=2,p=1$eArnrLW1/rRzVwcR87bxEw$2A/rMWXO2MalZdh5hd4gbWYexoYip6qPZDyC0jg96MM",Karolina Chambers,student,,t,BBA,f6d73422-565b-471c-809a-76d17faa4a41,2026-09-07 02:00:06.879652+00,2026-09-07 02:00:06.879652+00,2028,,BBA
kartik.chinoy@dgvaishnav.edu.in,"$argon2id$v=19$m=19456,t=2,p=1$eArnrLW1/rRzVwcR87bxEw$2A/rMWXO2MalZdh5hd4gbWYexoYip6qPZDyC0jg96MM",Kartik Chinoy,student,,t,M.Tech. DS,183b3f5e-8a32-4972-ac8b-cf77dfe6a6c5,2026-09-07 02:00:06.879652+00,2026-09-07 02:00:06.879652+00,2028,,M.Tech. DS
kashish.chokshi@dgvaishnav.edu.in,"$argon2id$v=19$m=19456,t=2,p=1$eArnrLW1/rRzVwcR87bxEw$2A/rMWXO2MalZdh5hd4gbWYexoYip6qPZDyC0jg96MM",Kashish Chokshi,student,,t,BBA,183b3f5e-8a32-4972-ac8b-cf77dfe6a6c5,2026-09-07 02:00:06.879652+00,2026-09-07 02:00:06.879652+00,2026,,BBA
kaushal.chitre@dgvaishnav.edu.in,"$argon2id$v=19$m=19456,t=2,p=1$eArnrLW1/rRzVwcR87bxEw$2A/rMWXO2MalZdh5hd4gbWYexoYip6qPZDyC0jg96MM",Kaushal Chitre,student,,t,M.Tech. DS,183b3f5e-8a32-4972-ac8b-cf77dfe6a6c5,2026-09-07 02:00:06.879652+00,2026-09-07 02:00:06.879652+00,2028,,M.Tech. DS
kavish.chopra@dgvaishnav.edu.in,"$argon2id$v=19$m=19456,t=2,p=1$eArnrLW1/rRzVwcR87bxEw$2A/rMWXO2MalZdh5hd4gbWYexoYip6qPZDyC0jg96MM",Kavish Chopra,student,,t,BBA,183b3f5e-8a32-4972-ac8b-cf77dfe6a6c5,2026-09-07 02:00:06.879652+00,2026-09-07 02:00:06.879652+00,2026,,BBA
kavya.choudhary@dgvaishnav.edu.in,"$argon2id$v=19$m=19456,t=2,p=1$eArnrLW1/rRzVwcR87bxEw$2A/rMWXO2MalZdh5hd4gbWYexoYip6qPZDyC0jg96MM",Kavya Choudhary,student,,t,BBA,183b3f5e-8a32-4972-ac8b-cf77dfe6a6c5,2026-09-07 02:00:06.879652+00,2026-09-07 02:00:06.879652+00,2026,,BBA
keerthi.dalal@dgvaishnav.edu.in,"$argon2id$v=19$m=19456,t=2,p=1$eArnrLW1/rRzVwcR87bxEw$2A/rMWXO2MalZdh5hd4gbWYexoYip6qPZDyC0jg96MM",Keerthi Dalal,student,,t,BBA,183b3f5e-8a32-4972-ac8b-cf77dfe6a6c5,2026-09-07 02:00:06.879652+00,2026-09-07 02:00:06.879652+00,2026,,BBA
keshav.chowdhury@dgvaishnav.edu.in,"$argon2id$v=19$m=19456,t=2,p=1$eArnrLW1/rRzVwcR87bxEw$2A/rMWXO2MalZdh5hd4gbWYexoYip6qPZDyC0jg96MM",Keshav Chowdhury,student,,t,BBA,183b3f5e-8a32-4972-ac8b-cf77dfe6a6c5,2026-09-07 02:00:06.879652+00,2026-09-07 02:00:06.879652+00,2026,,BBA
kiran.dalvi@dgvaishnav.edu.in,"$argon2id$v=19$m=19456,t=2,p=1$eArnrLW1/rRzVwcR87bxEw$2A/rMWXO2MalZdh5hd4gbWYexoYip6qPZDyC0jg96MM",Kiran Dalvi,student,,t,BBA,183b3f5e-8a32-4972-ac8b-cf77dfe6a6c5,2026-09-07 02:00:06.879652+00,2026-09-07 02:00:06.879652+00,2026,,BBA
kishore.dandekar@dgvaishnav.edu.in,"$argon2id$v=19$m=19456,t=2,p=1$eArnrLW1/rRzVwcR87bxEw$2A/rMWXO2MalZdh5hd4gbWYexoYip6qPZDyC0jg96MM",Kishore Dandekar,student,,t,BBA,183b3f5e-8a32-4972-ac8b-cf77dfe6a6c5,2026-09-07 02:00:06.879652+00,2026-09-07 02:00:06.879652+00,2026,,BBA
komal.damle@dgvaishnav.edu.in,"$argon2id$v=19$m=19456,t=2,p=1$eArnrLW1/rRzVwcR87bxEw$2A/rMWXO2MalZdh5hd4gbWYexoYip6qPZDyC0jg96MM",Komal Damle,student,,t,BBA,183b3f5e-8a32-4972-ac8b-cf77dfe6a6c5,2026-09-07 02:00:06.879652+00,2026-09-07 02:00:06.879652+00,2026,,BBA
krisha.dandona@dgvaishnav.edu.in,"$argon2id$v=19$m=19456,t=2,p=1$eArnrLW1/rRzVwcR87bxEw$2A/rMWXO2MalZdh5hd4gbWYexoYip6qPZDyC0jg96MM",Krisha Dandona,student,,t,BBA,183b3f5e-8a32-4972-ac8b-cf77dfe6a6c5,2026-09-07 02:00:06.879652+00,2026-09-07 02:00:06.879652+00,2026,,BBA
krish.dani@dgvaishnav.edu.in,"$argon2id$v=19$m=19456,t=2,p=1$eArnrLW1/rRzVwcR87bxEw$2A/rMWXO2MalZdh5hd4gbWYexoYip6qPZDyC0jg96MM",Krish Dani,student,,t,BBA,183b3f5e-8a32-4972-ac8b-cf77dfe6a6c5,2026-09-07 02:00:06.879652+00,2026-09-07 02:00:06.879652+00,2026,,BBA
krishna.darda@dgvaishnav.edu.in,"$argon2id$v=19$m=19456,t=2,p=1$eArnrLW1/rRzVwcR87bxEw$2A/rMWXO2MalZdh5hd4gbWYexoYip6qPZDyC0jg96MM",Krishna Darda,student,,t,BBA,183b3f5e-8a32-4972-ac8b-cf77dfe6a6c5,2026-09-07 02:00:06.879652+00,2026-09-07 02:00:06.879652+00,2027,,BBA
kriti.daphtary@dgvaishnav.edu.in,"$argon2id$v=19$m=19456,t=2,p=1$eArnrLW1/rRzVwcR87bxEw$2A/rMWXO2MalZdh5hd4gbWYexoYip6qPZDyC0jg96MM",Kriti Daphtary,student,,t,BBA,183b3f5e-8a32-4972-ac8b-cf77dfe6a6c5,2026-09-07 02:00:06.879652+00,2026-09-07 02:00:06.879652+00,2027,,BBA
krittika.dasgupta@dgvaishnav.edu.in,"$argon2id$v=19$m=19456,t=2,p=1$eArnrLW1/rRzVwcR87bxEw$2A/rMWXO2MalZdh5hd4gbWYexoYip6qPZDyC0jg96MM",Krittika Dasgupta,student,,t,BBA,183b3f5e-8a32-4972-ac8b-cf77dfe6a6c5,2026-09-07 02:00:06.879652+00,2026-09-07 02:00:06.879652+00,2027,,BBA
kshipra.dastur@dgvaishnav.edu.in,"$argon2id$v=19$m=19456,t=2,p=1$eArnrLW1/rRzVwcR87bxEw$2A/rMWXO2MalZdh5hd4gbWYexoYip6qPZDyC0jg96MM",Kshipra Dastur,student,,t,BBA,183b3f5e-8a32-4972-ac8b-cf77dfe6a6c5,2026-09-07 02:00:06.879652+00,2026-09-07 02:00:06.879652+00,2027,,BBA
kuldeep.dashora@dgvaishnav.edu.in,"$argon2id$v=19$m=19456,t=2,p=1$eArnrLW1/rRzVwcR87bxEw$2A/rMWXO2MalZdh5hd4gbWYexoYip6qPZDyC0jg96MM",Kuldeep Dashora,student,,t,BBA,183b3f5e-8a32-4972-ac8b-cf77dfe6a6c5,2026-09-07 02:00:06.879652+00,2026-09-07 02:00:06.879652+00,2027,,BBA
kumud.datar@dgvaishnav.edu.in,"$argon2id$v=19$m=19456,t=2,p=1$eArnrLW1/rRzVwcR87bxEw$2A/rMWXO2MalZdh5hd4gbWYexoYip6qPZDyC0jg96MM",Kumud Datar,student,,t,BBA,183b3f5e-8a32-4972-ac8b-cf77dfe6a6c5,2026-09-07 02:00:06.879652+00,2026-09-07 02:00:06.879652+00,2027,,BBA
kunal.date@dgvaishnav.edu.in,"$argon2id$v=19$m=19456,t=2,p=1$eArnrLW1/rRzVwcR87bxEw$2A/rMWXO2MalZdh5hd4gbWYexoYip6qPZDyC0jg96MM",Kunal Date,student,,t,BBA,183b3f5e-8a32-4972-ac8b-cf77dfe6a6c5,2026-09-07 02:00:06.879652+00,2026-09-07 02:00:06.879652+00,2027,,BBA
lakshman.dattagupta@dgvaishnav.edu.in,"$argon2id$v=19$m=19456,t=2,p=1$eArnrLW1/rRzVwcR87bxEw$2A/rMWXO2MalZdh5hd4gbWYexoYip6qPZDyC0jg96MM",Lakshman Dattagupta,student,,t,BBA,183b3f5e-8a32-4972-ac8b-cf77dfe6a6c5,2026-09-07 02:00:06.879652+00,2026-09-07 02:00:06.879652+00,2027,,BBA
lalit.dayal@dgvaishnav.edu.in,"$argon2id$v=19$m=19456,t=2,p=1$eArnrLW1/rRzVwcR87bxEw$2A/rMWXO2MalZdh5hd4gbWYexoYip6qPZDyC0jg96MM",Lalit Dayal,student,,t,BBA,183b3f5e-8a32-4972-ac8b-cf77dfe6a6c5,2026-09-07 02:00:06.879652+00,2026-09-07 02:00:06.879652+00,2027,,BBA
lavanya.dave@dgvaishnav.edu.in,"$argon2id$v=19$m=19456,t=2,p=1$eArnrLW1/rRzVwcR87bxEw$2A/rMWXO2MalZdh5hd4gbWYexoYip6qPZDyC0jg96MM",Lavanya Dave,student,,t,BBA,183b3f5e-8a32-4972-ac8b-cf77dfe6a6c5,2026-09-07 02:00:06.879652+00,2026-09-07 02:00:06.879652+00,2027,,BBA
leela.deb@dgvaishnav.edu.in,"$argon2id$v=19$m=19456,t=2,p=1$eArnrLW1/rRzVwcR87bxEw$2A/rMWXO2MalZdh5hd4gbWYexoYip6qPZDyC0jg96MM",Leela Deb,student,,t,BBA,183b3f5e-8a32-4972-ac8b-cf77dfe6a6c5,2026-09-07 02:00:06.879652+00,2026-09-07 02:00:06.879652+00,2028,,BBA
lipi.dendukuri@dgvaishnav.edu.in,"$argon2id$v=19$m=19456,t=2,p=1$eArnrLW1/rRzVwcR87bxEw$2A/rMWXO2MalZdh5hd4gbWYexoYip6qPZDyC0jg96MM",Lipi Dendukuri,student,,t,BBA,183b3f5e-8a32-4972-ac8b-cf77dfe6a6c5,2026-09-07 02:00:06.879652+00,2026-09-07 02:00:06.879652+00,2028,,BBA
lokesh.dehadrai@dgvaishnav.edu.in,"$argon2id$v=19$m=19456,t=2,p=1$eArnrLW1/rRzVwcR87bxEw$2A/rMWXO2MalZdh5hd4gbWYexoYip6qPZDyC0jg96MM",Lokesh Dehadrai,student,,t,BBA,183b3f5e-8a32-4972-ac8b-cf77dfe6a6c5,2026-09-07 02:00:06.879652+00,2026-09-07 02:00:06.879652+00,2028,,BBA
madhav.deodhar@dgvaishnav.edu.in,"$argon2id$v=19$m=19456,t=2,p=1$eArnrLW1/rRzVwcR87bxEw$2A/rMWXO2MalZdh5hd4gbWYexoYip6qPZDyC0jg96MM",Madhav Deodhar,student,,t,BBA,183b3f5e-8a32-4972-ac8b-cf77dfe6a6c5,2026-09-07 02:00:06.879652+00,2026-09-07 02:00:06.879652+00,2028,,BBA
madhu.deol@dgvaishnav.edu.in,"$argon2id$v=19$m=19456,t=2,p=1$eArnrLW1/rRzVwcR87bxEw$2A/rMWXO2MalZdh5hd4gbWYexoYip6qPZDyC0jg96MM",Madhu Deol,student,,t,BBA,183b3f5e-8a32-4972-ac8b-cf77dfe6a6c5,2026-09-07 02:00:06.879652+00,2026-09-07 02:00:06.879652+00,2028,,BBA
madhuri.deshpande@dgvaishnav.edu.in,"$argon2id$v=19$m=19456,t=2,p=1$eArnrLW1/rRzVwcR87bxEw$2A/rMWXO2MalZdh5hd4gbWYexoYip6qPZDyC0jg96MM",Madhuri Deshpande,student,,t,BBA,183b3f5e-8a32-4972-ac8b-cf77dfe6a6c5,2026-09-07 02:00:06.879652+00,2026-09-07 02:00:06.879652+00,2028,,BBA
mahesh.deshmukh@dgvaishnav.edu.in,"$argon2id$v=19$m=19456,t=2,p=1$eArnrLW1/rRzVwcR87bxEw$2A/rMWXO2MalZdh5hd4gbWYexoYip6qPZDyC0jg96MM",Mahesh Deshmukh,student,,t,BBA,183b3f5e-8a32-4972-ac8b-cf77dfe6a6c5,2026-09-07 02:00:06.879652+00,2026-09-07 02:00:06.879652+00,2028,,BBA
maitreyi.devanathan@dgvaishnav.edu.in,"$argon2id$v=19$m=19456,t=2,p=1$eArnrLW1/rRzVwcR87bxEw$2A/rMWXO2MalZdh5hd4gbWYexoYip6qPZDyC0jg96MM",Maitreyi Devanathan,student,,t,BBA,183b3f5e-8a32-4972-ac8b-cf77dfe6a6c5,2026-09-07 02:00:06.879652+00,2026-09-07 02:00:06.879652+00,2028,,BBA
malini.dewan@loyolacollege.edu,"$argon2id$v=19$m=19456,t=2,p=1$eArnrLW1/rRzVwcR87bxEw$2A/rMWXO2MalZdh5hd4gbWYexoYip6qPZDyC0jg96MM",Malini Dewan,faculty,,t,B.Sc. Biochem,f459595a-a240-448d-a071-93baf224cbb2,2026-09-07 02:00:06.879652+00,2026-09-07 02:00:06.879652+00,,,B.Sc. Biochem
mallika.dhal@loyolacollege.edu,"$argon2id$v=19$m=19456,t=2,p=1$eArnrLW1/rRzVwcR87bxEw$2A/rMWXO2MalZdh5hd4gbWYexoYip6qPZDyC0jg96MM",Mallika Dhal,faculty,,t,B.E. CSE,f459595a-a240-448d-a071-93baf224cbb2,2026-09-07 02:00:06.879652+00,2026-09-07 02:00:06.879652+00,,,B.E. CSE
mamta.dhanraj@loyolacollege.edu,"$argon2id$v=19$m=19456,t=2,p=1$eArnrLW1/rRzVwcR87bxEw$2A/rMWXO2MalZdh5hd4gbWYexoYip6qPZDyC0jg96MM",Mamta Dhanraj,faculty,,t,BBA,f459595a-a240-448d-a071-93baf224cbb2,2026-09-07 02:00:06.879652+00,2026-09-07 02:00:06.879652+00,,,BBA
manan.devadas@dgvaishnav.edu.in,"$argon2id$v=19$m=19456,t=2,p=1$eArnrLW1/rRzVwcR87bxEw$2A/rMWXO2MalZdh5hd4gbWYexoYip6qPZDyC0jg96MM",Manan Devadas,student,,t,BBA,183b3f5e-8a32-4972-ac8b-cf77dfe6a6c5,2026-09-07 02:00:06.879652+00,2026-09-07 02:00:06.879652+00,2028,,BBA
manas.devarajan@dgvaishnav.edu.in,"$argon2id$v=19$m=19456,t=2,p=1$eArnrLW1/rRzVwcR87bxEw$2A/rMWXO2MalZdh5hd4gbWYexoYip6qPZDyC0jg96MM",Manas Devarajan,student,,t,BBA,183b3f5e-8a32-4972-ac8b-cf77dfe6a6c5,2026-09-07 02:00:06.879652+00,2026-09-07 02:00:06.879652+00,2028,,BBA
manasi.dharmadhikari@loyolacollege.edu,"$argon2id$v=19$m=19456,t=2,p=1$eArnrLW1/rRzVwcR87bxEw$2A/rMWXO2MalZdh5hd4gbWYexoYip6qPZDyC0jg96MM",Manasi Dharmadhikari,student,,t,B.Sc. Biochem,f459595a-a240-448d-a071-93baf224cbb2,2026-09-07 02:00:06.879652+00,2026-09-07 02:00:06.879652+00,2026,,B.Sc. Biochem
manav.dey@loyolacollege.edu,"$argon2id$v=19$m=19456,t=2,p=1$eArnrLW1/rRzVwcR87bxEw$2A/rMWXO2MalZdh5hd4gbWYexoYip6qPZDyC0jg96MM",Manav Dey,faculty,,t,M.Sc. Maths,f459595a-a240-448d-a071-93baf224cbb2,2026-09-07 02:00:06.879652+00,2026-09-07 02:00:06.879652+00,,,M.Sc. Maths
manisha.dhingra@loyolacollege.edu,"$argon2id$v=19$m=19456,t=2,p=1$eArnrLW1/rRzVwcR87bxEw$2A/rMWXO2MalZdh5hd4gbWYexoYip6qPZDyC0jg96MM",Manisha Dhingra,student,,t,B.Sc. Biochem,f459595a-a240-448d-a071-93baf224cbb2,2026-09-07 02:00:06.879652+00,2026-09-07 02:00:06.879652+00,2026,,B.Sc. Biochem
manish.dhamija@loyolacollege.edu,"$argon2id$v=19$m=19456,t=2,p=1$eArnrLW1/rRzVwcR87bxEw$2A/rMWXO2MalZdh5hd4gbWYexoYip6qPZDyC0jg96MM",Manish Dhamija,faculty,,t,M.Tech. DS,f459595a-a240-448d-a071-93baf224cbb2,2026-09-07 02:00:06.879652+00,2026-09-07 02:00:06.879652+00,,,M.Tech. DS
manoj.dhar@loyolacollege.edu,"$argon2id$v=19$m=19456,t=2,p=1$eArnrLW1/rRzVwcR87bxEw$2A/rMWXO2MalZdh5hd4gbWYexoYip6qPZDyC0jg96MM",Manoj Dhar,student,,t,B.Sc. Biochem,f459595a-a240-448d-a071-93baf224cbb2,2026-09-07 02:00:06.879652+00,2026-09-07 02:00:06.879652+00,2026,,B.Sc. Biochem
mayank.dhawan@loyolacollege.edu,"$argon2id$v=19$m=19456,t=2,p=1$eArnrLW1/rRzVwcR87bxEw$2A/rMWXO2MalZdh5hd4gbWYexoYip6qPZDyC0jg96MM",Mayank Dhawan,student,,t,B.Sc. Biochem,f459595a-a240-448d-a071-93baf224cbb2,2026-09-07 02:00:06.879652+00,2026-09-07 02:00:06.879652+00,2026,,B.Sc. Biochem
meena.dholakia@loyolacollege.edu,"$argon2id$v=19$m=19456,t=2,p=1$eArnrLW1/rRzVwcR87bxEw$2A/rMWXO2MalZdh5hd4gbWYexoYip6qPZDyC0jg96MM",Meena Dholakia,student,,t,B.Sc. Biochem,f459595a-a240-448d-a071-93baf224cbb2,2026-09-07 02:00:06.879652+00,2026-09-07 02:00:06.879652+00,2026,,B.Sc. Biochem
meenakshi.dighe@loyolacollege.edu,"$argon2id$v=19$m=19456,t=2,p=1$eArnrLW1/rRzVwcR87bxEw$2A/rMWXO2MalZdh5hd4gbWYexoYip6qPZDyC0jg96MM",Meenakshi Dighe,student,,t,B.Sc. Biochem,f459595a-a240-448d-a071-93baf224cbb2,2026-09-07 02:00:06.879652+00,2026-09-07 02:00:06.879652+00,2026,,B.Sc. Biochem
meera.dinshaw@loyolacollege.edu,"$argon2id$v=19$m=19456,t=2,p=1$eArnrLW1/rRzVwcR87bxEw$2A/rMWXO2MalZdh5hd4gbWYexoYip6qPZDyC0jg96MM",Meera Dinshaw,student,,t,B.Sc. Biochem,f459595a-a240-448d-a071-93baf224cbb2,2026-09-07 02:00:06.879652+00,2026-09-07 02:00:06.879652+00,2026,,B.Sc. Biochem
megha.divekar@loyolacollege.edu,"$argon2id$v=19$m=19456,t=2,p=1$eArnrLW1/rRzVwcR87bxEw$2A/rMWXO2MalZdh5hd4gbWYexoYip6qPZDyC0jg96MM",Megha Divekar,student,,t,B.Sc. Biochem,f459595a-a240-448d-a071-93baf224cbb2,2026-09-07 02:00:06.879652+00,2026-09-07 02:00:06.879652+00,2027,,B.Sc. Biochem
mehul.dhole@loyolacollege.edu,"$argon2id$v=19$m=19456,t=2,p=1$eArnrLW1/rRzVwcR87bxEw$2A/rMWXO2MalZdh5hd4gbWYexoYip6qPZDyC0jg96MM",Mehul Dhole,student,,t,B.Sc. Biochem,f459595a-a240-448d-a071-93baf224cbb2,2026-09-07 02:00:06.879652+00,2026-09-07 02:00:06.879652+00,2026,,B.Sc. Biochem
milind.dhumal@loyolacollege.edu,"$argon2id$v=19$m=19456,t=2,p=1$eArnrLW1/rRzVwcR87bxEw$2A/rMWXO2MalZdh5hd4gbWYexoYip6qPZDyC0jg96MM",Milind Dhumal,student,,t,B.Sc. Biochem,f459595a-a240-448d-a071-93baf224cbb2,2026-09-07 02:00:06.879652+00,2026-09-07 02:00:06.879652+00,2026,,B.Sc. Biochem
mitesh.dikshit@loyolacollege.edu,"$argon2id$v=19$m=19456,t=2,p=1$eArnrLW1/rRzVwcR87bxEw$2A/rMWXO2MalZdh5hd4gbWYexoYip6qPZDyC0jg96MM",Mitesh Dikshit,student,,t,B.Sc. Biochem,f459595a-a240-448d-a071-93baf224cbb2,2026-09-07 02:00:06.879652+00,2026-09-07 02:00:06.879652+00,2026,,B.Sc. Biochem
mohan.divan@loyolacollege.edu,"$argon2id$v=19$m=19456,t=2,p=1$eArnrLW1/rRzVwcR87bxEw$2A/rMWXO2MalZdh5hd4gbWYexoYip6qPZDyC0jg96MM",Mohan Divan,student,,t,B.Sc. Biochem,f459595a-a240-448d-a071-93baf224cbb2,2026-09-07 02:00:06.879652+00,2026-09-07 02:00:06.879652+00,2027,,B.Sc. Biochem
mohit.divgikar@loyolacollege.edu,"$argon2id$v=19$m=19456,t=2,p=1$eArnrLW1/rRzVwcR87bxEw$2A/rMWXO2MalZdh5hd4gbWYexoYip6qPZDyC0jg96MM",Mohit Divgikar,student,,t,B.Sc. Biochem,f459595a-a240-448d-a071-93baf224cbb2,2026-09-07 02:00:06.879652+00,2026-09-07 02:00:06.879652+00,2027,,B.Sc. Biochem
mona.dixit@loyolacollege.edu,"$argon2id$v=19$m=19456,t=2,p=1$eArnrLW1/rRzVwcR87bxEw$2A/rMWXO2MalZdh5hd4gbWYexoYip6qPZDyC0jg96MM",Mona Dixit,student,,t,B.Sc. Biochem,f459595a-a240-448d-a071-93baf224cbb2,2026-09-07 02:00:06.879652+00,2026-09-07 02:00:06.879652+00,2027,,B.Sc. Biochem
monika.dogra@loyolacollege.edu,"$argon2id$v=19$m=19456,t=2,p=1$eArnrLW1/rRzVwcR87bxEw$2A/rMWXO2MalZdh5hd4gbWYexoYip6qPZDyC0jg96MM",Monika Dogra,student,,t,B.Sc. Biochem,f459595a-a240-448d-a071-93baf224cbb2,2026-09-07 02:00:06.879652+00,2026-09-07 02:00:06.879652+00,2027,,B.Sc. Biochem
mridula.dravid@loyolacollege.edu,"$argon2id$v=19$m=19456,t=2,p=1$eArnrLW1/rRzVwcR87bxEw$2A/rMWXO2MalZdh5hd4gbWYexoYip6qPZDyC0jg96MM",Mridula Dravid,student,,t,B.Sc. Biochem,f459595a-a240-448d-a071-93baf224cbb2,2026-09-07 02:00:06.879652+00,2026-09-07 02:00:06.879652+00,2027,,B.Sc. Biochem
mukesh.dodia@loyolacollege.edu,"$argon2id$v=19$m=19456,t=2,p=1$eArnrLW1/rRzVwcR87bxEw$2A/rMWXO2MalZdh5hd4gbWYexoYip6qPZDyC0jg96MM",Mukesh Dodia,student,,t,B.Sc. Biochem,f459595a-a240-448d-a071-93baf224cbb2,2026-09-07 02:00:06.879652+00,2026-09-07 02:00:06.879652+00,2027,,B.Sc. Biochem
mukta.dube@loyolacollege.edu,"$argon2id$v=19$m=19456,t=2,p=1$eArnrLW1/rRzVwcR87bxEw$2A/rMWXO2MalZdh5hd4gbWYexoYip6qPZDyC0jg96MM",Mukta Dube,student,,t,B.Sc. Biochem,f459595a-a240-448d-a071-93baf224cbb2,2026-09-07 02:00:06.879652+00,2026-09-07 02:00:06.879652+00,2027,,B.Sc. Biochem
mukul.doshi@loyolacollege.edu,"$argon2id$v=19$m=19456,t=2,p=1$eArnrLW1/rRzVwcR87bxEw$2A/rMWXO2MalZdh5hd4gbWYexoYip6qPZDyC0jg96MM",Mukul Doshi,student,,t,B.Sc. Biochem,f459595a-a240-448d-a071-93baf224cbb2,2026-09-07 02:00:06.879652+00,2026-09-07 02:00:06.879652+00,2027,,B.Sc. Biochem
murli.dsouza@loyolacollege.edu,"$argon2id$v=19$m=19456,t=2,p=1$eArnrLW1/rRzVwcR87bxEw$2A/rMWXO2MalZdh5hd4gbWYexoYip6qPZDyC0jg96MM",Murli Dsouza,student,,t,B.Sc. Biochem,f459595a-a240-448d-a071-93baf224cbb2,2026-09-07 02:00:06.879652+00,2026-09-07 02:00:06.879652+00,2027,,B.Sc. Biochem
nakul.duggal@loyolacollege.edu,"$argon2id$v=19$m=19456,t=2,p=1$eArnrLW1/rRzVwcR87bxEw$2A/rMWXO2MalZdh5hd4gbWYexoYip6qPZDyC0jg96MM",Nakul Duggal,student,,t,B.Sc. Biochem,f459595a-a240-448d-a071-93baf224cbb2,2026-09-07 02:00:06.879652+00,2026-09-07 02:00:06.879652+00,2028,,B.Sc. Biochem
nalini.duraiswamy@loyolacollege.edu,"$argon2id$v=19$m=19456,t=2,p=1$eArnrLW1/rRzVwcR87bxEw$2A/rMWXO2MalZdh5hd4gbWYexoYip6qPZDyC0jg96MM",Nalini Duraiswamy,student,,t,B.Sc. Biochem,f459595a-a240-448d-a071-93baf224cbb2,2026-09-07 02:00:06.879652+00,2026-09-07 02:00:06.879652+00,2028,,B.Sc. Biochem
naman.dutt@loyolacollege.edu,"$argon2id$v=19$m=19456,t=2,p=1$eArnrLW1/rRzVwcR87bxEw$2A/rMWXO2MalZdh5hd4gbWYexoYip6qPZDyC0jg96MM",Naman Dutt,student,,t,B.Sc. Biochem,f459595a-a240-448d-a071-93baf224cbb2,2026-09-07 02:00:06.879652+00,2026-09-07 02:00:06.879652+00,2028,,B.Sc. Biochem
namrata.dwivedi@loyolacollege.edu,"$argon2id$v=19$m=19456,t=2,p=1$eArnrLW1/rRzVwcR87bxEw$2A/rMWXO2MalZdh5hd4gbWYexoYip6qPZDyC0jg96MM",Namrata Dwivedi,student,,t,B.Sc. Biochem,f459595a-a240-448d-a071-93baf224cbb2,2026-09-07 02:00:06.879652+00,2026-09-07 02:00:06.879652+00,2028,,B.Sc. Biochem
nandini.eswaran@loyolacollege.edu,"$argon2id$v=19$m=19456,t=2,p=1$eArnrLW1/rRzVwcR87bxEw$2A/rMWXO2MalZdh5hd4gbWYexoYip6qPZDyC0jg96MM",Nandini Eswaran,student,,t,B.Sc. Biochem,f459595a-a240-448d-a071-93baf224cbb2,2026-09-07 02:00:06.879652+00,2026-09-07 02:00:06.879652+00,2028,,B.Sc. Biochem
narasimha.engineer@loyolacollege.edu,"$argon2id$v=19$m=19456,t=2,p=1$eArnrLW1/rRzVwcR87bxEw$2A/rMWXO2MalZdh5hd4gbWYexoYip6qPZDyC0jg96MM",Narasimha Engineer,student,,t,B.Sc. Biochem,f459595a-a240-448d-a071-93baf224cbb2,2026-09-07 02:00:06.879652+00,2026-09-07 02:00:06.879652+00,2028,,B.Sc. Biochem
naresh.fadnavis@loyolacollege.edu,"$argon2id$v=19$m=19456,t=2,p=1$eArnrLW1/rRzVwcR87bxEw$2A/rMWXO2MalZdh5hd4gbWYexoYip6qPZDyC0jg96MM",Naresh Fadnavis,student,,t,B.Sc. Biochem,f459595a-a240-448d-a071-93baf224cbb2,2026-09-07 02:00:06.879652+00,2026-09-07 02:00:06.879652+00,2028,,B.Sc. Biochem
naveen.farooqui@loyolacollege.edu,"$argon2id$v=19$m=19456,t=2,p=1$eArnrLW1/rRzVwcR87bxEw$2A/rMWXO2MalZdh5hd4gbWYexoYip6qPZDyC0jg96MM",Naveen Farooqui,student,,t,B.Sc. Biochem,f459595a-a240-448d-a071-93baf224cbb2,2026-09-07 02:00:06.879652+00,2026-09-07 02:00:06.879652+00,2028,,B.Sc. Biochem
navin.firdausi@loyolacollege.edu,"$argon2id$v=19$m=19456,t=2,p=1$eArnrLW1/rRzVwcR87bxEw$2A/rMWXO2MalZdh5hd4gbWYexoYip6qPZDyC0jg96MM",Navin Firdausi,student,,t,M.Sc. Maths,f459595a-a240-448d-a071-93baf224cbb2,2026-09-07 02:00:06.879652+00,2026-09-07 02:00:06.879652+00,2026,,M.Sc. Maths
navya.faleiro@loyolacollege.edu,"$argon2id$v=19$m=19456,t=2,p=1$eArnrLW1/rRzVwcR87bxEw$2A/rMWXO2MalZdh5hd4gbWYexoYip6qPZDyC0jg96MM",Navya Faleiro,student,,t,B.Sc. Biochem,f459595a-a240-448d-a071-93baf224cbb2,2026-09-07 02:00:06.879652+00,2026-09-07 02:00:06.879652+00,2028,,B.Sc. Biochem
nayantara.fernandes@loyolacollege.edu,"$argon2id$v=19$m=19456,t=2,p=1$eArnrLW1/rRzVwcR87bxEw$2A/rMWXO2MalZdh5hd4gbWYexoYip6qPZDyC0jg96MM",Nayantara Fernandes,student,,t,B.Sc. Biochem,f459595a-a240-448d-a071-93baf224cbb2,2026-09-07 02:00:06.879652+00,2026-09-07 02:00:06.879652+00,2028,,B.Sc. Biochem
neelam.gadgil@loyolacollege.edu,"$argon2id$v=19$m=19456,t=2,p=1$eArnrLW1/rRzVwcR87bxEw$2A/rMWXO2MalZdh5hd4gbWYexoYip6qPZDyC0jg96MM",Neelam Gadgil,student,,t,M.Sc. Maths,f459595a-a240-448d-a071-93baf224cbb2,2026-09-07 02:00:06.879652+00,2026-09-07 02:00:06.879652+00,2026,,M.Sc. Maths
neel.gaikwad@loyolacollege.edu,"$argon2id$v=19$m=19456,t=2,p=1$eArnrLW1/rRzVwcR87bxEw$2A/rMWXO2MalZdh5hd4gbWYexoYip6qPZDyC0jg96MM",Neel Gaikwad,student,,t,M.Sc. Maths,f459595a-a240-448d-a071-93baf224cbb2,2026-09-07 02:00:06.879652+00,2026-09-07 02:00:06.879652+00,2026,,M.Sc. Maths
neelu.gaitonde@loyolacollege.edu,"$argon2id$v=19$m=19456,t=2,p=1$eArnrLW1/rRzVwcR87bxEw$2A/rMWXO2MalZdh5hd4gbWYexoYip6qPZDyC0jg96MM",Neelu Gaitonde,student,,t,M.Sc. Maths,f459595a-a240-448d-a071-93baf224cbb2,2026-09-07 02:00:06.879652+00,2026-09-07 02:00:06.879652+00,2026,,M.Sc. Maths
neeraja.ganapathy@loyolacollege.edu,"$argon2id$v=19$m=19456,t=2,p=1$eArnrLW1/rRzVwcR87bxEw$2A/rMWXO2MalZdh5hd4gbWYexoYip6qPZDyC0jg96MM",Neeraja Ganapathy,student,,t,M.Sc. Maths,f459595a-a240-448d-a071-93baf224cbb2,2026-09-07 02:00:06.879652+00,2026-09-07 02:00:06.879652+00,2026,,M.Sc. Maths
neeraj.gajjar@loyolacollege.edu,"$argon2id$v=19$m=19456,t=2,p=1$eArnrLW1/rRzVwcR87bxEw$2A/rMWXO2MalZdh5hd4gbWYexoYip6qPZDyC0jg96MM",Neeraj Gajjar,student,,t,M.Sc. Maths,f459595a-a240-448d-a071-93baf224cbb2,2026-09-07 02:00:06.879652+00,2026-09-07 02:00:06.879652+00,2026,,M.Sc. Maths
neha.ganguly@loyolacollege.edu,"$argon2id$v=19$m=19456,t=2,p=1$eArnrLW1/rRzVwcR87bxEw$2A/rMWXO2MalZdh5hd4gbWYexoYip6qPZDyC0jg96MM",Neha Ganguly,student,,t,M.Sc. Maths,f459595a-a240-448d-a071-93baf224cbb2,2026-09-07 02:00:06.879652+00,2026-09-07 02:00:06.879652+00,2026,,M.Sc. Maths
netra.ganju@loyolacollege.edu,"$argon2id$v=19$m=19456,t=2,p=1$eArnrLW1/rRzVwcR87bxEw$2A/rMWXO2MalZdh5hd4gbWYexoYip6qPZDyC0jg96MM",Netra Ganju,student,,t,M.Sc. Maths,f459595a-a240-448d-a071-93baf224cbb2,2026-09-07 02:00:06.879652+00,2026-09-07 02:00:06.879652+00,2026,,M.Sc. Maths
nidhi.garg@loyolacollege.edu,"$argon2id$v=19$m=19456,t=2,p=1$eArnrLW1/rRzVwcR87bxEw$2A/rMWXO2MalZdh5hd4gbWYexoYip6qPZDyC0jg96MM",Nidhi Garg,student,,t,M.Sc. Maths,f459595a-a240-448d-a071-93baf224cbb2,2026-09-07 02:00:06.879652+00,2026-09-07 02:00:06.879652+00,2027,,M.Sc. Maths
niharika.garware@loyolacollege.edu,"$argon2id$v=19$m=19456,t=2,p=1$eArnrLW1/rRzVwcR87bxEw$2A/rMWXO2MalZdh5hd4gbWYexoYip6qPZDyC0jg96MM",Niharika Garware,student,,t,M.Sc. Maths,f459595a-a240-448d-a071-93baf224cbb2,2026-09-07 02:00:06.879652+00,2026-09-07 02:00:06.879652+00,2027,,M.Sc. Maths
nikhil.gandhi@loyolacollege.edu,"$argon2id$v=19$m=19456,t=2,p=1$eArnrLW1/rRzVwcR87bxEw$2A/rMWXO2MalZdh5hd4gbWYexoYip6qPZDyC0jg96MM",Nikhil Gandhi,student,,t,M.Sc. Maths,f459595a-a240-448d-a071-93baf224cbb2,2026-09-07 02:00:06.879652+00,2026-09-07 02:00:06.879652+00,2026,,M.Sc. Maths
nikita.gavaskar@loyolacollege.edu,"$argon2id$v=19$m=19456,t=2,p=1$eArnrLW1/rRzVwcR87bxEw$2A/rMWXO2MalZdh5hd4gbWYexoYip6qPZDyC0jg96MM",Nikita Gavaskar,student,,t,M.Sc. Maths,f459595a-a240-448d-a071-93baf224cbb2,2026-09-07 02:00:06.879652+00,2026-09-07 02:00:06.879652+00,2027,,M.Sc. Maths
nilesh.gangopadhyay@loyolacollege.edu,"$argon2id$v=19$m=19456,t=2,p=1$eArnrLW1/rRzVwcR87bxEw$2A/rMWXO2MalZdh5hd4gbWYexoYip6qPZDyC0jg96MM",Nilesh Gangopadhyay,student,,t,M.Sc. Maths,f459595a-a240-448d-a071-93baf224cbb2,2026-09-07 02:00:06.879652+00,2026-09-07 02:00:06.879652+00,2026,,M.Sc. Maths
nilima.gawas@loyolacollege.edu,"$argon2id$v=19$m=19456,t=2,p=1$eArnrLW1/rRzVwcR87bxEw$2A/rMWXO2MalZdh5hd4gbWYexoYip6qPZDyC0jg96MM",Nilima Gawas,student,,t,M.Sc. Maths,f459595a-a240-448d-a071-93baf224cbb2,2026-09-07 02:00:06.879652+00,2026-09-07 02:00:06.879652+00,2027,,M.Sc. Maths
nimisha.ghatak@loyolacollege.edu,"$argon2id$v=19$m=19456,t=2,p=1$eArnrLW1/rRzVwcR87bxEw$2A/rMWXO2MalZdh5hd4gbWYexoYip6qPZDyC0jg96MM",Nimisha Ghatak,student,,t,M.Sc. Maths,f459595a-a240-448d-a071-93baf224cbb2,2026-09-07 02:00:06.879652+00,2026-09-07 02:00:06.879652+00,2027,,M.Sc. Maths
niranjan.garde@loyolacollege.edu,"$argon2id$v=19$m=19456,t=2,p=1$eArnrLW1/rRzVwcR87bxEw$2A/rMWXO2MalZdh5hd4gbWYexoYip6qPZDyC0jg96MM",Niranjan Garde,student,,t,M.Sc. Maths,f459595a-a240-448d-a071-93baf224cbb2,2026-09-07 02:00:06.879652+00,2026-09-07 02:00:06.879652+00,2027,,M.Sc. Maths
nirav.gargya@loyolacollege.edu,"$argon2id$v=19$m=19456,t=2,p=1$eArnrLW1/rRzVwcR87bxEw$2A/rMWXO2MalZdh5hd4gbWYexoYip6qPZDyC0jg96MM",Nirav Gargya,student,,t,M.Sc. Maths,f459595a-a240-448d-a071-93baf224cbb2,2026-09-07 02:00:06.879652+00,2026-09-07 02:00:06.879652+00,2027,,M.Sc. Maths
nirmal.gauba@loyolacollege.edu,"$argon2id$v=19$m=19456,t=2,p=1$eArnrLW1/rRzVwcR87bxEw$2A/rMWXO2MalZdh5hd4gbWYexoYip6qPZDyC0jg96MM",Nirmal Gauba,student,,t,M.Sc. Maths,f459595a-a240-448d-a071-93baf224cbb2,2026-09-07 02:00:06.879652+00,2026-09-07 02:00:06.879652+00,2027,,M.Sc. Maths
nisha.ghorpade@loyolacollege.edu,"$argon2id$v=19$m=19456,t=2,p=1$eArnrLW1/rRzVwcR87bxEw$2A/rMWXO2MalZdh5hd4gbWYexoYip6qPZDyC0jg96MM",Nisha Ghorpade,student,,t,M.Sc. Maths,f459595a-a240-448d-a071-93baf224cbb2,2026-09-07 02:00:06.879652+00,2026-09-07 02:00:06.879652+00,2028,,M.Sc. Maths
nishant.gautam@loyolacollege.edu,"$argon2id$v=19$m=19456,t=2,p=1$eArnrLW1/rRzVwcR87bxEw$2A/rMWXO2MalZdh5hd4gbWYexoYip6qPZDyC0jg96MM",Nishant Gautam,student,,t,M.Sc. Maths,f459595a-a240-448d-a071-93baf224cbb2,2026-09-07 02:00:06.879652+00,2026-09-07 02:00:06.879652+00,2027,,M.Sc. Maths
nitin.gehlot@loyolacollege.edu,"$argon2id$v=19$m=19456,t=2,p=1$eArnrLW1/rRzVwcR87bxEw$2A/rMWXO2MalZdh5hd4gbWYexoYip6qPZDyC0jg96MM",Nitin Gehlot,student,,t,M.Sc. Maths,f459595a-a240-448d-a071-93baf224cbb2,2026-09-07 02:00:06.879652+00,2026-09-07 02:00:06.879652+00,2027,,M.Sc. Maths
nupur.ghoshal@loyolacollege.edu,"$argon2id$v=19$m=19456,t=2,p=1$eArnrLW1/rRzVwcR87bxEw$2A/rMWXO2MalZdh5hd4gbWYexoYip6qPZDyC0jg96MM",Nupur Ghoshal,student,,t,M.Sc. Maths,f459595a-a240-448d-a071-93baf224cbb2,2026-09-07 02:00:06.879652+00,2026-09-07 02:00:06.879652+00,2028,,M.Sc. Maths
omkar.ghodke@loyolacollege.edu,"$argon2id$v=19$m=19456,t=2,p=1$eArnrLW1/rRzVwcR87bxEw$2A/rMWXO2MalZdh5hd4gbWYexoYip6qPZDyC0jg96MM",Omkar Ghodke,student,,t,M.Sc. Maths,f459595a-a240-448d-a071-93baf224cbb2,2026-09-07 02:00:06.879652+00,2026-09-07 02:00:06.879652+00,2028,,M.Sc. Maths
padma.giri@loyolacollege.edu,"$argon2id$v=19$m=19456,t=2,p=1$eArnrLW1/rRzVwcR87bxEw$2A/rMWXO2MalZdh5hd4gbWYexoYip6qPZDyC0jg96MM",Padma Giri,student,,t,M.Sc. Maths,f459595a-a240-448d-a071-93baf224cbb2,2026-09-07 02:00:06.879652+00,2026-09-07 02:00:06.879652+00,2028,,M.Sc. Maths
palash.ghose@loyolacollege.edu,"$argon2id$v=19$m=19456,t=2,p=1$eArnrLW1/rRzVwcR87bxEw$2A/rMWXO2MalZdh5hd4gbWYexoYip6qPZDyC0jg96MM",Palash Ghose,student,,t,M.Sc. Maths,f459595a-a240-448d-a071-93baf224cbb2,2026-09-07 02:00:06.879652+00,2026-09-07 02:00:06.879652+00,2028,,M.Sc. Maths
pallavi.godiwala@loyolacollege.edu,"$argon2id$v=19$m=19456,t=2,p=1$eArnrLW1/rRzVwcR87bxEw$2A/rMWXO2MalZdh5hd4gbWYexoYip6qPZDyC0jg96MM",Pallavi Godiwala,student,,t,M.Sc. Maths,f459595a-a240-448d-a071-93baf224cbb2,2026-09-07 02:00:06.879652+00,2026-09-07 02:00:06.879652+00,2028,,M.Sc. Maths
pankaj.gidwani@loyolacollege.edu,"$argon2id$v=19$m=19456,t=2,p=1$eArnrLW1/rRzVwcR87bxEw$2A/rMWXO2MalZdh5hd4gbWYexoYip6qPZDyC0jg96MM",Pankaj Gidwani,student,,t,M.Sc. Maths,f459595a-a240-448d-a071-93baf224cbb2,2026-09-07 02:00:06.879652+00,2026-09-07 02:00:06.879652+00,2028,,M.Sc. Maths
parag.godbole@loyolacollege.edu,"$argon2id$v=19$m=19456,t=2,p=1$eArnrLW1/rRzVwcR87bxEw$2A/rMWXO2MalZdh5hd4gbWYexoYip6qPZDyC0jg96MM",Parag Godbole,student,,t,M.Sc. Maths,f459595a-a240-448d-a071-93baf224cbb2,2026-09-07 02:00:06.879652+00,2026-09-07 02:00:06.879652+00,2028,,M.Sc. Maths
param.goel@loyolacollege.edu,"$argon2id$v=19$m=19456,t=2,p=1$eArnrLW1/rRzVwcR87bxEw$2A/rMWXO2MalZdh5hd4gbWYexoYip6qPZDyC0jg96MM",Param Goel,student,,t,M.Sc. Maths,f459595a-a240-448d-a071-93baf224cbb2,2026-09-07 02:00:06.879652+00,2026-09-07 02:00:06.879652+00,2028,,M.Sc. Maths
paras.gogoi@loyolacollege.edu,"$argon2id$v=19$m=19456,t=2,p=1$eArnrLW1/rRzVwcR87bxEw$2A/rMWXO2MalZdh5hd4gbWYexoYip6qPZDyC0jg96MM",Paras Gogoi,student,,t,B.E. CSE,f459595a-a240-448d-a071-93baf224cbb2,2026-09-07 02:00:06.879652+00,2026-09-07 02:00:06.879652+00,2026,,B.E. CSE
paresh.gopalakrishnan@loyolacollege.edu,"$argon2id$v=19$m=19456,t=2,p=1$eArnrLW1/rRzVwcR87bxEw$2A/rMWXO2MalZdh5hd4gbWYexoYip6qPZDyC0jg96MM",Paresh Gopalakrishnan,student,,t,B.E. CSE,f459595a-a240-448d-a071-93baf224cbb2,2026-09-07 02:00:06.879652+00,2026-09-07 02:00:06.879652+00,2026,,B.E. CSE
pari.goenka@loyolacollege.edu,"$argon2id$v=19$m=19456,t=2,p=1$eArnrLW1/rRzVwcR87bxEw$2A/rMWXO2MalZdh5hd4gbWYexoYip6qPZDyC0jg96MM",Pari Goenka,student,,t,M.Sc. Maths,f459595a-a240-448d-a071-93baf224cbb2,2026-09-07 02:00:06.879652+00,2026-09-07 02:00:06.879652+00,2028,,M.Sc. Maths
paromita.gokhale@loyolacollege.edu,"$argon2id$v=19$m=19456,t=2,p=1$eArnrLW1/rRzVwcR87bxEw$2A/rMWXO2MalZdh5hd4gbWYexoYip6qPZDyC0jg96MM",Paromita Gokhale,student,,t,B.E. CSE,f459595a-a240-448d-a071-93baf224cbb2,2026-09-07 02:00:06.879652+00,2026-09-07 02:00:06.879652+00,2026,,B.E. CSE
parth.golwalkar@loyolacollege.edu,"$argon2id$v=19$m=19456,t=2,p=1$eArnrLW1/rRzVwcR87bxEw$2A/rMWXO2MalZdh5hd4gbWYexoYip6qPZDyC0jg96MM",Parth Golwalkar,student,,t,B.E. CSE,f459595a-a240-448d-a071-93baf224cbb2,2026-09-07 02:00:06.879652+00,2026-09-07 02:00:06.879652+00,2026,,B.E. CSE
parul.gonsalves@loyolacollege.edu,"$argon2id$v=19$m=19456,t=2,p=1$eArnrLW1/rRzVwcR87bxEw$2A/rMWXO2MalZdh5hd4gbWYexoYip6qPZDyC0jg96MM",Parul Gonsalves,student,,t,B.E. CSE,f459595a-a240-448d-a071-93baf224cbb2,2026-09-07 02:00:06.879652+00,2026-09-07 02:00:06.879652+00,2026,,B.E. CSE
pavithra.gopalan@loyolacollege.edu,"$argon2id$v=19$m=19456,t=2,p=1$eArnrLW1/rRzVwcR87bxEw$2A/rMWXO2MalZdh5hd4gbWYexoYip6qPZDyC0jg96MM",Pavithra Gopalan,student,,t,B.E. CSE,f459595a-a240-448d-a071-93baf224cbb2,2026-09-07 02:00:06.879652+00,2026-09-07 02:00:06.879652+00,2026,,B.E. CSE
pawan.gopinath@loyolacollege.edu,"$argon2id$v=19$m=19456,t=2,p=1$eArnrLW1/rRzVwcR87bxEw$2A/rMWXO2MalZdh5hd4gbWYexoYip6qPZDyC0jg96MM",Pawan Gopinath,student,,t,B.E. CSE,f459595a-a240-448d-a071-93baf224cbb2,2026-09-07 02:00:06.879652+00,2026-09-07 02:00:06.879652+00,2026,,B.E. CSE
payal.goradia@loyolacollege.edu,"$argon2id$v=19$m=19456,t=2,p=1$eArnrLW1/rRzVwcR87bxEw$2A/rMWXO2MalZdh5hd4gbWYexoYip6qPZDyC0jg96MM",Payal Goradia,student,,t,B.E. CSE,f459595a-a240-448d-a071-93baf224cbb2,2026-09-07 02:00:06.879652+00,2026-09-07 02:00:06.879652+00,2026,,B.E. CSE
pooja.goswami@loyolacollege.edu,"$argon2id$v=19$m=19456,t=2,p=1$eArnrLW1/rRzVwcR87bxEw$2A/rMWXO2MalZdh5hd4gbWYexoYip6qPZDyC0jg96MM",Pooja Goswami,student,,t,B.E. CSE,f459595a-a240-448d-a071-93baf224cbb2,2026-09-07 02:00:06.879652+00,2026-09-07 02:00:06.879652+00,2026,,B.E. CSE
poonam.govil@loyolacollege.edu,"$argon2id$v=19$m=19456,t=2,p=1$eArnrLW1/rRzVwcR87bxEw$2A/rMWXO2MalZdh5hd4gbWYexoYip6qPZDyC0jg96MM",Poonam Govil,student,,t,B.E. CSE,f459595a-a240-448d-a071-93baf224cbb2,2026-09-07 02:00:06.879652+00,2026-09-07 02:00:06.879652+00,2027,,B.E. CSE
prachi.goyal@loyolacollege.edu,"$argon2id$v=19$m=19456,t=2,p=1$eArnrLW1/rRzVwcR87bxEw$2A/rMWXO2MalZdh5hd4gbWYexoYip6qPZDyC0jg96MM",Prachi Goyal,student,,t,B.E. CSE,f459595a-a240-448d-a071-93baf224cbb2,2026-09-07 02:00:06.879652+00,2026-09-07 02:00:06.879652+00,2027,,B.E. CSE
pradeep.gore@loyolacollege.edu,"$argon2id$v=19$m=19456,t=2,p=1$eArnrLW1/rRzVwcR87bxEw$2A/rMWXO2MalZdh5hd4gbWYexoYip6qPZDyC0jg96MM",Pradeep Gore,student,,t,B.E. CSE,f459595a-a240-448d-a071-93baf224cbb2,2026-09-07 02:00:06.879652+00,2026-09-07 02:00:06.879652+00,2026,,B.E. CSE
prafull.gour@loyolacollege.edu,"$argon2id$v=19$m=19456,t=2,p=1$eArnrLW1/rRzVwcR87bxEw$2A/rMWXO2MalZdh5hd4gbWYexoYip6qPZDyC0jg96MM",Prafull Gour,student,,t,B.E. CSE,f459595a-a240-448d-a071-93baf224cbb2,2026-09-07 02:00:06.879652+00,2026-09-07 02:00:06.879652+00,2027,,B.E. CSE
pragya.grover@loyolacollege.edu,"$argon2id$v=19$m=19456,t=2,p=1$eArnrLW1/rRzVwcR87bxEw$2A/rMWXO2MalZdh5hd4gbWYexoYip6qPZDyC0jg96MM",Pragya Grover,student,,t,B.E. CSE,f459595a-a240-448d-a071-93baf224cbb2,2026-09-07 02:00:06.879652+00,2026-09-07 02:00:06.879652+00,2027,,B.E. CSE
prakash.gowda@loyolacollege.edu,"$argon2id$v=19$m=19456,t=2,p=1$eArnrLW1/rRzVwcR87bxEw$2A/rMWXO2MalZdh5hd4gbWYexoYip6qPZDyC0jg96MM",Prakash Gowda,student,,t,B.E. CSE,f459595a-a240-448d-a071-93baf224cbb2,2026-09-07 02:00:06.879652+00,2026-09-07 02:00:06.879652+00,2027,,B.E. CSE
pramod.grewal@loyolacollege.edu,"$argon2id$v=19$m=19456,t=2,p=1$eArnrLW1/rRzVwcR87bxEw$2A/rMWXO2MalZdh5hd4gbWYexoYip6qPZDyC0jg96MM",Pramod Grewal,student,,t,B.E. CSE,f459595a-a240-448d-a071-93baf224cbb2,2026-09-07 02:00:06.879652+00,2026-09-07 02:00:06.879652+00,2027,,B.E. CSE
pranali.guha@loyolacollege.edu,"$argon2id$v=19$m=19456,t=2,p=1$eArnrLW1/rRzVwcR87bxEw$2A/rMWXO2MalZdh5hd4gbWYexoYip6qPZDyC0jg96MM",Pranali Guha,student,,t,B.E. CSE,f459595a-a240-448d-a071-93baf224cbb2,2026-09-07 02:00:06.879652+00,2026-09-07 02:00:06.879652+00,2027,,B.E. CSE
pranav.gudi@loyolacollege.edu,"$argon2id$v=19$m=19456,t=2,p=1$eArnrLW1/rRzVwcR87bxEw$2A/rMWXO2MalZdh5hd4gbWYexoYip6qPZDyC0jg96MM",Pranav Gudi,student,,t,B.E. CSE,f459595a-a240-448d-a071-93baf224cbb2,2026-09-07 02:00:06.879652+00,2026-09-07 02:00:06.879652+00,2027,,B.E. CSE
pranay.gujral@loyolacollege.edu,"$argon2id$v=19$m=19456,t=2,p=1$eArnrLW1/rRzVwcR87bxEw$2A/rMWXO2MalZdh5hd4gbWYexoYip6qPZDyC0jg96MM",Pranay Gujral,student,,t,B.E. CSE,f459595a-a240-448d-a071-93baf224cbb2,2026-09-07 02:00:06.879652+00,2026-09-07 02:00:06.879652+00,2027,,B.E. CSE
prasad.guleria@loyolacollege.edu,"$argon2id$v=19$m=19456,t=2,p=1$eArnrLW1/rRzVwcR87bxEw$2A/rMWXO2MalZdh5hd4gbWYexoYip6qPZDyC0jg96MM",Prasad Guleria,student,,t,B.E. CSE,f459595a-a240-448d-a071-93baf224cbb2,2026-09-07 02:00:06.879652+00,2026-09-07 02:00:06.879652+00,2028,,B.E. CSE
prashant.gundappa@loyolacollege.edu,"$argon2id$v=19$m=19456,t=2,p=1$eArnrLW1/rRzVwcR87bxEw$2A/rMWXO2MalZdh5hd4gbWYexoYip6qPZDyC0jg96MM",Prashant Gundappa,student,,t,B.E. CSE,f459595a-a240-448d-a071-93baf224cbb2,2026-09-07 02:00:06.879652+00,2026-09-07 02:00:06.879652+00,2028,,B.E. CSE
prateek.gupte@loyolacollege.edu,"$argon2id$v=19$m=19456,t=2,p=1$eArnrLW1/rRzVwcR87bxEw$2A/rMWXO2MalZdh5hd4gbWYexoYip6qPZDyC0jg96MM",Prateek Gupte,student,,t,B.E. CSE,f459595a-a240-448d-a071-93baf224cbb2,2026-09-07 02:00:06.879652+00,2026-09-07 02:00:06.879652+00,2028,,B.E. CSE
pratibha.gulati@loyolacollege.edu,"$argon2id$v=19$m=19456,t=2,p=1$eArnrLW1/rRzVwcR87bxEw$2A/rMWXO2MalZdh5hd4gbWYexoYip6qPZDyC0jg96MM",Pratibha Gulati,student,,t,B.E. CSE,f459595a-a240-448d-a071-93baf224cbb2,2026-09-07 02:00:06.879652+00,2026-09-07 02:00:06.879652+00,2027,,B.E. CSE
praveen.haksar@loyolacollege.edu,"$argon2id$v=19$m=19456,t=2,p=1$eArnrLW1/rRzVwcR87bxEw$2A/rMWXO2MalZdh5hd4gbWYexoYip6qPZDyC0jg96MM",Praveen Haksar,student,,t,B.E. CSE,f459595a-a240-448d-a071-93baf224cbb2,2026-09-07 02:00:06.879652+00,2026-09-07 02:00:06.879652+00,2028,,B.E. CSE
preeti.gunjikar@loyolacollege.edu,"$argon2id$v=19$m=19456,t=2,p=1$eArnrLW1/rRzVwcR87bxEw$2A/rMWXO2MalZdh5hd4gbWYexoYip6qPZDyC0jg96MM",Preeti Gunjikar,student,,t,B.E. CSE,f459595a-a240-448d-a071-93baf224cbb2,2026-09-07 02:00:06.879652+00,2026-09-07 02:00:06.879652+00,2028,,B.E. CSE
prem.halder@loyolacollege.edu,"$argon2id$v=19$m=19456,t=2,p=1$eArnrLW1/rRzVwcR87bxEw$2A/rMWXO2MalZdh5hd4gbWYexoYip6qPZDyC0jg96MM",Prem Halder,student,,t,B.E. CSE,f459595a-a240-448d-a071-93baf224cbb2,2026-09-07 02:00:06.879652+00,2026-09-07 02:00:06.879652+00,2028,,B.E. CSE
prerna.gulzar@loyolacollege.edu,"$argon2id$v=19$m=19456,t=2,p=1$eArnrLW1/rRzVwcR87bxEw$2A/rMWXO2MalZdh5hd4gbWYexoYip6qPZDyC0jg96MM",Prerna Gulzar,student,,t,B.E. CSE,f459595a-a240-448d-a071-93baf224cbb2,2026-09-07 02:00:06.879652+00,2026-09-07 02:00:06.879652+00,2028,,B.E. CSE
pritam.hanspal@loyolacollege.edu,"$argon2id$v=19$m=19456,t=2,p=1$eArnrLW1/rRzVwcR87bxEw$2A/rMWXO2MalZdh5hd4gbWYexoYip6qPZDyC0jg96MM",Pritam Hanspal,student,,t,M.Tech. DS,f459595a-a240-448d-a071-93baf224cbb2,2026-09-07 02:00:06.879652+00,2026-09-07 02:00:06.879652+00,2026,,M.Tech. DS
priya.gurung@loyolacollege.edu,"$argon2id$v=19$m=19456,t=2,p=1$eArnrLW1/rRzVwcR87bxEw$2A/rMWXO2MalZdh5hd4gbWYexoYip6qPZDyC0jg96MM",Priya Gurung,student,,t,B.E. CSE,f459595a-a240-448d-a071-93baf224cbb2,2026-09-07 02:00:06.879652+00,2026-09-07 02:00:06.879652+00,2028,,B.E. CSE
priyanka.haldankar@loyolacollege.edu,"$argon2id$v=19$m=19456,t=2,p=1$eArnrLW1/rRzVwcR87bxEw$2A/rMWXO2MalZdh5hd4gbWYexoYip6qPZDyC0jg96MM",Priyanka Haldankar,student,,t,B.E. CSE,f459595a-a240-448d-a071-93baf224cbb2,2026-09-07 02:00:06.879652+00,2026-09-07 02:00:06.879652+00,2028,,B.E. CSE
priyesh.harsha@loyolacollege.edu,"$argon2id$v=19$m=19456,t=2,p=1$eArnrLW1/rRzVwcR87bxEw$2A/rMWXO2MalZdh5hd4gbWYexoYip6qPZDyC0jg96MM",Priyesh Harsha,student,,t,M.Tech. DS,f459595a-a240-448d-a071-93baf224cbb2,2026-09-07 02:00:06.879652+00,2026-09-07 02:00:06.879652+00,2026,,M.Tech. DS
puneet.hashmi@loyolacollege.edu,"$argon2id$v=19$m=19456,t=2,p=1$eArnrLW1/rRzVwcR87bxEw$2A/rMWXO2MalZdh5hd4gbWYexoYip6qPZDyC0jg96MM",Puneet Hashmi,student,,t,M.Tech. DS,f459595a-a240-448d-a071-93baf224cbb2,2026-09-07 02:00:06.879652+00,2026-09-07 02:00:06.879652+00,2026,,M.Tech. DS
punita.hande@loyolacollege.edu,"$argon2id$v=19$m=19456,t=2,p=1$eArnrLW1/rRzVwcR87bxEw$2A/rMWXO2MalZdh5hd4gbWYexoYip6qPZDyC0jg96MM",Punita Hande,student,,t,B.E. CSE,f459595a-a240-448d-a071-93baf224cbb2,2026-09-07 02:00:06.879652+00,2026-09-07 02:00:06.879652+00,2028,,B.E. CSE
purav.hegde@loyolacollege.edu,"$argon2id$v=19$m=19456,t=2,p=1$eArnrLW1/rRzVwcR87bxEw$2A/rMWXO2MalZdh5hd4gbWYexoYip6qPZDyC0jg96MM",Purav Hegde,student,,t,M.Tech. DS,f459595a-a240-448d-a071-93baf224cbb2,2026-09-07 02:00:06.879652+00,2026-09-07 02:00:06.879652+00,2026,,M.Tech. DS
purushottam.hira@loyolacollege.edu,"$argon2id$v=19$m=19456,t=2,p=1$eArnrLW1/rRzVwcR87bxEw$2A/rMWXO2MalZdh5hd4gbWYexoYip6qPZDyC0jg96MM",Purushottam Hira,student,,t,M.Tech. DS,f459595a-a240-448d-a071-93baf224cbb2,2026-09-07 02:00:06.879652+00,2026-09-07 02:00:06.879652+00,2026,,M.Tech. DS
pushkar.holkar@loyolacollege.edu,"$argon2id$v=19$m=19456,t=2,p=1$eArnrLW1/rRzVwcR87bxEw$2A/rMWXO2MalZdh5hd4gbWYexoYip6qPZDyC0jg96MM",Pushkar Holkar,student,,t,M.Tech. DS,f459595a-a240-448d-a071-93baf224cbb2,2026-09-07 02:00:06.879652+00,2026-09-07 02:00:06.879652+00,2027,,M.Tech. DS
rachna.harlalka@loyolacollege.edu,"$argon2id$v=19$m=19456,t=2,p=1$eArnrLW1/rRzVwcR87bxEw$2A/rMWXO2MalZdh5hd4gbWYexoYip6qPZDyC0jg96MM",Rachna Harlalka,student,,t,M.Tech. DS,f459595a-a240-448d-a071-93baf224cbb2,2026-09-07 02:00:06.879652+00,2026-09-07 02:00:06.879652+00,2026,,M.Tech. DS
radha.hasan@loyolacollege.edu,"$argon2id$v=19$m=19456,t=2,p=1$eArnrLW1/rRzVwcR87bxEw$2A/rMWXO2MalZdh5hd4gbWYexoYip6qPZDyC0jg96MM",Radha Hasan,student,,t,M.Tech. DS,f459595a-a240-448d-a071-93baf224cbb2,2026-09-07 02:00:06.879652+00,2026-09-07 02:00:06.879652+00,2026,,M.Tech. DS
radhika.hazarika@loyolacollege.edu,"$argon2id$v=19$m=19456,t=2,p=1$eArnrLW1/rRzVwcR87bxEw$2A/rMWXO2MalZdh5hd4gbWYexoYip6qPZDyC0jg96MM",Radhika Hazarika,student,,t,M.Tech. DS,f459595a-a240-448d-a071-93baf224cbb2,2026-09-07 02:00:06.879652+00,2026-09-07 02:00:06.879652+00,2026,,M.Tech. DS
ragini.hingorani@loyolacollege.edu,"$argon2id$v=19$m=19456,t=2,p=1$eArnrLW1/rRzVwcR87bxEw$2A/rMWXO2MalZdh5hd4gbWYexoYip6qPZDyC0jg96MM",Ragini Hingorani,student,,t,M.Tech. DS,f459595a-a240-448d-a071-93baf224cbb2,2026-09-07 02:00:06.879652+00,2026-09-07 02:00:06.879652+00,2026,,M.Tech. DS
rahul.hooli@loyolacollege.edu,"$argon2id$v=19$m=19456,t=2,p=1$eArnrLW1/rRzVwcR87bxEw$2A/rMWXO2MalZdh5hd4gbWYexoYip6qPZDyC0jg96MM",Rahul Hooli,student,,t,M.Tech. DS,f459595a-a240-448d-a071-93baf224cbb2,2026-09-07 02:00:06.879652+00,2026-09-07 02:00:06.879652+00,2027,,M.Tech. DS
rajan.hukku@loyolacollege.edu,"$argon2id$v=19$m=19456,t=2,p=1$eArnrLW1/rRzVwcR87bxEw$2A/rMWXO2MalZdh5hd4gbWYexoYip6qPZDyC0jg96MM",Rajan Hukku,student,,t,M.Tech. DS,f459595a-a240-448d-a071-93baf224cbb2,2026-09-07 02:00:06.879652+00,2026-09-07 02:00:06.879652+00,2027,,M.Tech. DS
rajani.hirani@loyolacollege.edu,"$argon2id$v=19$m=19456,t=2,p=1$eArnrLW1/rRzVwcR87bxEw$2A/rMWXO2MalZdh5hd4gbWYexoYip6qPZDyC0jg96MM",Rajani Hirani,student,,t,M.Tech. DS,f459595a-a240-448d-a071-93baf224cbb2,2026-09-07 02:00:06.879652+00,2026-09-07 02:00:06.879652+00,2026,,M.Tech. DS
rajeev.inamdar@loyolacollege.edu,"$argon2id$v=19$m=19456,t=2,p=1$eArnrLW1/rRzVwcR87bxEw$2A/rMWXO2MalZdh5hd4gbWYexoYip6qPZDyC0jg96MM",Rajeev Inamdar,student,,t,M.Tech. DS,f459595a-a240-448d-a071-93baf224cbb2,2026-09-07 02:00:06.879652+00,2026-09-07 02:00:06.879652+00,2027,,M.Tech. DS
rajendra.ingle@loyolacollege.edu,"$argon2id$v=19$m=19456,t=2,p=1$eArnrLW1/rRzVwcR87bxEw$2A/rMWXO2MalZdh5hd4gbWYexoYip6qPZDyC0jg96MM",Rajendra Ingle,student,,t,M.Tech. DS,f459595a-a240-448d-a071-93baf224cbb2,2026-09-07 02:00:06.879652+00,2026-09-07 02:00:06.879652+00,2027,,M.Tech. DS
rajesh.iyengar@loyolacollege.edu,"$argon2id$v=19$m=19456,t=2,p=1$eArnrLW1/rRzVwcR87bxEw$2A/rMWXO2MalZdh5hd4gbWYexoYip6qPZDyC0jg96MM",Rajesh Iyengar,student,,t,M.Tech. DS,f459595a-a240-448d-a071-93baf224cbb2,2026-09-07 02:00:06.879652+00,2026-09-07 02:00:06.879652+00,2028,,M.Tech. DS
rajeshwari.hoon@loyolacollege.edu,"$argon2id$v=19$m=19456,t=2,p=1$eArnrLW1/rRzVwcR87bxEw$2A/rMWXO2MalZdh5hd4gbWYexoYip6qPZDyC0jg96MM",Rajeshwari Hoon,student,,t,M.Tech. DS,f459595a-a240-448d-a071-93baf224cbb2,2026-09-07 02:00:06.879652+00,2026-09-07 02:00:06.879652+00,2027,,M.Tech. DS
rajiv.jadhav@loyolacollege.edu,"$argon2id$v=19$m=19456,t=2,p=1$eArnrLW1/rRzVwcR87bxEw$2A/rMWXO2MalZdh5hd4gbWYexoYip6qPZDyC0jg96MM",Rajiv Jadhav,student,,t,M.Tech. DS,f459595a-a240-448d-a071-93baf224cbb2,2026-09-07 02:00:06.879652+00,2026-09-07 02:00:06.879652+00,2028,,M.Tech. DS
rakesh.jaffrey@loyolacollege.edu,"$argon2id$v=19$m=19456,t=2,p=1$eArnrLW1/rRzVwcR87bxEw$2A/rMWXO2MalZdh5hd4gbWYexoYip6qPZDyC0jg96MM",Rakesh Jaffrey,student,,t,M.Tech. DS,f459595a-a240-448d-a071-93baf224cbb2,2026-09-07 02:00:06.879652+00,2026-09-07 02:00:06.879652+00,2028,,M.Tech. DS
rakhi.hoskote@loyolacollege.edu,"$argon2id$v=19$m=19456,t=2,p=1$eArnrLW1/rRzVwcR87bxEw$2A/rMWXO2MalZdh5hd4gbWYexoYip6qPZDyC0jg96MM",Rakhi Hoskote,student,,t,M.Tech. DS,f459595a-a240-448d-a071-93baf224cbb2,2026-09-07 02:00:06.879652+00,2026-09-07 02:00:06.879652+00,2027,,M.Tech. DS
rama.husain@loyolacollege.edu,"$argon2id$v=19$m=19456,t=2,p=1$eArnrLW1/rRzVwcR87bxEw$2A/rMWXO2MalZdh5hd4gbWYexoYip6qPZDyC0jg96MM",Rama Husain,student,,t,M.Tech. DS,f459595a-a240-448d-a071-93baf224cbb2,2026-09-07 02:00:06.879652+00,2026-09-07 02:00:06.879652+00,2027,,M.Tech. DS
ramesh.jain@loyolacollege.edu,"$argon2id$v=19$m=19456,t=2,p=1$eArnrLW1/rRzVwcR87bxEw$2A/rMWXO2MalZdh5hd4gbWYexoYip6qPZDyC0jg96MM",Ramesh Jain,student,,t,M.Tech. DS,f459595a-a240-448d-a071-93baf224cbb2,2026-09-07 02:00:06.879652+00,2026-09-07 02:00:06.879652+00,2028,,M.Tech. DS
ram.jaggi@loyolacollege.edu,"$argon2id$v=19$m=19456,t=2,p=1$eArnrLW1/rRzVwcR87bxEw$2A/rMWXO2MalZdh5hd4gbWYexoYip6qPZDyC0jg96MM",Ram Jaggi,student,,t,M.Tech. DS,f459595a-a240-448d-a071-93baf224cbb2,2026-09-07 02:00:06.879652+00,2026-09-07 02:00:06.879652+00,2028,,M.Tech. DS
ramprasad.jaitly@loyolacollege.edu,"$argon2id$v=19$m=19456,t=2,p=1$eArnrLW1/rRzVwcR87bxEw$2A/rMWXO2MalZdh5hd4gbWYexoYip6qPZDyC0jg96MM",Ramprasad Jaitly,student,,t,BBA,f459595a-a240-448d-a071-93baf224cbb2,2026-09-07 02:00:06.879652+00,2026-09-07 02:00:06.879652+00,2026,,BBA
ranbir.jambhekar@loyolacollege.edu,"$argon2id$v=19$m=19456,t=2,p=1$eArnrLW1/rRzVwcR87bxEw$2A/rMWXO2MalZdh5hd4gbWYexoYip6qPZDyC0jg96MM",Ranbir Jambhekar,student,,t,BBA,f459595a-a240-448d-a071-93baf224cbb2,2026-09-07 02:00:06.879652+00,2026-09-07 02:00:06.879652+00,2026,,BBA
ranjan.jathar@loyolacollege.edu,"$argon2id$v=19$m=19456,t=2,p=1$eArnrLW1/rRzVwcR87bxEw$2A/rMWXO2MalZdh5hd4gbWYexoYip6qPZDyC0jg96MM",Ranjan Jathar,student,,t,BBA,f459595a-a240-448d-a071-93baf224cbb2,2026-09-07 02:00:06.879652+00,2026-09-07 02:00:06.879652+00,2026,,BBA
ranjit.jayakar@loyolacollege.edu,"$argon2id$v=19$m=19456,t=2,p=1$eArnrLW1/rRzVwcR87bxEw$2A/rMWXO2MalZdh5hd4gbWYexoYip6qPZDyC0jg96MM",Ranjit Jayakar,student,,t,BBA,f459595a-a240-448d-a071-93baf224cbb2,2026-09-07 02:00:06.879652+00,2026-09-07 02:00:06.879652+00,2026,,BBA
ranveer.jani@loyolacollege.edu,"$argon2id$v=19$m=19456,t=2,p=1$eArnrLW1/rRzVwcR87bxEw$2A/rMWXO2MalZdh5hd4gbWYexoYip6qPZDyC0jg96MM",Ranveer Jani,student,,t,BBA,f459595a-a240-448d-a071-93baf224cbb2,2026-09-07 02:00:06.879652+00,2026-09-07 02:00:06.879652+00,2026,,BBA
rashid.jayaswal@loyolacollege.edu,"$argon2id$v=19$m=19456,t=2,p=1$eArnrLW1/rRzVwcR87bxEw$2A/rMWXO2MalZdh5hd4gbWYexoYip6qPZDyC0jg96MM",Rashid Jayaswal,student,,t,BBA,f459595a-a240-448d-a071-93baf224cbb2,2026-09-07 02:00:06.879652+00,2026-09-07 02:00:06.879652+00,2027,,BBA
rashmi.indiresan@loyolacollege.edu,"$argon2id$v=19$m=19456,t=2,p=1$eArnrLW1/rRzVwcR87bxEw$2A/rMWXO2MalZdh5hd4gbWYexoYip6qPZDyC0jg96MM",Rashmi Indiresan,student,,t,M.Tech. DS,f459595a-a240-448d-a071-93baf224cbb2,2026-09-07 02:00:06.879652+00,2026-09-07 02:00:06.879652+00,2027,,M.Tech. DS
ratan.jethmalani@loyolacollege.edu,"$argon2id$v=19$m=19456,t=2,p=1$eArnrLW1/rRzVwcR87bxEw$2A/rMWXO2MalZdh5hd4gbWYexoYip6qPZDyC0jg96MM",Ratan Jethmalani,student,,t,BBA,f459595a-a240-448d-a071-93baf224cbb2,2026-09-07 02:00:06.879652+00,2026-09-07 02:00:06.879652+00,2027,,BBA
rati.irani@loyolacollege.edu,"$argon2id$v=19$m=19456,t=2,p=1$eArnrLW1/rRzVwcR87bxEw$2A/rMWXO2MalZdh5hd4gbWYexoYip6qPZDyC0jg96MM",Rati Irani,student,,t,M.Tech. DS,f459595a-a240-448d-a071-93baf224cbb2,2026-09-07 02:00:06.879652+00,2026-09-07 02:00:06.879652+00,2027,,M.Tech. DS
ravi.jhangiani@loyolacollege.edu,"$argon2id$v=19$m=19456,t=2,p=1$eArnrLW1/rRzVwcR87bxEw$2A/rMWXO2MalZdh5hd4gbWYexoYip6qPZDyC0jg96MM",Ravi Jhangiani,student,,t,BBA,f459595a-a240-448d-a071-93baf224cbb2,2026-09-07 02:00:06.879652+00,2026-09-07 02:00:06.879652+00,2027,,BBA
ravindra.jog@loyolacollege.edu,"$argon2id$v=19$m=19456,t=2,p=1$eArnrLW1/rRzVwcR87bxEw$2A/rMWXO2MalZdh5hd4gbWYexoYip6qPZDyC0jg96MM",Ravindra Jog,student,,t,BBA,f459595a-a240-448d-a071-93baf224cbb2,2026-09-07 02:00:06.879652+00,2026-09-07 02:00:06.879652+00,2027,,BBA
reena.iyer@loyolacollege.edu,"$argon2id$v=19$m=19456,t=2,p=1$eArnrLW1/rRzVwcR87bxEw$2A/rMWXO2MalZdh5hd4gbWYexoYip6qPZDyC0jg96MM",Reena Iyer,student,,t,M.Tech. DS,f459595a-a240-448d-a071-93baf224cbb2,2026-09-07 02:00:06.879652+00,2026-09-07 02:00:06.879652+00,2028,,M.Tech. DS
rekha.jadeja@loyolacollege.edu,"$argon2id$v=19$m=19456,t=2,p=1$eArnrLW1/rRzVwcR87bxEw$2A/rMWXO2MalZdh5hd4gbWYexoYip6qPZDyC0jg96MM",Rekha Jadeja,student,,t,M.Tech. DS,f459595a-a240-448d-a071-93baf224cbb2,2026-09-07 02:00:06.879652+00,2026-09-07 02:00:06.879652+00,2028,,M.Tech. DS
renu.jagannathan@loyolacollege.edu,"$argon2id$v=19$m=19456,t=2,p=1$eArnrLW1/rRzVwcR87bxEw$2A/rMWXO2MalZdh5hd4gbWYexoYip6qPZDyC0jg96MM",Renu Jagannathan,student,,t,M.Tech. DS,f459595a-a240-448d-a071-93baf224cbb2,2026-09-07 02:00:06.879652+00,2026-09-07 02:00:06.879652+00,2028,,M.Tech. DS
renuka.jagtiani@loyolacollege.edu,"$argon2id$v=19$m=19456,t=2,p=1$eArnrLW1/rRzVwcR87bxEw$2A/rMWXO2MalZdh5hd4gbWYexoYip6qPZDyC0jg96MM",Renuka Jagtiani,student,,t,M.Tech. DS,f459595a-a240-448d-a071-93baf224cbb2,2026-09-07 02:00:06.879652+00,2026-09-07 02:00:06.879652+00,2028,,M.Tech. DS
revathi.jaiswal@loyolacollege.edu,"$argon2id$v=19$m=19456,t=2,p=1$eArnrLW1/rRzVwcR87bxEw$2A/rMWXO2MalZdh5hd4gbWYexoYip6qPZDyC0jg96MM",Revathi Jaiswal,student,,t,M.Tech. DS,f459595a-a240-448d-a071-93baf224cbb2,2026-09-07 02:00:06.879652+00,2026-09-07 02:00:06.879652+00,2028,,M.Tech. DS
richa.jalan@loyolacollege.edu,"$argon2id$v=19$m=19456,t=2,p=1$eArnrLW1/rRzVwcR87bxEw$2A/rMWXO2MalZdh5hd4gbWYexoYip6qPZDyC0jg96MM",Richa Jalan,student,,t,BBA,f459595a-a240-448d-a071-93baf224cbb2,2026-09-07 02:00:06.879652+00,2026-09-07 02:00:06.879652+00,2026,,BBA
riddhi.janakiraman@loyolacollege.edu,"$argon2id$v=19$m=19456,t=2,p=1$eArnrLW1/rRzVwcR87bxEw$2A/rMWXO2MalZdh5hd4gbWYexoYip6qPZDyC0jg96MM",Riddhi Janakiraman,student,,t,BBA,f459595a-a240-448d-a071-93baf224cbb2,2026-09-07 02:00:06.879652+00,2026-09-07 02:00:06.879652+00,2026,,BBA
rimjhim.jaswal@loyolacollege.edu,"$argon2id$v=19$m=19456,t=2,p=1$eArnrLW1/rRzVwcR87bxEw$2A/rMWXO2MalZdh5hd4gbWYexoYip6qPZDyC0jg96MM",Rimjhim Jaswal,student,,t,BBA,f459595a-a240-448d-a071-93baf224cbb2,2026-09-07 02:00:06.879652+00,2026-09-07 02:00:06.879652+00,2026,,BBA
rina.javeri@loyolacollege.edu,"$argon2id$v=19$m=19456,t=2,p=1$eArnrLW1/rRzVwcR87bxEw$2A/rMWXO2MalZdh5hd4gbWYexoYip6qPZDyC0jg96MM",Rina Javeri,student,,t,BBA,f459595a-a240-448d-a071-93baf224cbb2,2026-09-07 02:00:06.879652+00,2026-09-07 02:00:06.879652+00,2026,,BBA
rini.jayaraman@loyolacollege.edu,"$argon2id$v=19$m=19456,t=2,p=1$eArnrLW1/rRzVwcR87bxEw$2A/rMWXO2MalZdh5hd4gbWYexoYip6qPZDyC0jg96MM",Rini Jayaraman,student,,t,BBA,f459595a-a240-448d-a071-93baf224cbb2,2026-09-07 02:00:06.879652+00,2026-09-07 02:00:06.879652+00,2026,,BBA
rishika.jedge@loyolacollege.edu,"$argon2id$v=19$m=19456,t=2,p=1$eArnrLW1/rRzVwcR87bxEw$2A/rMWXO2MalZdh5hd4gbWYexoYip6qPZDyC0jg96MM",Rishika Jedge,student,,t,BBA,f459595a-a240-448d-a071-93baf224cbb2,2026-09-07 02:00:06.879652+00,2026-09-07 02:00:06.879652+00,2027,,BBA
ritu.jha@loyolacollege.edu,"$argon2id$v=19$m=19456,t=2,p=1$eArnrLW1/rRzVwcR87bxEw$2A/rMWXO2MalZdh5hd4gbWYexoYip6qPZDyC0jg96MM",Ritu Jha,student,,t,BBA,f459595a-a240-448d-a071-93baf224cbb2,2026-09-07 02:00:06.879652+00,2026-09-07 02:00:06.879652+00,2027,,BBA
riya.jhingan@loyolacollege.edu,"$argon2id$v=19$m=19456,t=2,p=1$eArnrLW1/rRzVwcR87bxEw$2A/rMWXO2MalZdh5hd4gbWYexoYip6qPZDyC0jg96MM",Riya Jhingan,student,,t,BBA,f459595a-a240-448d-a071-93baf224cbb2,2026-09-07 02:00:06.879652+00,2026-09-07 02:00:06.879652+00,2027,,BBA
rohan.johar@loyolacollege.edu,"$argon2id$v=19$m=19456,t=2,p=1$eArnrLW1/rRzVwcR87bxEw$2A/rMWXO2MalZdh5hd4gbWYexoYip6qPZDyC0jg96MM",Rohan Johar,student,,t,BBA,f459595a-a240-448d-a071-93baf224cbb2,2026-09-07 02:00:06.879652+00,2026-09-07 02:00:06.879652+00,2027,,BBA
rohini.joglekar@loyolacollege.edu,"$argon2id$v=19$m=19456,t=2,p=1$eArnrLW1/rRzVwcR87bxEw$2A/rMWXO2MalZdh5hd4gbWYexoYip6qPZDyC0jg96MM",Rohini Joglekar,student,,t,BBA,f459595a-a240-448d-a071-93baf224cbb2,2026-09-07 02:00:06.879652+00,2026-09-07 02:00:06.879652+00,2027,,BBA
rohit.joseph@loyolacollege.edu,"$argon2id$v=19$m=19456,t=2,p=1$eArnrLW1/rRzVwcR87bxEw$2A/rMWXO2MalZdh5hd4gbWYexoYip6qPZDyC0jg96MM",Rohit Joseph,student,,t,BBA,f459595a-a240-448d-a071-93baf224cbb2,2026-09-07 02:00:06.879652+00,2026-09-07 02:00:06.879652+00,2028,,BBA
ronit.juneja@loyolacollege.edu,"$argon2id$v=19$m=19456,t=2,p=1$eArnrLW1/rRzVwcR87bxEw$2A/rMWXO2MalZdh5hd4gbWYexoYip6qPZDyC0jg96MM",Ronit Juneja,student,,t,BBA,f459595a-a240-448d-a071-93baf224cbb2,2026-09-07 02:00:06.879652+00,2026-09-07 02:00:06.879652+00,2028,,BBA
roopa.jolly@loyolacollege.edu,"$argon2id$v=19$m=19456,t=2,p=1$eArnrLW1/rRzVwcR87bxEw$2A/rMWXO2MalZdh5hd4gbWYexoYip6qPZDyC0jg96MM",Roopa Jolly,student,,t,BBA,f459595a-a240-448d-a071-93baf224cbb2,2026-09-07 02:00:06.879652+00,2026-09-07 02:00:06.879652+00,2027,,BBA
roshan.kadam@loyolacollege.edu,"$argon2id$v=19$m=19456,t=2,p=1$eArnrLW1/rRzVwcR87bxEw$2A/rMWXO2MalZdh5hd4gbWYexoYip6qPZDyC0jg96MM",Roshan Kadam,student,,t,BBA,f459595a-a240-448d-a071-93baf224cbb2,2026-09-07 02:00:06.879652+00,2026-09-07 02:00:06.879652+00,2028,,BBA
roshni.joshi@loyolacollege.edu,"$argon2id$v=19$m=19456,t=2,p=1$eArnrLW1/rRzVwcR87bxEw$2A/rMWXO2MalZdh5hd4gbWYexoYip6qPZDyC0jg96MM",Roshni Joshi,student,,t,BBA,f459595a-a240-448d-a071-93baf224cbb2,2026-09-07 02:00:06.879652+00,2026-09-07 02:00:06.879652+00,2028,,BBA
ruchi.kadambi@loyolacollege.edu,"$argon2id$v=19$m=19456,t=2,p=1$eArnrLW1/rRzVwcR87bxEw$2A/rMWXO2MalZdh5hd4gbWYexoYip6qPZDyC0jg96MM",Ruchi Kadambi,student,,t,BBA,f459595a-a240-448d-a071-93baf224cbb2,2026-09-07 02:00:06.879652+00,2026-09-07 02:00:06.879652+00,2028,,BBA
rudra.kak@loyolacollege.edu,"$argon2id$v=19$m=19456,t=2,p=1$eArnrLW1/rRzVwcR87bxEw$2A/rMWXO2MalZdh5hd4gbWYexoYip6qPZDyC0jg96MM",Rudra Kak,student,,t,BBA,f459595a-a240-448d-a071-93baf224cbb2,2026-09-07 02:00:06.879652+00,2026-09-07 02:00:06.879652+00,2028,,BBA
rupal.kagal@loyolacollege.edu,"$argon2id$v=19$m=19456,t=2,p=1$eArnrLW1/rRzVwcR87bxEw$2A/rMWXO2MalZdh5hd4gbWYexoYip6qPZDyC0jg96MM",Rupal Kagal,student,,t,BBA,f459595a-a240-448d-a071-93baf224cbb2,2026-09-07 02:00:06.879652+00,2026-09-07 02:00:06.879652+00,2028,,BBA
sachin.kale@loyolacollege.edu,"$argon2id$v=19$m=19456,t=2,p=1$eArnrLW1/rRzVwcR87bxEw$2A/rMWXO2MalZdh5hd4gbWYexoYip6qPZDyC0jg96MM",Sachin Kale,student,,t,BBA,f459595a-a240-448d-a071-93baf224cbb2,2026-09-07 02:00:06.879652+00,2026-09-07 02:00:06.879652+00,2028,,BBA
sadhana.kakkar@loyolacollege.edu,"$argon2id$v=19$m=19456,t=2,p=1$eArnrLW1/rRzVwcR87bxEw$2A/rMWXO2MalZdh5hd4gbWYexoYip6qPZDyC0jg96MM",Sadhana Kakkar,student,,t,BBA,f459595a-a240-448d-a071-93baf224cbb2,2026-09-07 02:00:06.879652+00,2026-09-07 02:00:06.879652+00,2028,,BBA
sagar.kalyani@mcc.edu.in,"$argon2id$v=19$m=19456,t=2,p=1$eArnrLW1/rRzVwcR87bxEw$2A/rMWXO2MalZdh5hd4gbWYexoYip6qPZDyC0jg96MM",Sagar Kalyani,faculty,,t,B.Sc. Biochem,2cb67d42-3181-4e43-b7ea-0897c9433509,2026-09-07 02:00:06.879652+00,2026-09-07 02:00:06.879652+00,,,B.Sc. Biochem
sahil.kamble@mcc.edu.in,"$argon2id$v=19$m=19456,t=2,p=1$eArnrLW1/rRzVwcR87bxEw$2A/rMWXO2MalZdh5hd4gbWYexoYip6qPZDyC0jg96MM",Sahil Kamble,faculty,,t,B.E. CSE,2cb67d42-3181-4e43-b7ea-0897c9433509,2026-09-07 02:00:06.879652+00,2026-09-07 02:00:06.879652+00,,,B.E. CSE
saisha.kalita@loyolacollege.edu,"$argon2id$v=19$m=19456,t=2,p=1$eArnrLW1/rRzVwcR87bxEw$2A/rMWXO2MalZdh5hd4gbWYexoYip6qPZDyC0jg96MM",Saisha Kalita,student,,t,BBA,f459595a-a240-448d-a071-93baf224cbb2,2026-09-07 02:00:06.879652+00,2026-09-07 02:00:06.879652+00,2028,,BBA
sakshi.kamath@mcc.edu.in,"$argon2id$v=19$m=19456,t=2,p=1$eArnrLW1/rRzVwcR87bxEw$2A/rMWXO2MalZdh5hd4gbWYexoYip6qPZDyC0jg96MM",Sakshi Kamath,faculty,,t,M.Sc. Maths,2cb67d42-3181-4e43-b7ea-0897c9433509,2026-09-07 02:00:06.879652+00,2026-09-07 02:00:06.879652+00,,,M.Sc. Maths
saloni.kanda@mcc.edu.in,"$argon2id$v=19$m=19456,t=2,p=1$eArnrLW1/rRzVwcR87bxEw$2A/rMWXO2MalZdh5hd4gbWYexoYip6qPZDyC0jg96MM",Saloni Kanda,faculty,,t,M.Tech. DS,2cb67d42-3181-4e43-b7ea-0897c9433509,2026-09-07 02:00:06.879652+00,2026-09-07 02:00:06.879652+00,,,M.Tech. DS
samaira.kangle@mcc.edu.in,"$argon2id$v=19$m=19456,t=2,p=1$eArnrLW1/rRzVwcR87bxEw$2A/rMWXO2MalZdh5hd4gbWYexoYip6qPZDyC0jg96MM",Samaira Kangle,student,,t,B.Sc. Biochem,2cb67d42-3181-4e43-b7ea-0897c9433509,2026-09-07 02:00:06.879652+00,2026-09-07 02:00:06.879652+00,2026,,B.Sc. Biochem
samarth.kapadia@mcc.edu.in,"$argon2id$v=19$m=19456,t=2,p=1$eArnrLW1/rRzVwcR87bxEw$2A/rMWXO2MalZdh5hd4gbWYexoYip6qPZDyC0jg96MM",Samarth Kapadia,student,,t,B.Sc. Biochem,2cb67d42-3181-4e43-b7ea-0897c9433509,2026-09-07 02:00:06.879652+00,2026-09-07 02:00:06.879652+00,2026,,B.Sc. Biochem
sameer.kane@mcc.edu.in,"$argon2id$v=19$m=19456,t=2,p=1$eArnrLW1/rRzVwcR87bxEw$2A/rMWXO2MalZdh5hd4gbWYexoYip6qPZDyC0jg96MM",Sameer Kane,faculty,,t,BBA,2cb67d42-3181-4e43-b7ea-0897c9433509,2026-09-07 02:00:06.879652+00,2026-09-07 02:00:06.879652+00,,,BBA
samir.kant@mcc.edu.in,"$argon2id$v=19$m=19456,t=2,p=1$eArnrLW1/rRzVwcR87bxEw$2A/rMWXO2MalZdh5hd4gbWYexoYip6qPZDyC0jg96MM",Samir Kant,student,,t,B.Sc. Biochem,2cb67d42-3181-4e43-b7ea-0897c9433509,2026-09-07 02:00:06.879652+00,2026-09-07 02:00:06.879652+00,2026,,B.Sc. Biochem
sampada.kanwal@mcc.edu.in,"$argon2id$v=19$m=19456,t=2,p=1$eArnrLW1/rRzVwcR87bxEw$2A/rMWXO2MalZdh5hd4gbWYexoYip6qPZDyC0jg96MM",Sampada Kanwal,student,,t,B.Sc. Biochem,2cb67d42-3181-4e43-b7ea-0897c9433509,2026-09-07 02:00:06.879652+00,2026-09-07 02:00:06.879652+00,2026,,B.Sc. Biochem
sanchita.kapoor@mcc.edu.in,"$argon2id$v=19$m=19456,t=2,p=1$eArnrLW1/rRzVwcR87bxEw$2A/rMWXO2MalZdh5hd4gbWYexoYip6qPZDyC0jg96MM",Sanchita Kapoor,student,,t,B.Sc. Biochem,2cb67d42-3181-4e43-b7ea-0897c9433509,2026-09-07 02:00:06.879652+00,2026-09-07 02:00:06.879652+00,2026,,B.Sc. Biochem
sandeep.karanth@mcc.edu.in,"$argon2id$v=19$m=19456,t=2,p=1$eArnrLW1/rRzVwcR87bxEw$2A/rMWXO2MalZdh5hd4gbWYexoYip6qPZDyC0jg96MM",Sandeep Karanth,student,,t,B.Sc. Biochem,2cb67d42-3181-4e43-b7ea-0897c9433509,2026-09-07 02:00:06.879652+00,2026-09-07 02:00:06.879652+00,2026,,B.Sc. Biochem
sandesh.kapur@mcc.edu.in,"$argon2id$v=19$m=19456,t=2,p=1$eArnrLW1/rRzVwcR87bxEw$2A/rMWXO2MalZdh5hd4gbWYexoYip6qPZDyC0jg96MM",Sandesh Kapur,student,,t,B.Sc. Biochem,2cb67d42-3181-4e43-b7ea-0897c9433509,2026-09-07 02:00:06.879652+00,2026-09-07 02:00:06.879652+00,2026,,B.Sc. Biochem
sandhya.kar@mcc.edu.in,"$argon2id$v=19$m=19456,t=2,p=1$eArnrLW1/rRzVwcR87bxEw$2A/rMWXO2MalZdh5hd4gbWYexoYip6qPZDyC0jg96MM",Sandhya Kar,student,,t,B.Sc. Biochem,2cb67d42-3181-4e43-b7ea-0897c9433509,2026-09-07 02:00:06.879652+00,2026-09-07 02:00:06.879652+00,2026,,B.Sc. Biochem
sangeeta.karlekar@mcc.edu.in,"$argon2id$v=19$m=19456,t=2,p=1$eArnrLW1/rRzVwcR87bxEw$2A/rMWXO2MalZdh5hd4gbWYexoYip6qPZDyC0jg96MM",Sangeeta Karlekar,student,,t,B.Sc. Biochem,2cb67d42-3181-4e43-b7ea-0897c9433509,2026-09-07 02:00:06.879652+00,2026-09-07 02:00:06.879652+00,2026,,B.Sc. Biochem
sania.karnad@mcc.edu.in,"$argon2id$v=19$m=19456,t=2,p=1$eArnrLW1/rRzVwcR87bxEw$2A/rMWXO2MalZdh5hd4gbWYexoYip6qPZDyC0jg96MM",Sania Karnad,student,,t,B.Sc. Biochem,2cb67d42-3181-4e43-b7ea-0897c9433509,2026-09-07 02:00:06.879652+00,2026-09-07 02:00:06.879652+00,2027,,B.Sc. Biochem
sanjana.karpe@mcc.edu.in,"$argon2id$v=19$m=19456,t=2,p=1$eArnrLW1/rRzVwcR87bxEw$2A/rMWXO2MalZdh5hd4gbWYexoYip6qPZDyC0jg96MM",Sanjana Karpe,student,,t,B.Sc. Biochem,2cb67d42-3181-4e43-b7ea-0897c9433509,2026-09-07 02:00:06.879652+00,2026-09-07 02:00:06.879652+00,2027,,B.Sc. Biochem
sanjay.karmakar@mcc.edu.in,"$argon2id$v=19$m=19456,t=2,p=1$eArnrLW1/rRzVwcR87bxEw$2A/rMWXO2MalZdh5hd4gbWYexoYip6qPZDyC0jg96MM",Sanjay Karmakar,student,,t,B.Sc. Biochem,2cb67d42-3181-4e43-b7ea-0897c9433509,2026-09-07 02:00:06.879652+00,2026-09-07 02:00:06.879652+00,2026,,B.Sc. Biochem
sanjeev.karnik@mcc.edu.in,"$argon2id$v=19$m=19456,t=2,p=1$eArnrLW1/rRzVwcR87bxEw$2A/rMWXO2MalZdh5hd4gbWYexoYip6qPZDyC0jg96MM",Sanjeev Karnik,student,,t,B.Sc. Biochem,2cb67d42-3181-4e43-b7ea-0897c9433509,2026-09-07 02:00:06.879652+00,2026-09-07 02:00:06.879652+00,2027,,B.Sc. Biochem
sanjoli.kasturirangan@mcc.edu.in,"$argon2id$v=19$m=19456,t=2,p=1$eArnrLW1/rRzVwcR87bxEw$2A/rMWXO2MalZdh5hd4gbWYexoYip6qPZDyC0jg96MM",Sanjoli Kasturirangan,student,,t,B.Sc. Biochem,2cb67d42-3181-4e43-b7ea-0897c9433509,2026-09-07 02:00:06.879652+00,2026-09-07 02:00:06.879652+00,2027,,B.Sc. Biochem
santosh.kashyap@mcc.edu.in,"$argon2id$v=19$m=19456,t=2,p=1$eArnrLW1/rRzVwcR87bxEw$2A/rMWXO2MalZdh5hd4gbWYexoYip6qPZDyC0jg96MM",Santosh Kashyap,student,,t,B.Sc. Biochem,2cb67d42-3181-4e43-b7ea-0897c9433509,2026-09-07 02:00:06.879652+00,2026-09-07 02:00:06.879652+00,2027,,B.Sc. Biochem
sapna.kataria@mcc.edu.in,"$argon2id$v=19$m=19456,t=2,p=1$eArnrLW1/rRzVwcR87bxEw$2A/rMWXO2MalZdh5hd4gbWYexoYip6qPZDyC0jg96MM",Sapna Kataria,student,,t,B.Sc. Biochem,2cb67d42-3181-4e43-b7ea-0897c9433509,2026-09-07 02:00:06.879652+00,2026-09-07 02:00:06.879652+00,2027,,B.Sc. Biochem
sarala.kathuria@mcc.edu.in,"$argon2id$v=19$m=19456,t=2,p=1$eArnrLW1/rRzVwcR87bxEw$2A/rMWXO2MalZdh5hd4gbWYexoYip6qPZDyC0jg96MM",Sarala Kathuria,student,,t,B.Sc. Biochem,2cb67d42-3181-4e43-b7ea-0897c9433509,2026-09-07 02:00:06.879652+00,2026-09-07 02:00:06.879652+00,2027,,B.Sc. Biochem
sarang.kasliwal@mcc.edu.in,"$argon2id$v=19$m=19456,t=2,p=1$eArnrLW1/rRzVwcR87bxEw$2A/rMWXO2MalZdh5hd4gbWYexoYip6qPZDyC0jg96MM",Sarang Kasliwal,student,,t,B.Sc. Biochem,2cb67d42-3181-4e43-b7ea-0897c9433509,2026-09-07 02:00:06.879652+00,2026-09-07 02:00:06.879652+00,2027,,B.Sc. Biochem
sarika.kaul@mcc.edu.in,"$argon2id$v=19$m=19456,t=2,p=1$eArnrLW1/rRzVwcR87bxEw$2A/rMWXO2MalZdh5hd4gbWYexoYip6qPZDyC0jg96MM",Sarika Kaul,student,,t,B.Sc. Biochem,2cb67d42-3181-4e43-b7ea-0897c9433509,2026-09-07 02:00:06.879652+00,2026-09-07 02:00:06.879652+00,2028,,B.Sc. Biochem
sarita.kaushik@mcc.edu.in,"$argon2id$v=19$m=19456,t=2,p=1$eArnrLW1/rRzVwcR87bxEw$2A/rMWXO2MalZdh5hd4gbWYexoYip6qPZDyC0jg96MM",Sarita Kaushik,student,,t,B.Sc. Biochem,2cb67d42-3181-4e43-b7ea-0897c9433509,2026-09-07 02:00:06.879652+00,2026-09-07 02:00:06.879652+00,2028,,B.Sc. Biochem
saroj.kelkar@mcc.edu.in,"$argon2id$v=19$m=19456,t=2,p=1$eArnrLW1/rRzVwcR87bxEw$2A/rMWXO2MalZdh5hd4gbWYexoYip6qPZDyC0jg96MM",Saroj Kelkar,student,,t,B.Sc. Biochem,2cb67d42-3181-4e43-b7ea-0897c9433509,2026-09-07 02:00:06.879652+00,2026-09-07 02:00:06.879652+00,2028,,B.Sc. Biochem
sarvesh.katewa@mcc.edu.in,"$argon2id$v=19$m=19456,t=2,p=1$eArnrLW1/rRzVwcR87bxEw$2A/rMWXO2MalZdh5hd4gbWYexoYip6qPZDyC0jg96MM",Sarvesh Katewa,student,,t,B.Sc. Biochem,2cb67d42-3181-4e43-b7ea-0897c9433509,2026-09-07 02:00:06.879652+00,2026-09-07 02:00:06.879652+00,2027,,B.Sc. Biochem
satish.katju@mcc.edu.in,"$argon2id$v=19$m=19456,t=2,p=1$eArnrLW1/rRzVwcR87bxEw$2A/rMWXO2MalZdh5hd4gbWYexoYip6qPZDyC0jg96MM",Satish Katju,student,,t,B.Sc. Biochem,2cb67d42-3181-4e43-b7ea-0897c9433509,2026-09-07 02:00:06.879652+00,2026-09-07 02:00:06.879652+00,2027,,B.Sc. Biochem
satyendra.kaur@mcc.edu.in,"$argon2id$v=19$m=19456,t=2,p=1$eArnrLW1/rRzVwcR87bxEw$2A/rMWXO2MalZdh5hd4gbWYexoYip6qPZDyC0jg96MM",Satyendra Kaur,student,,t,B.Sc. Biochem,2cb67d42-3181-4e43-b7ea-0897c9433509,2026-09-07 02:00:06.879652+00,2026-09-07 02:00:06.879652+00,2028,,B.Sc. Biochem
saujanya.kesavan@mcc.edu.in,"$argon2id$v=19$m=19456,t=2,p=1$eArnrLW1/rRzVwcR87bxEw$2A/rMWXO2MalZdh5hd4gbWYexoYip6qPZDyC0jg96MM",Saujanya Kesavan,student,,t,B.Sc. Biochem,2cb67d42-3181-4e43-b7ea-0897c9433509,2026-09-07 02:00:06.879652+00,2026-09-07 02:00:06.879652+00,2028,,B.Sc. Biochem
saumya.ketkar@mcc.edu.in,"$argon2id$v=19$m=19456,t=2,p=1$eArnrLW1/rRzVwcR87bxEw$2A/rMWXO2MalZdh5hd4gbWYexoYip6qPZDyC0jg96MM",Saumya Ketkar,student,,t,B.Sc. Biochem,2cb67d42-3181-4e43-b7ea-0897c9433509,2026-09-07 02:00:06.879652+00,2026-09-07 02:00:06.879652+00,2028,,B.Sc. Biochem
saurabh.kazi@mcc.edu.in,"$argon2id$v=19$m=19456,t=2,p=1$eArnrLW1/rRzVwcR87bxEw$2A/rMWXO2MalZdh5hd4gbWYexoYip6qPZDyC0jg96MM",Saurabh Kazi,student,,t,B.Sc. Biochem,2cb67d42-3181-4e43-b7ea-0897c9433509,2026-09-07 02:00:06.879652+00,2026-09-07 02:00:06.879652+00,2028,,B.Sc. Biochem
savita.khaitan@mcc.edu.in,"$argon2id$v=19$m=19456,t=2,p=1$eArnrLW1/rRzVwcR87bxEw$2A/rMWXO2MalZdh5hd4gbWYexoYip6qPZDyC0jg96MM",Savita Khaitan,student,,t,M.Sc. Maths,2cb67d42-3181-4e43-b7ea-0897c9433509,2026-09-07 02:00:06.879652+00,2026-09-07 02:00:06.879652+00,2026,,M.Sc. Maths
seema.khandekar@mcc.edu.in,"$argon2id$v=19$m=19456,t=2,p=1$eArnrLW1/rRzVwcR87bxEw$2A/rMWXO2MalZdh5hd4gbWYexoYip6qPZDyC0jg96MM",Seema Khandekar,student,,t,M.Sc. Maths,2cb67d42-3181-4e43-b7ea-0897c9433509,2026-09-07 02:00:06.879652+00,2026-09-07 02:00:06.879652+00,2026,,M.Sc. Maths
shailendra.kelshikar@mcc.edu.in,"$argon2id$v=19$m=19456,t=2,p=1$eArnrLW1/rRzVwcR87bxEw$2A/rMWXO2MalZdh5hd4gbWYexoYip6qPZDyC0jg96MM",Shailendra Kelshikar,student,,t,B.Sc. Biochem,2cb67d42-3181-4e43-b7ea-0897c9433509,2026-09-07 02:00:06.879652+00,2026-09-07 02:00:06.879652+00,2028,,B.Sc. Biochem
shailesh.keshari@mcc.edu.in,"$argon2id$v=19$m=19456,t=2,p=1$eArnrLW1/rRzVwcR87bxEw$2A/rMWXO2MalZdh5hd4gbWYexoYip6qPZDyC0jg96MM",Shailesh Keshari,student,,t,B.Sc. Biochem,2cb67d42-3181-4e43-b7ea-0897c9433509,2026-09-07 02:00:06.879652+00,2026-09-07 02:00:06.879652+00,2028,,B.Sc. Biochem
shakti.kewalramani@mcc.edu.in,"$argon2id$v=19$m=19456,t=2,p=1$eArnrLW1/rRzVwcR87bxEw$2A/rMWXO2MalZdh5hd4gbWYexoYip6qPZDyC0jg96MM",Shakti Kewalramani,student,,t,B.Sc. Biochem,2cb67d42-3181-4e43-b7ea-0897c9433509,2026-09-07 02:00:06.879652+00,2026-09-07 02:00:06.879652+00,2028,,B.Sc. Biochem
shalini.khare@mcc.edu.in,"$argon2id$v=19$m=19456,t=2,p=1$eArnrLW1/rRzVwcR87bxEw$2A/rMWXO2MalZdh5hd4gbWYexoYip6qPZDyC0jg96MM",Shalini Khare,student,,t,M.Sc. Maths,2cb67d42-3181-4e43-b7ea-0897c9433509,2026-09-07 02:00:06.879652+00,2026-09-07 02:00:06.879652+00,2026,,M.Sc. Maths
shankar.khan@mcc.edu.in,"$argon2id$v=19$m=19456,t=2,p=1$eArnrLW1/rRzVwcR87bxEw$2A/rMWXO2MalZdh5hd4gbWYexoYip6qPZDyC0jg96MM",Shankar Khan,student,,t,M.Sc. Maths,2cb67d42-3181-4e43-b7ea-0897c9433509,2026-09-07 02:00:06.879652+00,2026-09-07 02:00:06.879652+00,2026,,M.Sc. Maths
shantanu.khanna@mcc.edu.in,"$argon2id$v=19$m=19456,t=2,p=1$eArnrLW1/rRzVwcR87bxEw$2A/rMWXO2MalZdh5hd4gbWYexoYip6qPZDyC0jg96MM",Shantanu Khanna,student,,t,M.Sc. Maths,2cb67d42-3181-4e43-b7ea-0897c9433509,2026-09-07 02:00:06.879652+00,2026-09-07 02:00:06.879652+00,2026,,M.Sc. Maths
sharad.khasnobis@mcc.edu.in,"$argon2id$v=19$m=19456,t=2,p=1$eArnrLW1/rRzVwcR87bxEw$2A/rMWXO2MalZdh5hd4gbWYexoYip6qPZDyC0jg96MM",Sharad Khasnobis,student,,t,M.Sc. Maths,2cb67d42-3181-4e43-b7ea-0897c9433509,2026-09-07 02:00:06.879652+00,2026-09-07 02:00:06.879652+00,2026,,M.Sc. Maths
sharmila.khemka@mcc.edu.in,"$argon2id$v=19$m=19456,t=2,p=1$eArnrLW1/rRzVwcR87bxEw$2A/rMWXO2MalZdh5hd4gbWYexoYip6qPZDyC0jg96MM",Sharmila Khemka,student,,t,M.Sc. Maths,2cb67d42-3181-4e43-b7ea-0897c9433509,2026-09-07 02:00:06.879652+00,2026-09-07 02:00:06.879652+00,2026,,M.Sc. Maths
sharon.khopkar@mcc.edu.in,"$argon2id$v=19$m=19456,t=2,p=1$eArnrLW1/rRzVwcR87bxEw$2A/rMWXO2MalZdh5hd4gbWYexoYip6qPZDyC0jg96MM",Sharon Khopkar,student,,t,M.Sc. Maths,2cb67d42-3181-4e43-b7ea-0897c9433509,2026-09-07 02:00:06.879652+00,2026-09-07 02:00:06.879652+00,2026,,M.Sc. Maths
shashank.khilnani@mcc.edu.in,"$argon2id$v=19$m=19456,t=2,p=1$eArnrLW1/rRzVwcR87bxEw$2A/rMWXO2MalZdh5hd4gbWYexoYip6qPZDyC0jg96MM",Shashank Khilnani,student,,t,M.Sc. Maths,2cb67d42-3181-4e43-b7ea-0897c9433509,2026-09-07 02:00:06.879652+00,2026-09-07 02:00:06.879652+00,2026,,M.Sc. Maths
shashi.khorana@mcc.edu.in,"$argon2id$v=19$m=19456,t=2,p=1$eArnrLW1/rRzVwcR87bxEw$2A/rMWXO2MalZdh5hd4gbWYexoYip6qPZDyC0jg96MM",Shashi Khorana,student,,t,M.Sc. Maths,2cb67d42-3181-4e43-b7ea-0897c9433509,2026-09-07 02:00:06.879652+00,2026-09-07 02:00:06.879652+00,2026,,M.Sc. Maths
sheetal.khosla@mcc.edu.in,"$argon2id$v=19$m=19456,t=2,p=1$eArnrLW1/rRzVwcR87bxEw$2A/rMWXO2MalZdh5hd4gbWYexoYip6qPZDyC0jg96MM",Sheetal Khosla,student,,t,M.Sc. Maths,2cb67d42-3181-4e43-b7ea-0897c9433509,2026-09-07 02:00:06.879652+00,2026-09-07 02:00:06.879652+00,2027,,M.Sc. Maths
shefali.khurana@mcc.edu.in,"$argon2id$v=19$m=19456,t=2,p=1$eArnrLW1/rRzVwcR87bxEw$2A/rMWXO2MalZdh5hd4gbWYexoYip6qPZDyC0jg96MM",Shefali Khurana,student,,t,M.Sc. Maths,2cb67d42-3181-4e43-b7ea-0897c9433509,2026-09-07 02:00:06.879652+00,2026-09-07 02:00:06.879652+00,2027,,M.Sc. Maths
shekhar.khote@mcc.edu.in,"$argon2id$v=19$m=19456,t=2,p=1$eArnrLW1/rRzVwcR87bxEw$2A/rMWXO2MalZdh5hd4gbWYexoYip6qPZDyC0jg96MM",Shekhar Khote,student,,t,M.Sc. Maths,2cb67d42-3181-4e43-b7ea-0897c9433509,2026-09-07 02:00:06.879652+00,2026-09-07 02:00:06.879652+00,2027,,M.Sc. Maths
shikha.kini@mcc.edu.in,"$argon2id$v=19$m=19456,t=2,p=1$eArnrLW1/rRzVwcR87bxEw$2A/rMWXO2MalZdh5hd4gbWYexoYip6qPZDyC0jg96MM",Shikha Kini,student,,t,M.Sc. Maths,2cb67d42-3181-4e43-b7ea-0897c9433509,2026-09-07 02:00:06.879652+00,2026-09-07 02:00:06.879652+00,2027,,M.Sc. Maths
shikhar.kidwai@mcc.edu.in,"$argon2id$v=19$m=19456,t=2,p=1$eArnrLW1/rRzVwcR87bxEw$2A/rMWXO2MalZdh5hd4gbWYexoYip6qPZDyC0jg96MM",Shikhar Kidwai,student,,t,M.Sc. Maths,2cb67d42-3181-4e43-b7ea-0897c9433509,2026-09-07 02:00:06.879652+00,2026-09-07 02:00:06.879652+00,2027,,M.Sc. Maths
shipra.kirloskar@mcc.edu.in,"$argon2id$v=19$m=19456,t=2,p=1$eArnrLW1/rRzVwcR87bxEw$2A/rMWXO2MalZdh5hd4gbWYexoYip6qPZDyC0jg96MM",Shipra Kirloskar,student,,t,M.Sc. Maths,2cb67d42-3181-4e43-b7ea-0897c9433509,2026-09-07 02:00:06.879652+00,2026-09-07 02:00:06.879652+00,2027,,M.Sc. Maths
shirish.kirpal@mcc.edu.in,"$argon2id$v=19$m=19456,t=2,p=1$eArnrLW1/rRzVwcR87bxEw$2A/rMWXO2MalZdh5hd4gbWYexoYip6qPZDyC0jg96MM",Shirish Kirpal,student,,t,M.Sc. Maths,2cb67d42-3181-4e43-b7ea-0897c9433509,2026-09-07 02:00:06.879652+00,2026-09-07 02:00:06.879652+00,2027,,M.Sc. Maths
shivam.kochhar@mcc.edu.in,"$argon2id$v=19$m=19456,t=2,p=1$eArnrLW1/rRzVwcR87bxEw$2A/rMWXO2MalZdh5hd4gbWYexoYip6qPZDyC0jg96MM",Shivam Kochhar,student,,t,M.Sc. Maths,2cb67d42-3181-4e43-b7ea-0897c9433509,2026-09-07 02:00:06.879652+00,2026-09-07 02:00:06.879652+00,2027,,M.Sc. Maths
shivangi.kodandaram@mcc.edu.in,"$argon2id$v=19$m=19456,t=2,p=1$eArnrLW1/rRzVwcR87bxEw$2A/rMWXO2MalZdh5hd4gbWYexoYip6qPZDyC0jg96MM",Shivangi Kodandaram,student,,t,M.Sc. Maths,2cb67d42-3181-4e43-b7ea-0897c9433509,2026-09-07 02:00:06.879652+00,2026-09-07 02:00:06.879652+00,2027,,M.Sc. Maths
shivani.kohl@mcc.edu.in,"$argon2id$v=19$m=19456,t=2,p=1$eArnrLW1/rRzVwcR87bxEw$2A/rMWXO2MalZdh5hd4gbWYexoYip6qPZDyC0jg96MM",Shivani Kohl,student,,t,M.Sc. Maths,2cb67d42-3181-4e43-b7ea-0897c9433509,2026-09-07 02:00:06.879652+00,2026-09-07 02:00:06.879652+00,2028,,M.Sc. Maths
shivendra.kodkani@mcc.edu.in,"$argon2id$v=19$m=19456,t=2,p=1$eArnrLW1/rRzVwcR87bxEw$2A/rMWXO2MalZdh5hd4gbWYexoYip6qPZDyC0jg96MM",Shivendra Kodkani,student,,t,M.Sc. Maths,2cb67d42-3181-4e43-b7ea-0897c9433509,2026-09-07 02:00:06.879652+00,2026-09-07 02:00:06.879652+00,2027,,M.Sc. Maths
shobha.kolar@mcc.edu.in,"$argon2id$v=19$m=19456,t=2,p=1$eArnrLW1/rRzVwcR87bxEw$2A/rMWXO2MalZdh5hd4gbWYexoYip6qPZDyC0jg96MM",Shobha Kolar,student,,t,M.Sc. Maths,2cb67d42-3181-4e43-b7ea-0897c9433509,2026-09-07 02:00:06.879652+00,2026-09-07 02:00:06.879652+00,2028,,M.Sc. Maths
shobhit.kohli@mcc.edu.in,"$argon2id$v=19$m=19456,t=2,p=1$eArnrLW1/rRzVwcR87bxEw$2A/rMWXO2MalZdh5hd4gbWYexoYip6qPZDyC0jg96MM",Shobhit Kohli,student,,t,M.Sc. Maths,2cb67d42-3181-4e43-b7ea-0897c9433509,2026-09-07 02:00:06.879652+00,2026-09-07 02:00:06.879652+00,2028,,M.Sc. Maths
shraddha.kolhatkar@mcc.edu.in,"$argon2id$v=19$m=19456,t=2,p=1$eArnrLW1/rRzVwcR87bxEw$2A/rMWXO2MalZdh5hd4gbWYexoYip6qPZDyC0jg96MM",Shraddha Kolhatkar,student,,t,M.Sc. Maths,2cb67d42-3181-4e43-b7ea-0897c9433509,2026-09-07 02:00:06.879652+00,2026-09-07 02:00:06.879652+00,2028,,M.Sc. Maths
shreya.kondapalli@mcc.edu.in,"$argon2id$v=19$m=19456,t=2,p=1$eArnrLW1/rRzVwcR87bxEw$2A/rMWXO2MalZdh5hd4gbWYexoYip6qPZDyC0jg96MM",Shreya Kondapalli,student,,t,M.Sc. Maths,2cb67d42-3181-4e43-b7ea-0897c9433509,2026-09-07 02:00:06.879652+00,2026-09-07 02:00:06.879652+00,2028,,M.Sc. Maths
shreyas.kolekar@mcc.edu.in,"$argon2id$v=19$m=19456,t=2,p=1$eArnrLW1/rRzVwcR87bxEw$2A/rMWXO2MalZdh5hd4gbWYexoYip6qPZDyC0jg96MM",Shreyas Kolekar,student,,t,M.Sc. Maths,2cb67d42-3181-4e43-b7ea-0897c9433509,2026-09-07 02:00:06.879652+00,2026-09-07 02:00:06.879652+00,2028,,M.Sc. Maths
shrikant.kommineni@mcc.edu.in,"$argon2id$v=19$m=19456,t=2,p=1$eArnrLW1/rRzVwcR87bxEw$2A/rMWXO2MalZdh5hd4gbWYexoYip6qPZDyC0jg96MM",Shrikant Kommineni,student,,t,M.Sc. Maths,2cb67d42-3181-4e43-b7ea-0897c9433509,2026-09-07 02:00:06.879652+00,2026-09-07 02:00:06.879652+00,2028,,M.Sc. Maths
shrinivas.konda@mcc.edu.in,"$argon2id$v=19$m=19456,t=2,p=1$eArnrLW1/rRzVwcR87bxEw$2A/rMWXO2MalZdh5hd4gbWYexoYip6qPZDyC0jg96MM",Shrinivas Konda,student,,t,M.Sc. Maths,2cb67d42-3181-4e43-b7ea-0897c9433509,2026-09-07 02:00:06.879652+00,2026-09-07 02:00:06.879652+00,2028,,M.Sc. Maths
shruti.konidela@mcc.edu.in,"$argon2id$v=19$m=19456,t=2,p=1$eArnrLW1/rRzVwcR87bxEw$2A/rMWXO2MalZdh5hd4gbWYexoYip6qPZDyC0jg96MM",Shruti Konidela,student,,t,M.Sc. Maths,2cb67d42-3181-4e43-b7ea-0897c9433509,2026-09-07 02:00:06.879652+00,2026-09-07 02:00:06.879652+00,2028,,M.Sc. Maths
shubham.korde@mcc.edu.in,"$argon2id$v=19$m=19456,t=2,p=1$eArnrLW1/rRzVwcR87bxEw$2A/rMWXO2MalZdh5hd4gbWYexoYip6qPZDyC0jg96MM",Shubham Korde,student,,t,M.Sc. Maths,2cb67d42-3181-4e43-b7ea-0897c9433509,2026-09-07 02:00:06.879652+00,2026-09-07 02:00:06.879652+00,2028,,M.Sc. Maths
shweta.korgaonkar@mcc.edu.in,"$argon2id$v=19$m=19456,t=2,p=1$eArnrLW1/rRzVwcR87bxEw$2A/rMWXO2MalZdh5hd4gbWYexoYip6qPZDyC0jg96MM",Shweta Korgaonkar,student,,t,B.E. CSE,2cb67d42-3181-4e43-b7ea-0897c9433509,2026-09-07 02:00:06.879652+00,2026-09-07 02:00:06.879652+00,2026,,B.E. CSE
shyam.kothari@mcc.edu.in,"$argon2id$v=19$m=19456,t=2,p=1$eArnrLW1/rRzVwcR87bxEw$2A/rMWXO2MalZdh5hd4gbWYexoYip6qPZDyC0jg96MM",Shyam Kothari,student,,t,B.E. CSE,2cb67d42-3181-4e43-b7ea-0897c9433509,2026-09-07 02:00:06.879652+00,2026-09-07 02:00:06.879652+00,2026,,B.E. CSE
sia.kotnis@mcc.edu.in,"$argon2id$v=19$m=19456,t=2,p=1$eArnrLW1/rRzVwcR87bxEw$2A/rMWXO2MalZdh5hd4gbWYexoYip6qPZDyC0jg96MM",Sia Kotnis,student,,t,B.E. CSE,2cb67d42-3181-4e43-b7ea-0897c9433509,2026-09-07 02:00:06.879652+00,2026-09-07 02:00:06.879652+00,2026,,B.E. CSE
siddharth.koul@mcc.edu.in,"$argon2id$v=19$m=19456,t=2,p=1$eArnrLW1/rRzVwcR87bxEw$2A/rMWXO2MalZdh5hd4gbWYexoYip6qPZDyC0jg96MM",Siddharth Koul,student,,t,B.E. CSE,2cb67d42-3181-4e43-b7ea-0897c9433509,2026-09-07 02:00:06.879652+00,2026-09-07 02:00:06.879652+00,2026,,B.E. CSE
siddhesh.krishnamurthy@mcc.edu.in,"$argon2id$v=19$m=19456,t=2,p=1$eArnrLW1/rRzVwcR87bxEw$2A/rMWXO2MalZdh5hd4gbWYexoYip6qPZDyC0jg96MM",Siddhesh Krishnamurthy,student,,t,B.E. CSE,2cb67d42-3181-4e43-b7ea-0897c9433509,2026-09-07 02:00:06.879652+00,2026-09-07 02:00:06.879652+00,2026,,B.E. CSE
simran.krishnakumar@mcc.edu.in,"$argon2id$v=19$m=19456,t=2,p=1$eArnrLW1/rRzVwcR87bxEw$2A/rMWXO2MalZdh5hd4gbWYexoYip6qPZDyC0jg96MM",Simran Krishnakumar,student,,t,B.E. CSE,2cb67d42-3181-4e43-b7ea-0897c9433509,2026-09-07 02:00:06.879652+00,2026-09-07 02:00:06.879652+00,2026,,B.E. CSE
smita.krishnan@mcc.edu.in,"$argon2id$v=19$m=19456,t=2,p=1$eArnrLW1/rRzVwcR87bxEw$2A/rMWXO2MalZdh5hd4gbWYexoYip6qPZDyC0jg96MM",Smita Krishnan,student,,t,B.E. CSE,2cb67d42-3181-4e43-b7ea-0897c9433509,2026-09-07 02:00:06.879652+00,2026-09-07 02:00:06.879652+00,2026,,B.E. CSE
smriti.kulkarni-patil@mcc.edu.in,"$argon2id$v=19$m=19456,t=2,p=1$eArnrLW1/rRzVwcR87bxEw$2A/rMWXO2MalZdh5hd4gbWYexoYip6qPZDyC0jg96MM",Smriti Kulkarni-Patil,student,,t,B.E. CSE,2cb67d42-3181-4e43-b7ea-0897c9433509,2026-09-07 02:00:06.879652+00,2026-09-07 02:00:06.879652+00,2026,,B.E. CSE
sneha.kumaramangalam@mcc.edu.in,"$argon2id$v=19$m=19456,t=2,p=1$eArnrLW1/rRzVwcR87bxEw$2A/rMWXO2MalZdh5hd4gbWYexoYip6qPZDyC0jg96MM",Sneha Kumaramangalam,student,,t,B.E. CSE,2cb67d42-3181-4e43-b7ea-0897c9433509,2026-09-07 02:00:06.879652+00,2026-09-07 02:00:06.879652+00,2027,,B.E. CSE
sohan.kulkarni@mcc.edu.in,"$argon2id$v=19$m=19456,t=2,p=1$eArnrLW1/rRzVwcR87bxEw$2A/rMWXO2MalZdh5hd4gbWYexoYip6qPZDyC0jg96MM",Sohan Kulkarni,student,,t,B.E. CSE,2cb67d42-3181-4e43-b7ea-0897c9433509,2026-09-07 02:00:06.879652+00,2026-09-07 02:00:06.879652+00,2026,,B.E. CSE
somesh.kumar@mcc.edu.in,"$argon2id$v=19$m=19456,t=2,p=1$eArnrLW1/rRzVwcR87bxEw$2A/rMWXO2MalZdh5hd4gbWYexoYip6qPZDyC0jg96MM",Somesh Kumar,student,,t,B.E. CSE,2cb67d42-3181-4e43-b7ea-0897c9433509,2026-09-07 02:00:06.879652+00,2026-09-07 02:00:06.879652+00,2026,,B.E. CSE
sonali.kurien@mcc.edu.in,"$argon2id$v=19$m=19456,t=2,p=1$eArnrLW1/rRzVwcR87bxEw$2A/rMWXO2MalZdh5hd4gbWYexoYip6qPZDyC0jg96MM",Sonali Kurien,student,,t,B.E. CSE,2cb67d42-3181-4e43-b7ea-0897c9433509,2026-09-07 02:00:06.879652+00,2026-09-07 02:00:06.879652+00,2027,,B.E. CSE
sonal.kundra@mcc.edu.in,"$argon2id$v=19$m=19456,t=2,p=1$eArnrLW1/rRzVwcR87bxEw$2A/rMWXO2MalZdh5hd4gbWYexoYip6qPZDyC0jg96MM",Sonal Kundra,student,,t,B.E. CSE,2cb67d42-3181-4e43-b7ea-0897c9433509,2026-09-07 02:00:06.879652+00,2026-09-07 02:00:06.879652+00,2027,,B.E. CSE
sonam.kushwaha@mcc.edu.in,"$argon2id$v=19$m=19456,t=2,p=1$eArnrLW1/rRzVwcR87bxEw$2A/rMWXO2MalZdh5hd4gbWYexoYip6qPZDyC0jg96MM",Sonam Kushwaha,student,,t,B.E. CSE,2cb67d42-3181-4e43-b7ea-0897c9433509,2026-09-07 02:00:06.879652+00,2026-09-07 02:00:06.879652+00,2027,,B.E. CSE
sonia.lahiri@mcc.edu.in,"$argon2id$v=19$m=19456,t=2,p=1$eArnrLW1/rRzVwcR87bxEw$2A/rMWXO2MalZdh5hd4gbWYexoYip6qPZDyC0jg96MM",Sonia Lahiri,student,,t,B.E. CSE,2cb67d42-3181-4e43-b7ea-0897c9433509,2026-09-07 02:00:06.879652+00,2026-09-07 02:00:06.879652+00,2027,,B.E. CSE
sonika.lalwani@mcc.edu.in,"$argon2id$v=19$m=19456,t=2,p=1$eArnrLW1/rRzVwcR87bxEw$2A/rMWXO2MalZdh5hd4gbWYexoYip6qPZDyC0jg96MM",Sonika Lalwani,student,,t,B.E. CSE,2cb67d42-3181-4e43-b7ea-0897c9433509,2026-09-07 02:00:06.879652+00,2026-09-07 02:00:06.879652+00,2028,,B.E. CSE
soumya.latkar@mcc.edu.in,"$argon2id$v=19$m=19456,t=2,p=1$eArnrLW1/rRzVwcR87bxEw$2A/rMWXO2MalZdh5hd4gbWYexoYip6qPZDyC0jg96MM",Soumya Latkar,student,,t,B.E. CSE,2cb67d42-3181-4e43-b7ea-0897c9433509,2026-09-07 02:00:06.879652+00,2026-09-07 02:00:06.879652+00,2028,,B.E. CSE
sourav.kumbhani@mcc.edu.in,"$argon2id$v=19$m=19456,t=2,p=1$eArnrLW1/rRzVwcR87bxEw$2A/rMWXO2MalZdh5hd4gbWYexoYip6qPZDyC0jg96MM",Sourav Kumbhani,student,,t,B.E. CSE,2cb67d42-3181-4e43-b7ea-0897c9433509,2026-09-07 02:00:06.879652+00,2026-09-07 02:00:06.879652+00,2027,,B.E. CSE
spandana.lele@mcc.edu.in,"$argon2id$v=19$m=19456,t=2,p=1$eArnrLW1/rRzVwcR87bxEw$2A/rMWXO2MalZdh5hd4gbWYexoYip6qPZDyC0jg96MM",Spandana Lele,student,,t,B.E. CSE,2cb67d42-3181-4e43-b7ea-0897c9433509,2026-09-07 02:00:06.879652+00,2026-09-07 02:00:06.879652+00,2028,,B.E. CSE
sparsh.kunte@mcc.edu.in,"$argon2id$v=19$m=19456,t=2,p=1$eArnrLW1/rRzVwcR87bxEw$2A/rMWXO2MalZdh5hd4gbWYexoYip6qPZDyC0jg96MM",Sparsh Kunte,student,,t,B.E. CSE,2cb67d42-3181-4e43-b7ea-0897c9433509,2026-09-07 02:00:06.879652+00,2026-09-07 02:00:06.879652+00,2027,,B.E. CSE
sreela.lodha@mcc.edu.in,"$argon2id$v=19$m=19456,t=2,p=1$eArnrLW1/rRzVwcR87bxEw$2A/rMWXO2MalZdh5hd4gbWYexoYip6qPZDyC0jg96MM",Sreela Lodha,student,,t,B.E. CSE,2cb67d42-3181-4e43-b7ea-0897c9433509,2026-09-07 02:00:06.879652+00,2026-09-07 02:00:06.879652+00,2028,,B.E. CSE
srishti.lokhande@mcc.edu.in,"$argon2id$v=19$m=19456,t=2,p=1$eArnrLW1/rRzVwcR87bxEw$2A/rMWXO2MalZdh5hd4gbWYexoYip6qPZDyC0jg96MM",Srishti Lokhande,student,,t,B.E. CSE,2cb67d42-3181-4e43-b7ea-0897c9433509,2026-09-07 02:00:06.879652+00,2026-09-07 02:00:06.879652+00,2028,,B.E. CSE
sthiti.luthra@mcc.edu.in,"$argon2id$v=19$m=19456,t=2,p=1$eArnrLW1/rRzVwcR87bxEw$2A/rMWXO2MalZdh5hd4gbWYexoYip6qPZDyC0jg96MM",Sthiti Luthra,student,,t,M.Tech. DS,2cb67d42-3181-4e43-b7ea-0897c9433509,2026-09-07 02:00:06.879652+00,2026-09-07 02:00:06.879652+00,2026,,M.Tech. DS
subhash.kurup@mcc.edu.in,"$argon2id$v=19$m=19456,t=2,p=1$eArnrLW1/rRzVwcR87bxEw$2A/rMWXO2MalZdh5hd4gbWYexoYip6qPZDyC0jg96MM",Subhash Kurup,student,,t,B.E. CSE,2cb67d42-3181-4e43-b7ea-0897c9433509,2026-09-07 02:00:06.879652+00,2026-09-07 02:00:06.879652+00,2027,,B.E. CSE
subhashree.madan@mcc.edu.in,"$argon2id$v=19$m=19456,t=2,p=1$eArnrLW1/rRzVwcR87bxEw$2A/rMWXO2MalZdh5hd4gbWYexoYip6qPZDyC0jg96MM",Subhashree Madan,student,,t,M.Tech. DS,2cb67d42-3181-4e43-b7ea-0897c9433509,2026-09-07 02:00:06.879652+00,2026-09-07 02:00:06.879652+00,2026,,M.Tech. DS
suchitra.madhusudan@mcc.edu.in,"$argon2id$v=19$m=19456,t=2,p=1$eArnrLW1/rRzVwcR87bxEw$2A/rMWXO2MalZdh5hd4gbWYexoYip6qPZDyC0jg96MM",Suchitra Madhusudan,student,,t,M.Tech. DS,2cb67d42-3181-4e43-b7ea-0897c9433509,2026-09-07 02:00:06.879652+00,2026-09-07 02:00:06.879652+00,2026,,M.Tech. DS
sudeep.lad@mcc.edu.in,"$argon2id$v=19$m=19456,t=2,p=1$eArnrLW1/rRzVwcR87bxEw$2A/rMWXO2MalZdh5hd4gbWYexoYip6qPZDyC0jg96MM",Sudeep Lad,student,,t,B.E. CSE,2cb67d42-3181-4e43-b7ea-0897c9433509,2026-09-07 02:00:06.879652+00,2026-09-07 02:00:06.879652+00,2027,,B.E. CSE
sudha.mahajan@mcc.edu.in,"$argon2id$v=19$m=19456,t=2,p=1$eArnrLW1/rRzVwcR87bxEw$2A/rMWXO2MalZdh5hd4gbWYexoYip6qPZDyC0jg96MM",Sudha Mahajan,student,,t,M.Tech. DS,2cb67d42-3181-4e43-b7ea-0897c9433509,2026-09-07 02:00:06.879652+00,2026-09-07 02:00:06.879652+00,2026,,M.Tech. DS
sudhanshu.lall@mcc.edu.in,"$argon2id$v=19$m=19456,t=2,p=1$eArnrLW1/rRzVwcR87bxEw$2A/rMWXO2MalZdh5hd4gbWYexoYip6qPZDyC0jg96MM",Sudhanshu Lall,student,,t,B.E. CSE,2cb67d42-3181-4e43-b7ea-0897c9433509,2026-09-07 02:00:06.879652+00,2026-09-07 02:00:06.879652+00,2027,,B.E. CSE
sudhir.lamba@mcc.edu.in,"$argon2id$v=19$m=19456,t=2,p=1$eArnrLW1/rRzVwcR87bxEw$2A/rMWXO2MalZdh5hd4gbWYexoYip6qPZDyC0jg96MM",Sudhir Lamba,student,,t,B.E. CSE,2cb67d42-3181-4e43-b7ea-0897c9433509,2026-09-07 02:00:06.879652+00,2026-09-07 02:00:06.879652+00,2028,,B.E. CSE
sugandha.mahanta@mcc.edu.in,"$argon2id$v=19$m=19456,t=2,p=1$eArnrLW1/rRzVwcR87bxEw$2A/rMWXO2MalZdh5hd4gbWYexoYip6qPZDyC0jg96MM",Sugandha Mahanta,student,,t,M.Tech. DS,2cb67d42-3181-4e43-b7ea-0897c9433509,2026-09-07 02:00:06.879652+00,2026-09-07 02:00:06.879652+00,2026,,M.Tech. DS
suhani.mahashabde@mcc.edu.in,"$argon2id$v=19$m=19456,t=2,p=1$eArnrLW1/rRzVwcR87bxEw$2A/rMWXO2MalZdh5hd4gbWYexoYip6qPZDyC0jg96MM",Suhani Mahashabde,student,,t,M.Tech. DS,2cb67d42-3181-4e43-b7ea-0897c9433509,2026-09-07 02:00:06.879652+00,2026-09-07 02:00:06.879652+00,2027,,M.Tech. DS
sujata.maiti@mcc.edu.in,"$argon2id$v=19$m=19456,t=2,p=1$eArnrLW1/rRzVwcR87bxEw$2A/rMWXO2MalZdh5hd4gbWYexoYip6qPZDyC0jg96MM",Sujata Maiti,student,,t,M.Tech. DS,2cb67d42-3181-4e43-b7ea-0897c9433509,2026-09-07 02:00:06.879652+00,2026-09-07 02:00:06.879652+00,2027,,M.Tech. DS
sujay.lavakare@mcc.edu.in,"$argon2id$v=19$m=19456,t=2,p=1$eArnrLW1/rRzVwcR87bxEw$2A/rMWXO2MalZdh5hd4gbWYexoYip6qPZDyC0jg96MM",Sujay Lavakare,student,,t,B.E. CSE,2cb67d42-3181-4e43-b7ea-0897c9433509,2026-09-07 02:00:06.879652+00,2026-09-07 02:00:06.879652+00,2028,,B.E. CSE
sujit.limaye@mcc.edu.in,"$argon2id$v=19$m=19456,t=2,p=1$eArnrLW1/rRzVwcR87bxEw$2A/rMWXO2MalZdh5hd4gbWYexoYip6qPZDyC0jg96MM",Sujit Limaye,student,,t,B.E. CSE,2cb67d42-3181-4e43-b7ea-0897c9433509,2026-09-07 02:00:06.879652+00,2026-09-07 02:00:06.879652+00,2028,,B.E. CSE
sukanya.majumdar@mcc.edu.in,"$argon2id$v=19$m=19456,t=2,p=1$eArnrLW1/rRzVwcR87bxEw$2A/rMWXO2MalZdh5hd4gbWYexoYip6qPZDyC0jg96MM",Sukanya Majumdar,student,,t,M.Tech. DS,2cb67d42-3181-4e43-b7ea-0897c9433509,2026-09-07 02:00:06.879652+00,2026-09-07 02:00:06.879652+00,2027,,M.Tech. DS
suman.lohani@mcc.edu.in,"$argon2id$v=19$m=19456,t=2,p=1$eArnrLW1/rRzVwcR87bxEw$2A/rMWXO2MalZdh5hd4gbWYexoYip6qPZDyC0jg96MM",Suman Lohani,student,,t,B.E. CSE,2cb67d42-3181-4e43-b7ea-0897c9433509,2026-09-07 02:00:06.879652+00,2026-09-07 02:00:06.879652+00,2028,,B.E. CSE
sumati.malani@mcc.edu.in,"$argon2id$v=19$m=19456,t=2,p=1$eArnrLW1/rRzVwcR87bxEw$2A/rMWXO2MalZdh5hd4gbWYexoYip6qPZDyC0jg96MM",Sumati Malani,student,,t,M.Tech. DS,2cb67d42-3181-4e43-b7ea-0897c9433509,2026-09-07 02:00:06.879652+00,2026-09-07 02:00:06.879652+00,2027,,M.Tech. DS
sumit.lulla@mcc.edu.in,"$argon2id$v=19$m=19456,t=2,p=1$eArnrLW1/rRzVwcR87bxEw$2A/rMWXO2MalZdh5hd4gbWYexoYip6qPZDyC0jg96MM",Sumit Lulla,student,,t,B.E. CSE,2cb67d42-3181-4e43-b7ea-0897c9433509,2026-09-07 02:00:06.879652+00,2026-09-07 02:00:06.879652+00,2028,,B.E. CSE
sunaina.mallick@mcc.edu.in,"$argon2id$v=19$m=19456,t=2,p=1$eArnrLW1/rRzVwcR87bxEw$2A/rMWXO2MalZdh5hd4gbWYexoYip6qPZDyC0jg96MM",Sunaina Mallick,student,,t,M.Tech. DS,2cb67d42-3181-4e43-b7ea-0897c9433509,2026-09-07 02:00:06.879652+00,2026-09-07 02:00:06.879652+00,2027,,M.Tech. DS
sunder.machado@mcc.edu.in,"$argon2id$v=19$m=19456,t=2,p=1$eArnrLW1/rRzVwcR87bxEw$2A/rMWXO2MalZdh5hd4gbWYexoYip6qPZDyC0jg96MM",Sunder Machado,student,,t,M.Tech. DS,2cb67d42-3181-4e43-b7ea-0897c9433509,2026-09-07 02:00:06.879652+00,2026-09-07 02:00:06.879652+00,2026,,M.Tech. DS
sunil.madhok@mcc.edu.in,"$argon2id$v=19$m=19456,t=2,p=1$eArnrLW1/rRzVwcR87bxEw$2A/rMWXO2MalZdh5hd4gbWYexoYip6qPZDyC0jg96MM",Sunil Madhok,student,,t,M.Tech. DS,2cb67d42-3181-4e43-b7ea-0897c9433509,2026-09-07 02:00:06.879652+00,2026-09-07 02:00:06.879652+00,2026,,M.Tech. DS
sunita.malpani@mcc.edu.in,"$argon2id$v=19$m=19456,t=2,p=1$eArnrLW1/rRzVwcR87bxEw$2A/rMWXO2MalZdh5hd4gbWYexoYip6qPZDyC0jg96MM",Sunita Malpani,student,,t,M.Tech. DS,2cb67d42-3181-4e43-b7ea-0897c9433509,2026-09-07 02:00:06.879652+00,2026-09-07 02:00:06.879652+00,2028,,M.Tech. DS
sunny.mahadevan@mcc.edu.in,"$argon2id$v=19$m=19456,t=2,p=1$eArnrLW1/rRzVwcR87bxEw$2A/rMWXO2MalZdh5hd4gbWYexoYip6qPZDyC0jg96MM",Sunny Mahadevan,student,,t,M.Tech. DS,2cb67d42-3181-4e43-b7ea-0897c9433509,2026-09-07 02:00:06.879652+00,2026-09-07 02:00:06.879652+00,2026,,M.Tech. DS
supriya.manaktala@mcc.edu.in,"$argon2id$v=19$m=19456,t=2,p=1$eArnrLW1/rRzVwcR87bxEw$2A/rMWXO2MalZdh5hd4gbWYexoYip6qPZDyC0jg96MM",Supriya Manaktala,student,,t,M.Tech. DS,2cb67d42-3181-4e43-b7ea-0897c9433509,2026-09-07 02:00:06.879652+00,2026-09-07 02:00:06.879652+00,2028,,M.Tech. DS
suraj.mahale@mcc.edu.in,"$argon2id$v=19$m=19456,t=2,p=1$eArnrLW1/rRzVwcR87bxEw$2A/rMWXO2MalZdh5hd4gbWYexoYip6qPZDyC0jg96MM",Suraj Mahale,student,,t,M.Tech. DS,2cb67d42-3181-4e43-b7ea-0897c9433509,2026-09-07 02:00:06.879652+00,2026-09-07 02:00:06.879652+00,2026,,M.Tech. DS
surbhi.mandal@mcc.edu.in,"$argon2id$v=19$m=19456,t=2,p=1$eArnrLW1/rRzVwcR87bxEw$2A/rMWXO2MalZdh5hd4gbWYexoYip6qPZDyC0jg96MM",Surbhi Mandal,student,,t,M.Tech. DS,2cb67d42-3181-4e43-b7ea-0897c9433509,2026-09-07 02:00:06.879652+00,2026-09-07 02:00:06.879652+00,2028,,M.Tech. DS
surekha.mandke@mcc.edu.in,"$argon2id$v=19$m=19456,t=2,p=1$eArnrLW1/rRzVwcR87bxEw$2A/rMWXO2MalZdh5hd4gbWYexoYip6qPZDyC0jg96MM",Surekha Mandke,student,,t,M.Tech. DS,2cb67d42-3181-4e43-b7ea-0897c9433509,2026-09-07 02:00:06.879652+00,2026-09-07 02:00:06.879652+00,2028,,M.Tech. DS
suresh.mahapatra@mcc.edu.in,"$argon2id$v=19$m=19456,t=2,p=1$eArnrLW1/rRzVwcR87bxEw$2A/rMWXO2MalZdh5hd4gbWYexoYip6qPZDyC0jg96MM",Suresh Mahapatra,student,,t,M.Tech. DS,2cb67d42-3181-4e43-b7ea-0897c9433509,2026-09-07 02:00:06.879652+00,2026-09-07 02:00:06.879652+00,2026,,M.Tech. DS
suruchi.mangeshkar@mcc.edu.in,"$argon2id$v=19$m=19456,t=2,p=1$eArnrLW1/rRzVwcR87bxEw$2A/rMWXO2MalZdh5hd4gbWYexoYip6qPZDyC0jg96MM",Suruchi Mangeshkar,student,,t,M.Tech. DS,2cb67d42-3181-4e43-b7ea-0897c9433509,2026-09-07 02:00:06.879652+00,2026-09-07 02:00:06.879652+00,2028,,M.Tech. DS
suryakant.maitra@mcc.edu.in,"$argon2id$v=19$m=19456,t=2,p=1$eArnrLW1/rRzVwcR87bxEw$2A/rMWXO2MalZdh5hd4gbWYexoYip6qPZDyC0jg96MM",Suryakant Maitra,student,,t,M.Tech. DS,2cb67d42-3181-4e43-b7ea-0897c9433509,2026-09-07 02:00:06.879652+00,2026-09-07 02:00:06.879652+00,2027,,M.Tech. DS
surya.maheshwari@mcc.edu.in,"$argon2id$v=19$m=19456,t=2,p=1$eArnrLW1/rRzVwcR87bxEw$2A/rMWXO2MalZdh5hd4gbWYexoYip6qPZDyC0jg96MM",Surya Maheshwari,student,,t,M.Tech. DS,2cb67d42-3181-4e43-b7ea-0897c9433509,2026-09-07 02:00:06.879652+00,2026-09-07 02:00:06.879652+00,2027,,M.Tech. DS
sushant.makhija@mcc.edu.in,"$argon2id$v=19$m=19456,t=2,p=1$eArnrLW1/rRzVwcR87bxEw$2A/rMWXO2MalZdh5hd4gbWYexoYip6qPZDyC0jg96MM",Sushant Makhija,student,,t,M.Tech. DS,2cb67d42-3181-4e43-b7ea-0897c9433509,2026-09-07 02:00:06.879652+00,2026-09-07 02:00:06.879652+00,2027,,M.Tech. DS
sushil.malhotra@mcc.edu.in,"$argon2id$v=19$m=19456,t=2,p=1$eArnrLW1/rRzVwcR87bxEw$2A/rMWXO2MalZdh5hd4gbWYexoYip6qPZDyC0jg96MM",Sushil Malhotra,student,,t,M.Tech. DS,2cb67d42-3181-4e43-b7ea-0897c9433509,2026-09-07 02:00:06.879652+00,2026-09-07 02:00:06.879652+00,2027,,M.Tech. DS
sushma.manjrekar@mcc.edu.in,"$argon2id$v=19$m=19456,t=2,p=1$eArnrLW1/rRzVwcR87bxEw$2A/rMWXO2MalZdh5hd4gbWYexoYip6qPZDyC0jg96MM",Sushma Manjrekar,student,,t,BBA,2cb67d42-3181-4e43-b7ea-0897c9433509,2026-09-07 02:00:06.879652+00,2026-09-07 02:00:06.879652+00,2026,,BBA
swami.mallya@mcc.edu.in,"$argon2id$v=19$m=19456,t=2,p=1$eArnrLW1/rRzVwcR87bxEw$2A/rMWXO2MalZdh5hd4gbWYexoYip6qPZDyC0jg96MM",Swami Mallya,student,,t,M.Tech. DS,2cb67d42-3181-4e43-b7ea-0897c9433509,2026-09-07 02:00:06.879652+00,2026-09-07 02:00:06.879652+00,2027,,M.Tech. DS
swapnil.mammen@mcc.edu.in,"$argon2id$v=19$m=19456,t=2,p=1$eArnrLW1/rRzVwcR87bxEw$2A/rMWXO2MalZdh5hd4gbWYexoYip6qPZDyC0jg96MM",Swapnil Mammen,student,,t,M.Tech. DS,2cb67d42-3181-4e43-b7ea-0897c9433509,2026-09-07 02:00:06.879652+00,2026-09-07 02:00:06.879652+00,2028,,M.Tech. DS
swaroop.manchanda@mcc.edu.in,"$argon2id$v=19$m=19456,t=2,p=1$eArnrLW1/rRzVwcR87bxEw$2A/rMWXO2MalZdh5hd4gbWYexoYip6qPZDyC0jg96MM",Swaroop Manchanda,student,,t,M.Tech. DS,2cb67d42-3181-4e43-b7ea-0897c9433509,2026-09-07 02:00:06.879652+00,2026-09-07 02:00:06.879652+00,2028,,M.Tech. DS
swati.manoharan@mcc.edu.in,"$argon2id$v=19$m=19456,t=2,p=1$eArnrLW1/rRzVwcR87bxEw$2A/rMWXO2MalZdh5hd4gbWYexoYip6qPZDyC0jg96MM",Swati Manoharan,student,,t,BBA,2cb67d42-3181-4e43-b7ea-0897c9433509,2026-09-07 02:00:06.879652+00,2026-09-07 02:00:06.879652+00,2026,,BBA
swetha.marathe@mcc.edu.in,"$argon2id$v=19$m=19456,t=2,p=1$eArnrLW1/rRzVwcR87bxEw$2A/rMWXO2MalZdh5hd4gbWYexoYip6qPZDyC0jg96MM",Swetha Marathe,student,,t,BBA,2cb67d42-3181-4e43-b7ea-0897c9433509,2026-09-07 02:00:06.879652+00,2026-09-07 02:00:06.879652+00,2026,,BBA
tanay.mande@mcc.edu.in,"$argon2id$v=19$m=19456,t=2,p=1$eArnrLW1/rRzVwcR87bxEw$2A/rMWXO2MalZdh5hd4gbWYexoYip6qPZDyC0jg96MM",Tanay Mande,student,,t,M.Tech. DS,2cb67d42-3181-4e43-b7ea-0897c9433509,2026-09-07 02:00:06.879652+00,2026-09-07 02:00:06.879652+00,2028,,M.Tech. DS
tanmay.mane@mcc.edu.in,"$argon2id$v=19$m=19456,t=2,p=1$eArnrLW1/rRzVwcR87bxEw$2A/rMWXO2MalZdh5hd4gbWYexoYip6qPZDyC0jg96MM",Tanmay Mane,student,,t,M.Tech. DS,2cb67d42-3181-4e43-b7ea-0897c9433509,2026-09-07 02:00:06.879652+00,2026-09-07 02:00:06.879652+00,2028,,M.Tech. DS
tanvi.mashelkar@mcc.edu.in,"$argon2id$v=19$m=19456,t=2,p=1$eArnrLW1/rRzVwcR87bxEw$2A/rMWXO2MalZdh5hd4gbWYexoYip6qPZDyC0jg96MM",Tanvi Mashelkar,student,,t,BBA,2cb67d42-3181-4e43-b7ea-0897c9433509,2026-09-07 02:00:06.879652+00,2026-09-07 02:00:06.879652+00,2026,,BBA
tanya.mathew@mcc.edu.in,"$argon2id$v=19$m=19456,t=2,p=1$eArnrLW1/rRzVwcR87bxEw$2A/rMWXO2MalZdh5hd4gbWYexoYip6qPZDyC0jg96MM",Tanya Mathew,student,,t,BBA,2cb67d42-3181-4e43-b7ea-0897c9433509,2026-09-07 02:00:06.879652+00,2026-09-07 02:00:06.879652+00,2026,,BBA
tapan.mani@mcc.edu.in,"$argon2id$v=19$m=19456,t=2,p=1$eArnrLW1/rRzVwcR87bxEw$2A/rMWXO2MalZdh5hd4gbWYexoYip6qPZDyC0jg96MM",Tapan Mani,student,,t,M.Tech. DS,2cb67d42-3181-4e43-b7ea-0897c9433509,2026-09-07 02:00:06.879652+00,2026-09-07 02:00:06.879652+00,2028,,M.Tech. DS
tara.matthan@mcc.edu.in,"$argon2id$v=19$m=19456,t=2,p=1$eArnrLW1/rRzVwcR87bxEw$2A/rMWXO2MalZdh5hd4gbWYexoYip6qPZDyC0jg96MM",Tara Matthan,student,,t,BBA,2cb67d42-3181-4e43-b7ea-0897c9433509,2026-09-07 02:00:06.879652+00,2026-09-07 02:00:06.879652+00,2027,,BBA
tarun.mankad@mcc.edu.in,"$argon2id$v=19$m=19456,t=2,p=1$eArnrLW1/rRzVwcR87bxEw$2A/rMWXO2MalZdh5hd4gbWYexoYip6qPZDyC0jg96MM",Tarun Mankad,student,,t,BBA,2cb67d42-3181-4e43-b7ea-0897c9433509,2026-09-07 02:00:06.879652+00,2026-09-07 02:00:06.879652+00,2026,,BBA
teena.mayekar@mcc.edu.in,"$argon2id$v=19$m=19456,t=2,p=1$eArnrLW1/rRzVwcR87bxEw$2A/rMWXO2MalZdh5hd4gbWYexoYip6qPZDyC0jg96MM",Teena Mayekar,student,,t,BBA,2cb67d42-3181-4e43-b7ea-0897c9433509,2026-09-07 02:00:06.879652+00,2026-09-07 02:00:06.879652+00,2027,,BBA
tejas.mansukhani@mcc.edu.in,"$argon2id$v=19$m=19456,t=2,p=1$eArnrLW1/rRzVwcR87bxEw$2A/rMWXO2MalZdh5hd4gbWYexoYip6qPZDyC0jg96MM",Tejas Mansukhani,student,,t,BBA,2cb67d42-3181-4e43-b7ea-0897c9433509,2026-09-07 02:00:06.879652+00,2026-09-07 02:00:06.879652+00,2026,,BBA
tejaswi.medhekar@mcc.edu.in,"$argon2id$v=19$m=19456,t=2,p=1$eArnrLW1/rRzVwcR87bxEw$2A/rMWXO2MalZdh5hd4gbWYexoYip6qPZDyC0jg96MM",Tejaswi Medhekar,student,,t,BBA,2cb67d42-3181-4e43-b7ea-0897c9433509,2026-09-07 02:00:06.879652+00,2026-09-07 02:00:06.879652+00,2027,,BBA
trilok.marwah@mcc.edu.in,"$argon2id$v=19$m=19456,t=2,p=1$eArnrLW1/rRzVwcR87bxEw$2A/rMWXO2MalZdh5hd4gbWYexoYip6qPZDyC0jg96MM",Trilok Marwah,student,,t,BBA,2cb67d42-3181-4e43-b7ea-0897c9433509,2026-09-07 02:00:06.879652+00,2026-09-07 02:00:06.879652+00,2026,,BBA
trisha.mehra@mcc.edu.in,"$argon2id$v=19$m=19456,t=2,p=1$eArnrLW1/rRzVwcR87bxEw$2A/rMWXO2MalZdh5hd4gbWYexoYip6qPZDyC0jg96MM",Trisha Mehra,student,,t,BBA,2cb67d42-3181-4e43-b7ea-0897c9433509,2026-09-07 02:00:06.879652+00,2026-09-07 02:00:06.879652+00,2027,,BBA
trupti.mehta@mcc.edu.in,"$argon2id$v=19$m=19456,t=2,p=1$eArnrLW1/rRzVwcR87bxEw$2A/rMWXO2MalZdh5hd4gbWYexoYip6qPZDyC0jg96MM",Trupti Mehta,student,,t,BBA,2cb67d42-3181-4e43-b7ea-0897c9433509,2026-09-07 02:00:06.879652+00,2026-09-07 02:00:06.879652+00,2027,,BBA
tulsi.merchant@mcc.edu.in,"$argon2id$v=19$m=19456,t=2,p=1$eArnrLW1/rRzVwcR87bxEw$2A/rMWXO2MalZdh5hd4gbWYexoYip6qPZDyC0jg96MM",Tulsi Merchant,student,,t,BBA,2cb67d42-3181-4e43-b7ea-0897c9433509,2026-09-07 02:00:06.879652+00,2026-09-07 02:00:06.879652+00,2028,,BBA
tushar.masrani@mcc.edu.in,"$argon2id$v=19$m=19456,t=2,p=1$eArnrLW1/rRzVwcR87bxEw$2A/rMWXO2MalZdh5hd4gbWYexoYip6qPZDyC0jg96MM",Tushar Masrani,student,,t,BBA,2cb67d42-3181-4e43-b7ea-0897c9433509,2026-09-07 02:00:06.879652+00,2026-09-07 02:00:06.879652+00,2026,,BBA
uday.mathur@mcc.edu.in,"$argon2id$v=19$m=19456,t=2,p=1$eArnrLW1/rRzVwcR87bxEw$2A/rMWXO2MalZdh5hd4gbWYexoYip6qPZDyC0jg96MM",Uday Mathur,student,,t,BBA,2cb67d42-3181-4e43-b7ea-0897c9433509,2026-09-07 02:00:06.879652+00,2026-09-07 02:00:06.879652+00,2026,,BBA
udit.mavalankar@mcc.edu.in,"$argon2id$v=19$m=19456,t=2,p=1$eArnrLW1/rRzVwcR87bxEw$2A/rMWXO2MalZdh5hd4gbWYexoYip6qPZDyC0jg96MM",Udit Mavalankar,student,,t,BBA,2cb67d42-3181-4e43-b7ea-0897c9433509,2026-09-07 02:00:06.879652+00,2026-09-07 02:00:06.879652+00,2027,,BBA
ujjwal.mazumdar@mcc.edu.in,"$argon2id$v=19$m=19456,t=2,p=1$eArnrLW1/rRzVwcR87bxEw$2A/rMWXO2MalZdh5hd4gbWYexoYip6qPZDyC0jg96MM",Ujjwal Mazumdar,student,,t,BBA,2cb67d42-3181-4e43-b7ea-0897c9433509,2026-09-07 02:00:06.879652+00,2026-09-07 02:00:06.879652+00,2027,,BBA
uma.mirchandani@mcc.edu.in,"$argon2id$v=19$m=19456,t=2,p=1$eArnrLW1/rRzVwcR87bxEw$2A/rMWXO2MalZdh5hd4gbWYexoYip6qPZDyC0jg96MM",Uma Mirchandani,student,,t,BBA,2cb67d42-3181-4e43-b7ea-0897c9433509,2026-09-07 02:00:06.879652+00,2026-09-07 02:00:06.879652+00,2028,,BBA
umang.mehrotra@mcc.edu.in,"$argon2id$v=19$m=19456,t=2,p=1$eArnrLW1/rRzVwcR87bxEw$2A/rMWXO2MalZdh5hd4gbWYexoYip6qPZDyC0jg96MM",Umang Mehrotra,student,,t,BBA,2cb67d42-3181-4e43-b7ea-0897c9433509,2026-09-07 02:00:06.879652+00,2026-09-07 02:00:06.879652+00,2027,,BBA
umesh.mehendale@mcc.edu.in,"$argon2id$v=19$m=19456,t=2,p=1$eArnrLW1/rRzVwcR87bxEw$2A/rMWXO2MalZdh5hd4gbWYexoYip6qPZDyC0jg96MM",Umesh Mehendale,student,,t,BBA,2cb67d42-3181-4e43-b7ea-0897c9433509,2026-09-07 02:00:06.879652+00,2026-09-07 02:00:06.879652+00,2027,,BBA
upasana.mirikar@mcc.edu.in,"$argon2id$v=19$m=19456,t=2,p=1$eArnrLW1/rRzVwcR87bxEw$2A/rMWXO2MalZdh5hd4gbWYexoYip6qPZDyC0jg96MM",Upasana Mirikar,student,,t,BBA,2cb67d42-3181-4e43-b7ea-0897c9433509,2026-09-07 02:00:06.879652+00,2026-09-07 02:00:06.879652+00,2028,,BBA
upendra.menezes@mcc.edu.in,"$argon2id$v=19$m=19456,t=2,p=1$eArnrLW1/rRzVwcR87bxEw$2A/rMWXO2MalZdh5hd4gbWYexoYip6qPZDyC0jg96MM",Upendra Menezes,student,,t,BBA,2cb67d42-3181-4e43-b7ea-0897c9433509,2026-09-07 02:00:06.879652+00,2026-09-07 02:00:06.879652+00,2027,,BBA
urvashi.mishra@mcc.edu.in,"$argon2id$v=19$m=19456,t=2,p=1$eArnrLW1/rRzVwcR87bxEw$2A/rMWXO2MalZdh5hd4gbWYexoYip6qPZDyC0jg96MM",Urvashi Mishra,student,,t,BBA,2cb67d42-3181-4e43-b7ea-0897c9433509,2026-09-07 02:00:06.879652+00,2026-09-07 02:00:06.879652+00,2028,,BBA
usha.mistry@mcc.edu.in,"$argon2id$v=19$m=19456,t=2,p=1$eArnrLW1/rRzVwcR87bxEw$2A/rMWXO2MalZdh5hd4gbWYexoYip6qPZDyC0jg96MM",Usha Mistry,student,,t,BBA,2cb67d42-3181-4e43-b7ea-0897c9433509,2026-09-07 02:00:06.879652+00,2026-09-07 02:00:06.879652+00,2028,,BBA
utkarsh.mhatre@mcc.edu.in,"$argon2id$v=19$m=19456,t=2,p=1$eArnrLW1/rRzVwcR87bxEw$2A/rMWXO2MalZdh5hd4gbWYexoYip6qPZDyC0jg96MM",Utkarsh Mhatre,student,,t,BBA,2cb67d42-3181-4e43-b7ea-0897c9433509,2026-09-07 02:00:06.879652+00,2026-09-07 02:00:06.879652+00,2028,,BBA
uttam.mirdha@mcc.edu.in,"$argon2id$v=19$m=19456,t=2,p=1$eArnrLW1/rRzVwcR87bxEw$2A/rMWXO2MalZdh5hd4gbWYexoYip6qPZDyC0jg96MM",Uttam Mirdha,student,,t,BBA,2cb67d42-3181-4e43-b7ea-0897c9433509,2026-09-07 02:00:06.879652+00,2026-09-07 02:00:06.879652+00,2028,,BBA
uttara.mittal@presidency.edu.in,"$argon2id$v=19$m=19456,t=2,p=1$eArnrLW1/rRzVwcR87bxEw$2A/rMWXO2MalZdh5hd4gbWYexoYip6qPZDyC0jg96MM",Uttara Mittal,faculty,,t,B.Sc. Biochem,785e7c89-2068-4c2c-8790-dbcf18b64a4a,2026-09-07 02:00:06.879652+00,2026-09-07 02:00:06.879652+00,,,B.Sc. Biochem
vaibhavi.modi@presidency.edu.in,"$argon2id$v=19$m=19456,t=2,p=1$eArnrLW1/rRzVwcR87bxEw$2A/rMWXO2MalZdh5hd4gbWYexoYip6qPZDyC0jg96MM",Vaibhavi Modi,faculty,,t,B.E. CSE,785e7c89-2068-4c2c-8790-dbcf18b64a4a,2026-09-07 02:00:06.879652+00,2026-09-07 02:00:06.879652+00,,,B.E. CSE
vaibhav.mirza@mcc.edu.in,"$argon2id$v=19$m=19456,t=2,p=1$eArnrLW1/rRzVwcR87bxEw$2A/rMWXO2MalZdh5hd4gbWYexoYip6qPZDyC0jg96MM",Vaibhav Mirza,student,,t,BBA,2cb67d42-3181-4e43-b7ea-0897c9433509,2026-09-07 02:00:06.879652+00,2026-09-07 02:00:06.879652+00,2028,,BBA
vaishali.moghe@presidency.edu.in,"$argon2id$v=19$m=19456,t=2,p=1$eArnrLW1/rRzVwcR87bxEw$2A/rMWXO2MalZdh5hd4gbWYexoYip6qPZDyC0jg96MM",Vaishali Moghe,faculty,,t,BBA,785e7c89-2068-4c2c-8790-dbcf18b64a4a,2026-09-07 02:00:06.879652+00,2026-09-07 02:00:06.879652+00,,,BBA
vaishnavi.mohanty@presidency.edu.in,"$argon2id$v=19$m=19456,t=2,p=1$eArnrLW1/rRzVwcR87bxEw$2A/rMWXO2MalZdh5hd4gbWYexoYip6qPZDyC0jg96MM",Vaishnavi Mohanty,student,,t,B.Sc. Biochem,785e7c89-2068-4c2c-8790-dbcf18b64a4a,2026-09-07 02:00:06.879652+00,2026-09-07 02:00:06.879652+00,2026,,B.Sc. Biochem
valmiki.misra@mcc.edu.in,"$argon2id$v=19$m=19456,t=2,p=1$eArnrLW1/rRzVwcR87bxEw$2A/rMWXO2MalZdh5hd4gbWYexoYip6qPZDyC0jg96MM",Valmiki Misra,student,,t,BBA,2cb67d42-3181-4e43-b7ea-0897c9433509,2026-09-07 02:00:06.879652+00,2026-09-07 02:00:06.879652+00,2028,,BBA
vandana.mohite@presidency.edu.in,"$argon2id$v=19$m=19456,t=2,p=1$eArnrLW1/rRzVwcR87bxEw$2A/rMWXO2MalZdh5hd4gbWYexoYip6qPZDyC0jg96MM",Vandana Mohite,student,,t,B.Sc. Biochem,785e7c89-2068-4c2c-8790-dbcf18b64a4a,2026-09-07 02:00:06.879652+00,2026-09-07 02:00:06.879652+00,2026,,B.Sc. Biochem
vanita.mokashi@presidency.edu.in,"$argon2id$v=19$m=19456,t=2,p=1$eArnrLW1/rRzVwcR87bxEw$2A/rMWXO2MalZdh5hd4gbWYexoYip6qPZDyC0jg96MM",Vanita Mokashi,student,,t,B.Sc. Biochem,785e7c89-2068-4c2c-8790-dbcf18b64a4a,2026-09-07 02:00:06.879652+00,2026-09-07 02:00:06.879652+00,2026,,B.Sc. Biochem
varsha.moolgaokar@presidency.edu.in,"$argon2id$v=19$m=19456,t=2,p=1$eArnrLW1/rRzVwcR87bxEw$2A/rMWXO2MalZdh5hd4gbWYexoYip6qPZDyC0jg96MM",Varsha Moolgaokar,student,,t,B.Sc. Biochem,785e7c89-2068-4c2c-8790-dbcf18b64a4a,2026-09-07 02:00:06.879652+00,2026-09-07 02:00:06.879652+00,2026,,B.Sc. Biochem
varun.mitra@mcc.edu.in,"$argon2id$v=19$m=19456,t=2,p=1$eArnrLW1/rRzVwcR87bxEw$2A/rMWXO2MalZdh5hd4gbWYexoYip6qPZDyC0jg96MM",Varun Mitra,student,,t,BBA,2cb67d42-3181-4e43-b7ea-0897c9433509,2026-09-07 02:00:06.879652+00,2026-09-07 02:00:06.879652+00,2028,,BBA
vasant.modak@presidency.edu.in,"$argon2id$v=19$m=19456,t=2,p=1$eArnrLW1/rRzVwcR87bxEw$2A/rMWXO2MalZdh5hd4gbWYexoYip6qPZDyC0jg96MM",Vasant Modak,faculty,,t,M.Sc. Maths,785e7c89-2068-4c2c-8790-dbcf18b64a4a,2026-09-07 02:00:06.879652+00,2026-09-07 02:00:06.879652+00,,,M.Sc. Maths
vasu.mody@presidency.edu.in,"$argon2id$v=19$m=19456,t=2,p=1$eArnrLW1/rRzVwcR87bxEw$2A/rMWXO2MalZdh5hd4gbWYexoYip6qPZDyC0jg96MM",Vasu Mody,faculty,,t,M.Tech. DS,785e7c89-2068-4c2c-8790-dbcf18b64a4a,2026-09-07 02:00:06.879652+00,2026-09-07 02:00:06.879652+00,,,M.Tech. DS
veda.morparia@presidency.edu.in,"$argon2id$v=19$m=19456,t=2,p=1$eArnrLW1/rRzVwcR87bxEw$2A/rMWXO2MalZdh5hd4gbWYexoYip6qPZDyC0jg96MM",Veda Morparia,student,,t,B.Sc. Biochem,785e7c89-2068-4c2c-8790-dbcf18b64a4a,2026-09-07 02:00:06.879652+00,2026-09-07 02:00:06.879652+00,2026,,B.Sc. Biochem
vedant.mohapatra@presidency.edu.in,"$argon2id$v=19$m=19456,t=2,p=1$eArnrLW1/rRzVwcR87bxEw$2A/rMWXO2MalZdh5hd4gbWYexoYip6qPZDyC0jg96MM",Vedant Mohapatra,student,,t,B.Sc. Biochem,785e7c89-2068-4c2c-8790-dbcf18b64a4a,2026-09-07 02:00:06.879652+00,2026-09-07 02:00:06.879652+00,2026,,B.Sc. Biochem
vedika.moulik@presidency.edu.in,"$argon2id$v=19$m=19456,t=2,p=1$eArnrLW1/rRzVwcR87bxEw$2A/rMWXO2MalZdh5hd4gbWYexoYip6qPZDyC0jg96MM",Vedika Moulik,student,,t,B.Sc. Biochem,785e7c89-2068-4c2c-8790-dbcf18b64a4a,2026-09-07 02:00:06.879652+00,2026-09-07 02:00:06.879652+00,2027,,B.Sc. Biochem
ved.mohan@presidency.edu.in,"$argon2id$v=19$m=19456,t=2,p=1$eArnrLW1/rRzVwcR87bxEw$2A/rMWXO2MalZdh5hd4gbWYexoYip6qPZDyC0jg96MM",Ved Mohan,student,,t,B.Sc. Biochem,785e7c89-2068-4c2c-8790-dbcf18b64a4a,2026-09-07 02:00:06.879652+00,2026-09-07 02:00:06.879652+00,2026,,B.Sc. Biochem
veer.moidu@presidency.edu.in,"$argon2id$v=19$m=19456,t=2,p=1$eArnrLW1/rRzVwcR87bxEw$2A/rMWXO2MalZdh5hd4gbWYexoYip6qPZDyC0jg96MM",Veer Moidu,student,,t,B.Sc. Biochem,785e7c89-2068-4c2c-8790-dbcf18b64a4a,2026-09-07 02:00:06.879652+00,2026-09-07 02:00:06.879652+00,2026,,B.Sc. Biochem
venkatesh.moorthy@presidency.edu.in,"$argon2id$v=19$m=19456,t=2,p=1$eArnrLW1/rRzVwcR87bxEw$2A/rMWXO2MalZdh5hd4gbWYexoYip6qPZDyC0jg96MM",Venkatesh Moorthy,student,,t,B.Sc. Biochem,785e7c89-2068-4c2c-8790-dbcf18b64a4a,2026-09-07 02:00:06.879652+00,2026-09-07 02:00:06.879652+00,2026,,B.Sc. Biochem
vicky.morarka@presidency.edu.in,"$argon2id$v=19$m=19456,t=2,p=1$eArnrLW1/rRzVwcR87bxEw$2A/rMWXO2MalZdh5hd4gbWYexoYip6qPZDyC0jg96MM",Vicky Morarka,student,,t,B.Sc. Biochem,785e7c89-2068-4c2c-8790-dbcf18b64a4a,2026-09-07 02:00:06.879652+00,2026-09-07 02:00:06.879652+00,2026,,B.Sc. Biochem
vidhi.mudholkar@presidency.edu.in,"$argon2id$v=19$m=19456,t=2,p=1$eArnrLW1/rRzVwcR87bxEw$2A/rMWXO2MalZdh5hd4gbWYexoYip6qPZDyC0jg96MM",Vidhi Mudholkar,student,,t,B.Sc. Biochem,785e7c89-2068-4c2c-8790-dbcf18b64a4a,2026-09-07 02:00:06.879652+00,2026-09-07 02:00:06.879652+00,2027,,B.Sc. Biochem
vidur.motwani@presidency.edu.in,"$argon2id$v=19$m=19456,t=2,p=1$eArnrLW1/rRzVwcR87bxEw$2A/rMWXO2MalZdh5hd4gbWYexoYip6qPZDyC0jg96MM",Vidur Motwani,student,,t,B.Sc. Biochem,785e7c89-2068-4c2c-8790-dbcf18b64a4a,2026-09-07 02:00:06.879652+00,2026-09-07 02:00:06.879652+00,2027,,B.Sc. Biochem
vidyadhar.mudaliar@presidency.edu.in,"$argon2id$v=19$m=19456,t=2,p=1$eArnrLW1/rRzVwcR87bxEw$2A/rMWXO2MalZdh5hd4gbWYexoYip6qPZDyC0jg96MM",Vidyadhar Mudaliar,student,,t,B.Sc. Biochem,785e7c89-2068-4c2c-8790-dbcf18b64a4a,2026-09-07 02:00:06.879652+00,2026-09-07 02:00:06.879652+00,2027,,B.Sc. Biochem
vidya.mukhopadhyay@presidency.edu.in,"$argon2id$v=19$m=19456,t=2,p=1$eArnrLW1/rRzVwcR87bxEw$2A/rMWXO2MalZdh5hd4gbWYexoYip6qPZDyC0jg96MM",Vidya Mukhopadhyay,student,,t,B.Sc. Biochem,785e7c89-2068-4c2c-8790-dbcf18b64a4a,2026-09-07 02:00:06.879652+00,2026-09-07 02:00:06.879652+00,2027,,B.Sc. Biochem
vijaya.mulgaonkar@presidency.edu.in,"$argon2id$v=19$m=19456,t=2,p=1$eArnrLW1/rRzVwcR87bxEw$2A/rMWXO2MalZdh5hd4gbWYexoYip6qPZDyC0jg96MM",Vijaya Mulgaonkar,student,,t,B.Sc. Biochem,785e7c89-2068-4c2c-8790-dbcf18b64a4a,2026-09-07 02:00:06.879652+00,2026-09-07 02:00:06.879652+00,2027,,B.Sc. Biochem
vijay.mukherjee@presidency.edu.in,"$argon2id$v=19$m=19456,t=2,p=1$eArnrLW1/rRzVwcR87bxEw$2A/rMWXO2MalZdh5hd4gbWYexoYip6qPZDyC0jg96MM",Vijay Mukherjee,student,,t,B.Sc. Biochem,785e7c89-2068-4c2c-8790-dbcf18b64a4a,2026-09-07 02:00:06.879652+00,2026-09-07 02:00:06.879652+00,2027,,B.Sc. Biochem
vikas.mulchandani@presidency.edu.in,"$argon2id$v=19$m=19456,t=2,p=1$eArnrLW1/rRzVwcR87bxEw$2A/rMWXO2MalZdh5hd4gbWYexoYip6qPZDyC0jg96MM",Vikas Mulchandani,student,,t,B.Sc. Biochem,785e7c89-2068-4c2c-8790-dbcf18b64a4a,2026-09-07 02:00:06.879652+00,2026-09-07 02:00:06.879652+00,2027,,B.Sc. Biochem
vikram.mundkur@presidency.edu.in,"$argon2id$v=19$m=19456,t=2,p=1$eArnrLW1/rRzVwcR87bxEw$2A/rMWXO2MalZdh5hd4gbWYexoYip6qPZDyC0jg96MM",Vikram Mundkur,student,,t,B.Sc. Biochem,785e7c89-2068-4c2c-8790-dbcf18b64a4a,2026-09-07 02:00:06.879652+00,2026-09-07 02:00:06.879652+00,2027,,B.Sc. Biochem
vikrant.munshi@presidency.edu.in,"$argon2id$v=19$m=19456,t=2,p=1$eArnrLW1/rRzVwcR87bxEw$2A/rMWXO2MalZdh5hd4gbWYexoYip6qPZDyC0jg96MM",Vikrant Munshi,student,,t,B.Sc. Biochem,785e7c89-2068-4c2c-8790-dbcf18b64a4a,2026-09-07 02:00:06.879652+00,2026-09-07 02:00:06.879652+00,2028,,B.Sc. Biochem
vimal.muranjan@presidency.edu.in,"$argon2id$v=19$m=19456,t=2,p=1$eArnrLW1/rRzVwcR87bxEw$2A/rMWXO2MalZdh5hd4gbWYexoYip6qPZDyC0jg96MM",Vimal Muranjan,student,,t,B.Sc. Biochem,785e7c89-2068-4c2c-8790-dbcf18b64a4a,2026-09-07 02:00:06.879652+00,2026-09-07 02:00:06.879652+00,2028,,B.Sc. Biochem
vinay.murty@presidency.edu.in,"$argon2id$v=19$m=19456,t=2,p=1$eArnrLW1/rRzVwcR87bxEw$2A/rMWXO2MalZdh5hd4gbWYexoYip6qPZDyC0jg96MM",Vinay Murty,student,,t,B.Sc. Biochem,785e7c89-2068-4c2c-8790-dbcf18b64a4a,2026-09-07 02:00:06.879652+00,2026-09-07 02:00:06.879652+00,2028,,B.Sc. Biochem
vinita.mungekar@presidency.edu.in,"$argon2id$v=19$m=19456,t=2,p=1$eArnrLW1/rRzVwcR87bxEw$2A/rMWXO2MalZdh5hd4gbWYexoYip6qPZDyC0jg96MM",Vinita Mungekar,student,,t,B.Sc. Biochem,785e7c89-2068-4c2c-8790-dbcf18b64a4a,2026-09-07 02:00:06.879652+00,2026-09-07 02:00:06.879652+00,2027,,B.Sc. Biochem
vinod.nadella@presidency.edu.in,"$argon2id$v=19$m=19456,t=2,p=1$eArnrLW1/rRzVwcR87bxEw$2A/rMWXO2MalZdh5hd4gbWYexoYip6qPZDyC0jg96MM",Vinod Nadella,student,,t,B.Sc. Biochem,785e7c89-2068-4c2c-8790-dbcf18b64a4a,2026-09-07 02:00:06.879652+00,2026-09-07 02:00:06.879652+00,2028,,B.Sc. Biochem
vipasha.muralidharan@presidency.edu.in,"$argon2id$v=19$m=19456,t=2,p=1$eArnrLW1/rRzVwcR87bxEw$2A/rMWXO2MalZdh5hd4gbWYexoYip6qPZDyC0jg96MM",Vipasha Muralidharan,student,,t,B.Sc. Biochem,785e7c89-2068-4c2c-8790-dbcf18b64a4a,2026-09-07 02:00:06.879652+00,2026-09-07 02:00:06.879652+00,2028,,B.Sc. Biochem
vipin.nag@presidency.edu.in,"$argon2id$v=19$m=19456,t=2,p=1$eArnrLW1/rRzVwcR87bxEw$2A/rMWXO2MalZdh5hd4gbWYexoYip6qPZDyC0jg96MM",Vipin Nag,student,,t,B.Sc. Biochem,785e7c89-2068-4c2c-8790-dbcf18b64a4a,2026-09-07 02:00:06.879652+00,2026-09-07 02:00:06.879652+00,2028,,B.Sc. Biochem
viraj.naik@presidency.edu.in,"$argon2id$v=19$m=19456,t=2,p=1$eArnrLW1/rRzVwcR87bxEw$2A/rMWXO2MalZdh5hd4gbWYexoYip6qPZDyC0jg96MM",Viraj Naik,student,,t,M.Sc. Maths,785e7c89-2068-4c2c-8790-dbcf18b64a4a,2026-09-07 02:00:06.879652+00,2026-09-07 02:00:06.879652+00,2026,,M.Sc. Maths
virendra.nagarkar@presidency.edu.in,"$argon2id$v=19$m=19456,t=2,p=1$eArnrLW1/rRzVwcR87bxEw$2A/rMWXO2MalZdh5hd4gbWYexoYip6qPZDyC0jg96MM",Virendra Nagarkar,student,,t,M.Sc. Maths,785e7c89-2068-4c2c-8790-dbcf18b64a4a,2026-09-07 02:00:06.879652+00,2026-09-07 02:00:06.879652+00,2026,,M.Sc. Maths
visakha.murthy@presidency.edu.in,"$argon2id$v=19$m=19456,t=2,p=1$eArnrLW1/rRzVwcR87bxEw$2A/rMWXO2MalZdh5hd4gbWYexoYip6qPZDyC0jg96MM",Visakha Murthy,student,,t,B.Sc. Biochem,785e7c89-2068-4c2c-8790-dbcf18b64a4a,2026-09-07 02:00:06.879652+00,2026-09-07 02:00:06.879652+00,2028,,B.Sc. Biochem
vishal.nambiar@presidency.edu.in,"$argon2id$v=19$m=19456,t=2,p=1$eArnrLW1/rRzVwcR87bxEw$2A/rMWXO2MalZdh5hd4gbWYexoYip6qPZDyC0jg96MM",Vishal Nambiar,student,,t,M.Sc. Maths,785e7c89-2068-4c2c-8790-dbcf18b64a4a,2026-09-07 02:00:06.879652+00,2026-09-07 02:00:06.879652+00,2026,,M.Sc. Maths
vishesh.nanavati@presidency.edu.in,"$argon2id$v=19$m=19456,t=2,p=1$eArnrLW1/rRzVwcR87bxEw$2A/rMWXO2MalZdh5hd4gbWYexoYip6qPZDyC0jg96MM",Vishesh Nanavati,student,,t,M.Sc. Maths,785e7c89-2068-4c2c-8790-dbcf18b64a4a,2026-09-07 02:00:06.879652+00,2026-09-07 02:00:06.879652+00,2026,,M.Sc. Maths
vishnu.nandigama@presidency.edu.in,"$argon2id$v=19$m=19456,t=2,p=1$eArnrLW1/rRzVwcR87bxEw$2A/rMWXO2MalZdh5hd4gbWYexoYip6qPZDyC0jg96MM",Vishnu Nandigama,student,,t,M.Sc. Maths,785e7c89-2068-4c2c-8790-dbcf18b64a4a,2026-09-07 02:00:06.879652+00,2026-09-07 02:00:06.879652+00,2026,,M.Sc. Maths
yamini.nadar@presidency.edu.in,"$argon2id$v=19$m=19456,t=2,p=1$eArnrLW1/rRzVwcR87bxEw$2A/rMWXO2MalZdh5hd4gbWYexoYip6qPZDyC0jg96MM",Yamini Nadar,student,,t,B.Sc. Biochem,785e7c89-2068-4c2c-8790-dbcf18b64a4a,2026-09-07 02:00:06.879652+00,2026-09-07 02:00:06.879652+00,2028,,B.Sc. Biochem
yashasvi.nadkarni@presidency.edu.in,"$argon2id$v=19$m=19456,t=2,p=1$eArnrLW1/rRzVwcR87bxEw$2A/rMWXO2MalZdh5hd4gbWYexoYip6qPZDyC0jg96MM",Yashasvi Nadkarni,student,,t,B.Sc. Biochem,785e7c89-2068-4c2c-8790-dbcf18b64a4a,2026-09-07 02:00:06.879652+00,2026-09-07 02:00:06.879652+00,2028,,B.Sc. Biochem
yashika.naganathan@presidency.edu.in,"$argon2id$v=19$m=19456,t=2,p=1$eArnrLW1/rRzVwcR87bxEw$2A/rMWXO2MalZdh5hd4gbWYexoYip6qPZDyC0jg96MM",Yashika Naganathan,student,,t,B.Sc. Biochem,785e7c89-2068-4c2c-8790-dbcf18b64a4a,2026-09-07 02:00:06.879652+00,2026-09-07 02:00:06.879652+00,2028,,B.Sc. Biochem
yashoda.nagpal@presidency.edu.in,"$argon2id$v=19$m=19456,t=2,p=1$eArnrLW1/rRzVwcR87bxEw$2A/rMWXO2MalZdh5hd4gbWYexoYip6qPZDyC0jg96MM",Yashoda Nagpal,student,,t,M.Sc. Maths,785e7c89-2068-4c2c-8790-dbcf18b64a4a,2026-09-07 02:00:06.879652+00,2026-09-07 02:00:06.879652+00,2026,,M.Sc. Maths
yukti.nair@presidency.edu.in,"$argon2id$v=19$m=19456,t=2,p=1$eArnrLW1/rRzVwcR87bxEw$2A/rMWXO2MalZdh5hd4gbWYexoYip6qPZDyC0jg96MM",Yukti Nair,student,,t,M.Sc. Maths,785e7c89-2068-4c2c-8790-dbcf18b64a4a,2026-09-07 02:00:06.879652+00,2026-09-07 02:00:06.879652+00,2026,,M.Sc. Maths
yuvika.namboodiri@presidency.edu.in,"$argon2id$v=19$m=19456,t=2,p=1$eArnrLW1/rRzVwcR87bxEw$2A/rMWXO2MalZdh5hd4gbWYexoYip6qPZDyC0jg96MM",Yuvika Namboodiri,student,,t,M.Sc. Maths,785e7c89-2068-4c2c-8790-dbcf18b64a4a,2026-09-07 02:00:06.879652+00,2026-09-07 02:00:06.879652+00,2026,,M.Sc. Maths
zara.nandy@presidency.edu.in,"$argon2id$v=19$m=19456,t=2,p=1$eArnrLW1/rRzVwcR87bxEw$2A/rMWXO2MalZdh5hd4gbWYexoYip6qPZDyC0jg96MM",Zara Nandy,student,,t,M.Sc. Maths,785e7c89-2068-4c2c-8790-dbcf18b64a4a,2026-09-07 02:00:06.879652+00,2026-09-07 02:00:06.879652+00,2026,,M.Sc. Maths
zoya.nanda@presidency.edu.in,"$argon2id$v=19$m=19456,t=2,p=1$eArnrLW1/rRzVwcR87bxEw$2A/rMWXO2MalZdh5hd4gbWYexoYip6qPZDyC0jg96MM",Zoya Nanda,student,,t,M.Sc. Maths,785e7c89-2068-4c2c-8790-dbcf18b64a4a,2026-09-07 02:00:06.879652+00,2026-09-07 02:00:06.879652+00,2026,,M.Sc. Maths